{"type": "FeatureCollection", "name": "histopedia-boundaries", "features": [{"type": "Feature", "properties": {"yucayeque": "AYMACO (Aguadilla)", "cacique": "Amamón"}, "geometry": {"type": "MultiPolygon", "coordinates": [[[[-67.270691, 18.364027], [-67.270691, 18.364584], [-67.270416, 18.364584], [-67.270691, 18.364027]]], [[[-67.270416, 18.364584], [-67.270416, 18.366528], [-67.270142, 18.366528], [-67.270142, 18.366806], [-67.269302, 18.366806], [-67.269302, 18.367083], [-67.268753, 18.367083], [-67.268753, 18.36764], [-67.268471, 18.36764], [-67.268471, 18.367916], [-67.268196, 18.367916], [-67.268196, 18.368195], [-67.267365, 18.368195], [-67.267365, 18.368473], [-67.266525, 18.368473], [-67.266525, 18.36875], [-67.264305, 18.36875], [-67.264305, 18.369028], [-67.263474, 18.369028], [-67.263474, 18.369305], [-67.263191, 18.369305], [-67.263191, 18.369583], [-67.262917, 18.369583], [-67.262917, 18.369862], [-67.262642, 18.369862], [-67.262642, 18.370417], [-67.261803, 18.370417], [-67.261803, 18.370695], [-67.260971, 18.370695], [-67.260971, 18.370972], [-67.258469, 18.370972], [-67.258469, 18.370695], [-67.258194, 18.370695], [-67.258194, 18.370972], [-67.25708, 18.370972], [-67.25708, 18.37125], [-67.256805, 18.37125], [-67.256805, 18.371529], [-67.256531, 18.371529], [-67.256531, 18.371805], [-67.254585, 18.371805], [-67.254585, 18.372084], [-67.253197, 18.372084], [-67.253197, 18.37236], [-67.252083, 18.37236], [-67.252083, 18.372639], [-67.250694, 18.372639], [-67.250694, 18.372915], [-67.250137, 18.372915], [-67.250137, 18.373194], [-67.248474, 18.373194], [-67.248474, 18.371805], [-67.248192, 18.371805], [-67.248192, 18.37125], [-67.247643, 18.37125], [-67.247643, 18.371805], [-67.24736, 18.371805], [-67.24736, 18.372084], [-67.247086, 18.372084], [-67.247086, 18.373194], [-67.246803, 18.373194], [-67.246803, 18.373472], [-67.246529, 18.373472], [-67.246529, 18.373751], [-67.245697, 18.373751], [-67.245697, 18.374027], [-67.245415, 18.374027], [-67.245415, 18.374306], [-67.24514, 18.374306], [-67.24514, 18.374584], [-67.244858, 18.374584], [-67.244858, 18.374861], [-67.244583, 18.374861], [-67.244583, 18.375137], [-67.243195, 18.375137], [-67.243195, 18.374861], [-67.24292, 18.374861], [-67.24292, 18.374584], [-67.241531, 18.374584], [-67.241531, 18.374861], [-67.241249, 18.374861], [-67.241249, 18.375137], [-67.240692, 18.375137], [-67.240692, 18.375416], [-67.240135, 18.375416], [-67.240135, 18.375694], [-67.239555, 18.375694], [-67.239304, 18.375694], [-67.239304, 18.375973], [-67.239029, 18.375973], [-67.239029, 18.376247], [-67.238747, 18.376247], [-67.238747, 18.37653], [-67.238197, 18.37653], [-67.238197, 18.376806], [-67.235695, 18.376806], [-67.235695, 18.377083], [-67.234863, 18.377083], [-67.234863, 18.377359], [-67.234581, 18.377359], [-67.234581, 18.377642], [-67.234024, 18.377642], [-67.234024, 18.377916], [-67.231529, 18.377916], [-67.231529, 18.378195], [-67.229858, 18.378195], [-67.229858, 18.378469], [-67.227364, 18.378469], [-67.227364, 18.378752], [-67.22625, 18.378752], [-67.22625, 18.379028], [-67.225975, 18.379028], [-67.225975, 18.379305], [-67.225136, 18.379305], [-67.225136, 18.379583], [-67.224304, 18.379583], [-67.224304, 18.379864], [-67.22403, 18.379864], [-67.22403, 18.380138], [-67.223747, 18.380138], [-67.223747, 18.380417], [-67.223198, 18.380417], [-67.223198, 18.380695], [-67.222359, 18.380695], [-67.222359, 18.380974], [-67.222084, 18.380974], [-67.222084, 18.38125], [-67.22097, 18.38125], [-67.22097, 18.381527], [-67.220139, 18.381527], [-67.220139, 18.381805], [-67.219582, 18.381805], [-67.219582, 18.382084], [-67.217918, 18.382084], [-67.217918, 18.38236], [-67.217636, 18.38236], [-67.217636, 18.382639], [-67.217361, 18.382639], [-67.217361, 18.38236], [-67.217087, 18.38236], [-67.217087, 18.382639], [-67.216248, 18.382639], [-67.216248, 18.382917], [-67.215698, 18.382917], [-67.215698, 18.383196], [-67.215416, 18.383196], [-67.215416, 18.383472], [-67.214859, 18.383472], [-67.214859, 18.383751], [-67.214027, 18.383751], [-67.214027, 18.384027], [-67.212364, 18.384027], [-67.212364, 18.384861], [-67.212082, 18.384861], [-67.212082, 18.385139], [-67.211807, 18.385139], [-67.211807, 18.385414], [-67.211525, 18.385414], [-67.211525, 18.385695], [-67.210419, 18.385695], [-67.210419, 18.38625], [-67.209587, 18.38625], [-67.209587, 18.386526], [-67.208748, 18.386526], [-67.208748, 18.387083], [-67.207085, 18.387083], [-67.207085, 18.387362], [-67.206802, 18.387362], [-67.206802, 18.387636], [-67.206528, 18.387636], [-67.206528, 18.387917], [-67.205414, 18.387917], [-67.205414, 18.388195], [-67.205139, 18.388195], [-67.205139, 18.38903], [-67.205414, 18.38903], [-67.205414, 18.389305], [-67.203751, 18.389305], [-67.203751, 18.38986], [-67.202919, 18.38986], [-67.202919, 18.390141], [-67.201248, 18.390141], [-67.201248, 18.390417], [-67.200691, 18.390417], [-67.200691, 18.390694], [-67.19986, 18.390694], [-67.19986, 18.39097], [-67.199028, 18.39097], [-67.199028, 18.391249], [-67.198753, 18.391249], [-67.198753, 18.391527], [-67.197083, 18.391527], [-67.197083, 18.391806], [-67.196808, 18.391806], [-67.196808, 18.392084], [-67.195694, 18.392084], [-67.195694, 18.392363], [-67.195137, 18.392363], [-67.195137, 18.392639], [-67.194862, 18.392639], [-67.194862, 18.392916], [-67.194305, 18.392916], [-67.194305, 18.393194], [-67.194031, 18.393194], [-67.194031, 18.393473], [-67.193192, 18.393473], [-67.193192, 18.394028], [-67.192642, 18.394028], [-67.192642, 18.394861], [-67.19236, 18.394861], [-67.19236, 18.395416], [-67.192085, 18.395416], [-67.192085, 18.395695], [-67.191528, 18.395695], [-67.191528, 18.395971], [-67.191254, 18.395971], [-67.191254, 18.39625], [-67.190971, 18.39625], [-67.190971, 18.396805], [-67.190697, 18.396805], [-67.190697, 18.397917], [-67.190971, 18.397917], [-67.190971, 18.398472], [-67.190697, 18.398472], [-67.190697, 18.39875], [-67.190414, 18.39875], [-67.190414, 18.399027], [-67.189857, 18.399027], [-67.189857, 18.399584], [-67.189583, 18.399584], [-67.189583, 18.39986], [-67.189026, 18.39986], [-67.189026, 18.400139], [-67.188469, 18.400139], [-67.188469, 18.400417], [-67.188194, 18.400417], [-67.188194, 18.400694], [-67.18792, 18.400694], [-67.18792, 18.400972], [-67.18708, 18.400972], [-67.18708, 18.401251], [-67.186249, 18.401251], [-67.186249, 18.401527], [-67.185692, 18.401527], [-67.185692, 18.401806], [-67.184586, 18.401806], [-67.184586, 18.402082], [-67.184029, 18.402082], [-67.184029, 18.402361], [-67.183746, 18.402361], [-67.183746, 18.402916], [-67.183197, 18.402916], [-67.183197, 18.403194], [-67.18264, 18.403194], [-67.18264, 18.403473], [-67.182083, 18.403473], [-67.182083, 18.403751], [-67.181526, 18.403751], [-67.181526, 18.40403], [-67.181252, 18.40403], [-67.181252, 18.404306], [-67.180138, 18.404306], [-67.180138, 18.404581], [-67.179863, 18.404581], [-67.179863, 18.40486], [-67.179306, 18.40486], [-67.179306, 18.40514], [-67.178749, 18.40514], [-67.178749, 18.405416], [-67.177917, 18.405416], [-67.177917, 18.405695], [-67.177086, 18.405695], [-67.177086, 18.405416], [-67.176804, 18.405416], [-67.176804, 18.40597], [-67.176529, 18.40597], [-67.176529, 18.406805], [-67.175697, 18.406805], [-67.175697, 18.407084], [-67.174309, 18.407084], [-67.174309, 18.407364], [-67.174026, 18.407364], [-67.174026, 18.407639], [-67.172081, 18.407639], [-67.172081, 18.407917], [-67.171524, 18.407917], [-67.171524, 18.408194], [-67.170418, 18.408194], [-67.170418, 18.408472], [-67.170135, 18.408472], [-67.170135, 18.408751], [-67.169861, 18.408751], [-67.169861, 18.409027], [-67.169586, 18.409027], [-67.169586, 18.409306], [-67.169029, 18.409306], [-67.169029, 18.409586], [-67.168472, 18.409586], [-67.168472, 18.409861], [-67.167641, 18.409861], [-67.167641, 18.410139], [-67.167358, 18.410139], [-67.167358, 18.410418], [-67.167084, 18.410418], [-67.167084, 18.410694], [-67.166809, 18.410694], [-67.166809, 18.410973], [-67.166252, 18.410973], [-67.166252, 18.411249], [-67.165695, 18.411249], [-67.165695, 18.411528], [-67.164864, 18.411528], [-67.164864, 18.411804], [-67.16375, 18.411804], [-67.16375, 18.412083], [-67.163475, 18.412083], [-67.163475, 18.412361], [-67.163193, 18.412361], [-67.163193, 18.413195], [-67.162918, 18.413195], [-67.162918, 18.413473], [-67.162636, 18.413473], [-67.162636, 18.41375], [-67.162086, 18.41375], [-67.162086, 18.414026], [-67.160698, 18.414026], [-67.160698, 18.414305], [-67.160416, 18.414305], [-67.160416, 18.415138], [-67.160141, 18.415138], [-67.160141, 18.415417], [-67.160034, 18.415417], [-67.159859, 18.415417], [-67.159859, 18.415695], [-67.159584, 18.415695], [-67.159584, 18.415972], [-67.159302, 18.415972], [-67.159302, 18.416248], [-67.159027, 18.416248], [-67.159027, 18.416531], [-67.158752, 18.416531], [-67.158752, 18.416805], [-67.15847, 18.416805], [-67.15847, 18.417084], [-67.158195, 18.417084], [-67.158195, 18.417358], [-67.157913, 18.417358], [-67.157913, 18.417917], [-67.157639, 18.417917], [-67.157639, 18.418194], [-67.157364, 18.418194], [-67.157364, 18.41847], [-67.157082, 18.41847], [-67.157082, 18.418753], [-67.156807, 18.418753], [-67.156807, 18.419863], [-67.156525, 18.419863], [-67.156525, 18.421249], [-67.15625, 18.421249], [-67.15625, 18.422916], [-67.155975, 18.422916], [-67.155975, 18.42375], [-67.155693, 18.42375], [-67.155693, 18.424028], [-67.155418, 18.424028], [-67.155418, 18.425694], [-67.155693, 18.425694], [-67.155693, 18.42625], [-67.15625, 18.42625], [-67.15625, 18.426805], [-67.156525, 18.426805], [-67.156525, 18.427084], [-67.156807, 18.427084], [-67.156807, 18.427637], [-67.156525, 18.427637], [-67.156525, 18.428473], [-67.15625, 18.428473], [-67.15625, 18.429028], [-67.155975, 18.429028], [-67.155975, 18.430141], [-67.155693, 18.430141], [-67.155693, 18.430695], [-67.155418, 18.430695], [-67.155418, 18.431805], [-67.155693, 18.431805], [-67.155693, 18.433195], [-67.155418, 18.433195], [-67.155418, 18.434029], [-67.155693, 18.434029], [-67.155693, 18.434305], [-67.155975, 18.434305], [-67.155975, 18.43486], [-67.15625, 18.43486], [-67.15625, 18.435417], [-67.156525, 18.435417], [-67.156525, 18.437361], [-67.156807, 18.437361], [-67.156807, 18.439861], [-67.157082, 18.439861], [-67.157082, 18.440416], [-67.157364, 18.440416], [-67.157364, 18.440971], [-67.157639, 18.440971], [-67.157639, 18.441805], [-67.157913, 18.441805], [-67.157913, 18.443195], [-67.158195, 18.443195], [-67.158195, 18.443472], [-67.15847, 18.443472], [-67.15847, 18.443748], [-67.158752, 18.443748], [-67.158752, 18.444862], [-67.159027, 18.444862], [-67.159027, 18.445141], [-67.159584, 18.445141], [-67.159584, 18.444862], [-67.160141, 18.444862], [-67.160141, 18.444584], [-67.160416, 18.444584], [-67.160416, 18.445141], [-67.160141, 18.445141], [-67.160141, 18.445417], [-67.159584, 18.445417], [-67.159584, 18.445972], [-67.159859, 18.445972], [-67.159859, 18.446806], [-67.160141, 18.446806], [-67.160141, 18.447081], [-67.160416, 18.447081], [-67.160416, 18.447639], [-67.160698, 18.447639], [-67.160698, 18.448195], [-67.160973, 18.448195], [-67.160973, 18.449028], [-67.161247, 18.449028], [-67.161247, 18.449306], [-67.160973, 18.449306], [-67.160973, 18.450138], [-67.161247, 18.450138], [-67.161247, 18.452084], [-67.16153, 18.452084], [-67.16153, 18.452639], [-67.161804, 18.452639], [-67.161804, 18.452915], [-67.162086, 18.452915], [-67.162086, 18.453472], [-67.162361, 18.453472], [-67.162361, 18.453751], [-67.162636, 18.453751], [-67.162636, 18.454584], [-67.162361, 18.454584], [-67.162361, 18.454861], [-67.162636, 18.454861], [-67.162636, 18.456528], [-67.163193, 18.456528], [-67.163193, 18.456806], [-67.16375, 18.456806], [-67.16375, 18.457083], [-67.164307, 18.457083], [-67.164307, 18.457359], [-67.164581, 18.457359], [-67.164581, 18.457916], [-67.164864, 18.457916], [-67.164864, 18.458752], [-67.165138, 18.458752], [-67.165138, 18.459028], [-67.165413, 18.459028], [-67.165413, 18.459583], [-67.165695, 18.459583], [-67.165695, 18.459864], [-67.16597, 18.459864], [-67.16597, 18.460695], [-67.166527, 18.460695], [-67.166527, 18.46125], [-67.166809, 18.46125], [-67.166809, 18.461527], [-67.167358, 18.461527], [-67.167358, 18.461805], [-67.167641, 18.461805], [-67.167641, 18.46236], [-67.167915, 18.46236], [-67.167915, 18.462917], [-67.168198, 18.462917], [-67.168198, 18.464027], [-67.168472, 18.464027], [-67.168472, 18.464582], [-67.168747, 18.464582], [-67.168747, 18.465694], [-67.169029, 18.465694], [-67.169029, 18.467083], [-67.169304, 18.467083], [-67.169304, 18.470694], [-67.169586, 18.470694], [-67.169586, 18.471527], [-67.169304, 18.471527], [-67.169304, 18.473194], [-67.169586, 18.473194], [-67.169586, 18.475695], [-67.169304, 18.475695], [-67.169304, 18.476528], [-67.169029, 18.476528], [-67.169029, 18.478195], [-67.169304, 18.478195], [-67.169304, 18.479029], [-67.169029, 18.479029], [-67.169029, 18.479305], [-67.169304, 18.479305], [-67.169304, 18.480139], [-67.169029, 18.480139], [-67.169029, 18.480417], [-67.168747, 18.480417], [-67.168747, 18.480694], [-67.168198, 18.480694], [-67.168198, 18.480972], [-67.167641, 18.480972], [-67.167641, 18.481251], [-67.167358, 18.481251], [-67.167358, 18.483473], [-67.167084, 18.483473], [-67.167084, 18.484583], [-67.166809, 18.484583], [-67.166809, 18.484859], [-67.166527, 18.484859], [-67.166527, 18.485416], [-67.16597, 18.485416], [-67.16597, 18.485695], [-67.165695, 18.485695], [-67.165695, 18.486252], [-67.165413, 18.486252], [-67.165413, 18.487083], [-67.165138, 18.487083], [-67.165138, 18.487917], [-67.164864, 18.487917], [-67.164864, 18.488194], [-67.164581, 18.488194], [-67.164581, 18.488474], [-67.164307, 18.488474], [-67.164307, 18.48875], [-67.164024, 18.48875], [-67.164024, 18.489027], [-67.163475, 18.489027], [-67.163475, 18.48875], [-67.163193, 18.48875], [-67.163193, 18.489027], [-67.162918, 18.489027], [-67.162918, 18.48875], [-67.162636, 18.48875], [-67.162636, 18.489027], [-67.162361, 18.489027], [-67.162361, 18.489305], [-67.161804, 18.489305], [-67.161804, 18.489586], [-67.16153, 18.489586], [-67.16153, 18.489861], [-67.160698, 18.489861], [-67.160698, 18.490139], [-67.159859, 18.490139], [-67.159859, 18.489861], [-67.159027, 18.489861], [-67.159027, 18.490139], [-67.157639, 18.490139], [-67.157639, 18.489861], [-67.157082, 18.489861], [-67.157082, 18.490139], [-67.156525, 18.490139], [-67.156525, 18.490417], [-67.155975, 18.490417], [-67.155975, 18.490973], [-67.155136, 18.490973], [-67.155136, 18.491249], [-67.154861, 18.491249], [-67.154861, 18.491804], [-67.154587, 18.491804], [-67.154587, 18.492083], [-67.154305, 18.492083], [-67.154305, 18.49264], [-67.15403, 18.49264], [-67.15403, 18.492916], [-67.153748, 18.492916], [-67.153748, 18.493473], [-67.153473, 18.493473], [-67.153473, 18.494305], [-67.153748, 18.494305], [-67.153748, 18.494862], [-67.153473, 18.494862], [-67.153473, 18.495695], [-67.153198, 18.495695], [-67.153198, 18.496248], [-67.152916, 18.496248], [-67.152916, 18.496531], [-67.152641, 18.496531], [-67.152641, 18.496248], [-67.152084, 18.496248], [-67.152084, 18.496531], [-67.151802, 18.496531], [-67.151802, 18.497641], [-67.151527, 18.497641], [-67.151527, 18.497917], [-67.151253, 18.497917], [-67.151253, 18.498194], [-67.150696, 18.498194], [-67.150696, 18.49847], [-67.150139, 18.49847], [-67.150139, 18.498753], [-67.149582, 18.498753], [-67.149582, 18.499027], [-67.149025, 18.499027], [-67.149025, 18.499306], [-67.14875, 18.499306], [-67.14875, 18.499584], [-67.148476, 18.499584], [-67.148476, 18.499863], [-67.148193, 18.499863], [-67.148193, 18.500139], [-67.147919, 18.500139], [-67.147919, 18.500416], [-67.147636, 18.500416], [-67.147636, 18.500973], [-67.147362, 18.500973], [-67.147362, 18.501249], [-67.147087, 18.501249], [-67.147087, 18.501528], [-67.146805, 18.501528], [-67.146805, 18.501806], [-67.14653, 18.501806], [-67.14653, 18.502085], [-67.146248, 18.502085], [-67.146248, 18.502361], [-67.145973, 18.502361], [-67.145973, 18.50264], [-67.145691, 18.50264], [-67.145691, 18.502916], [-67.145416, 18.502916], [-67.145416, 18.503195], [-67.144585, 18.503195], [-67.144585, 18.503471], [-67.143753, 18.503471], [-67.143753, 18.50375], [-67.143471, 18.50375], [-67.143471, 18.504028], [-67.143196, 18.504028], [-67.143196, 18.504307], [-67.142914, 18.504307], [-67.142914, 18.504862], [-67.142639, 18.504862], [-67.142639, 18.505138], [-67.142082, 18.505138], [-67.142082, 18.505417], [-67.141525, 18.505417], [-67.141525, 18.505695], [-67.141251, 18.505695], [-67.141251, 18.505972], [-67.140419, 18.505972], [-67.140419, 18.50625], [-67.139305, 18.50625], [-67.139305, 18.506527], [-67.13903, 18.506527], [-67.13903, 18.507084], [-67.138474, 18.507084], [-67.138474, 18.507917], [-67.137085, 18.507917], [-67.137085, 18.508194], [-67.136528, 18.508194], [-67.136528, 18.508472], [-67.135414, 18.508472], [-67.135414, 18.508194], [-67.134583, 18.508194], [-67.134583, 18.507917], [-67.134308, 18.507917], [-67.134308, 18.507639], [-67.132919, 18.507639], [-67.132919, 18.507917], [-67.132637, 18.507917], [-67.132637, 18.508194], [-67.132362, 18.508194], [-67.132362, 18.507917], [-67.131531, 18.507917], [-67.131531, 18.508194], [-67.131248, 18.508194], [-67.131248, 18.508472], [-67.130417, 18.508472], [-67.130417, 18.509027], [-67.12986, 18.509027], [-67.12986, 18.509583], [-67.129585, 18.509583], [-67.129585, 18.509859], [-67.129303, 18.509859], [-67.129303, 18.510141], [-67.128197, 18.510141], [-67.128197, 18.510416], [-67.127083, 18.510416], [-67.127083, 18.510695], [-67.126251, 18.510695], [-67.126251, 18.510971], [-67.125694, 18.510971], [-67.125694, 18.511251], [-67.12542, 18.511251], [-67.12542, 18.51153], [-67.124306, 18.51153], [-67.124306, 18.511806], [-67.122086, 18.511806], [-67.122086, 18.512081], [-67.120697, 18.512081], [-67.120697, 18.51236], [-67.118752, 18.51236], [-67.118752, 18.512638], [-67.115692, 18.512638], [-67.115692, 18.512917], [-67.114304, 18.512917], [-67.114304, 18.513195], [-67.11264, 18.513195], [-67.11264, 18.512917], [-67.112358, 18.512917], [-67.112358, 18.512638], [-67.111526, 18.512638], [-67.111526, 18.512081], [-67.11042, 18.512081], [-67.11042, 18.511806], [-67.106247, 18.511806], [-67.106247, 18.51236], [-67.103752, 18.51236], [-67.103752, 18.512638], [-67.102913, 18.512638], [-67.102913, 18.513195], [-67.102638, 18.513195], [-67.102638, 18.513474], [-67.102364, 18.513474], [-67.102364, 18.51375], [-67.101807, 18.51375], [-67.101807, 18.514305], [-67.101524, 18.514305], [-67.101524, 18.514584], [-67.100975, 18.514584], [-67.100975, 18.514862], [-67.100418, 18.514862], [-67.100418, 18.515139], [-67.100136, 18.515139], [-67.100136, 18.515417], [-67.099579, 18.515417], [-67.09375, 18.515417], [-67.09375, 18.515694], [-67.092361, 18.515694], [-67.092361, 18.515972], [-67.090698, 18.515972], [-67.090698, 18.515694], [-67.089584, 18.515694], [-67.089584, 18.515417], [-67.08847, 18.515417], [-67.08847, 18.515139], [-67.088196, 18.515139], [-67.088196, 18.514862], [-67.087364, 18.514862], [-67.087364, 18.514584], [-67.084305, 18.514584], [-67.084305, 18.514305], [-67.08403, 18.514305], [-67.08403, 18.514029], [-67.081253, 18.514029], [-67.081253, 18.51375], [-67.080696, 18.51375], [-67.080696, 18.513474], [-67.080414, 18.513474], [-67.080414, 18.513195], [-67.076248, 18.513195], [-67.076248, 18.513474], [-67.075691, 18.513474], [-67.075691, 18.51375], [-67.075417, 18.51375], [-67.075417, 18.514029], [-67.075142, 18.514029], [-67.075142, 18.514305], [-67.07486, 18.514305], [-67.07486, 18.514584], [-67.072914, 18.514584], [-67.072914, 18.514029], [-67.072365, 18.514029], [-67.072365, 18.513195], [-67.069031, 18.513195], [-67.069031, 18.512917], [-67.065414, 18.512917], [-67.065414, 18.513474], [-67.064308, 18.513474], [-67.064308, 18.51375], [-67.063194, 18.51375], [-67.063194, 18.514029], [-67.062363, 18.514029], [-67.062363, 18.51375], [-67.06208, 18.51375], [-67.06208, 18.513474], [-67.060417, 18.513474], [-67.060417, 18.51375], [-67.060143, 18.51375], [-67.060143, 18.514029], [-67.058746, 18.514029], [-67.058746, 18.514305], [-67.057915, 18.514305], [-67.057915, 18.514029], [-67.057083, 18.514029], [-67.057083, 18.51375], [-67.056808, 18.51375], [-67.056808, 18.513474], [-67.056252, 18.513474], [-67.056252, 18.51375], [-67.055969, 18.51375], [-67.055969, 18.514029], [-67.054031, 18.514029], [-67.054031, 18.514862], [-67.053749, 18.514862], [-67.053749, 18.515417], [-67.050972, 18.515417], [-67.050972, 18.515139], [-67.050415, 18.515139], [-67.050415, 18.514862], [-67.049583, 18.514862], [-67.049583, 18.514305], [-67.049309, 18.514305], [-67.049309, 18.51375], [-67.049026, 18.51375], [-67.049026, 18.512917], [-67.045692, 18.512917], [-67.045692, 18.51236], [-67.044861, 18.51236], [-67.044861, 18.512638], [-67.043747, 18.512638], [-67.043747, 18.512917], [-67.039307, 18.512917], [-67.039307, 18.51236], [-67.037636, 18.51236], [-67.037636, 18.512081], [-67.035698, 18.512081], [-67.035698, 18.511806], [-67.035416, 18.511806], [-67.035416, 18.51153], [-67.034584, 18.51153], [-67.034584, 18.511251], [-67.033195, 18.511251], [-67.033195, 18.510971], [-67.03347, 18.510971], [-67.03347, 18.510416], [-67.031807, 18.510416], [-67.031807, 18.510141], [-67.030136, 18.510141], [-67.030136, 18.509859], [-67.029305, 18.509859], [-67.029305, 18.509306], [-67.028748, 18.509306], [-67.028748, 18.509027], [-67.028473, 18.509027], [-67.028473, 18.508751], [-67.028198, 18.508751], [-67.028198, 18.508472], [-67.027359, 18.508472], [-67.027359, 18.508751], [-67.024025, 18.508751], [-67.024025, 18.508194], [-67.022087, 18.508194], [-67.022087, 18.508751], [-67.02153, 18.508751], [-67.02153, 18.509027], [-67.021248, 18.509027], [-67.021248, 18.509306], [-67.020973, 18.509306], [-67.020973, 18.509583], [-67.020416, 18.509583], [-67.020416, 18.509859], [-67.020142, 18.509859], [-67.020142, 18.510416], [-67.02153, 18.510416], [-67.02153, 18.51153], [-67.019859, 18.51153], [-67.019859, 18.511251], [-67.017914, 18.511251], [-67.017914, 18.510971], [-67.016808, 18.510971], [-67.016808, 18.510695], [-67.016525, 18.510695], [-67.016525, 18.510416], [-67.015976, 18.510416], [-67.015976, 18.510141], [-67.015694, 18.510141], [-67.015694, 18.509859], [-67.015419, 18.509859], [-67.015419, 18.508472], [-67.014862, 18.508472], [-67.014862, 18.508194], [-67.01458, 18.508194], [-67.01458, 18.507917], [-67.013474, 18.507917], [-67.013474, 18.508194], [-67.012642, 18.508194], [-67.012642, 18.50736], [-67.012085, 18.50736], [-67.012085, 18.507084], [-67.011803, 18.507084], [-67.011803, 18.506805], [-67.011528, 18.506805], [-67.011528, 18.506527], [-67.011253, 18.506527], [-67.011253, 18.50625], [-67.010696, 18.50625], [-67.010696, 18.506805], [-67.010414, 18.506805], [-67.010414, 18.507084], [-67.009865, 18.507084], [-67.009865, 18.506527], [-67.009583, 18.506527], [-67.009583, 18.505972], [-67.008751, 18.505972], [-67.008751, 18.50625], [-67.007919, 18.50625], [-67.007919, 18.505972], [-67.006805, 18.505972], [-67.006805, 18.505695], [-67.006248, 18.505695], [-67.006248, 18.505138], [-67.005974, 18.505138], [-67.005974, 18.504862], [-67.005692, 18.504862], [-67.005692, 18.504583], [-67.004028, 18.504583], [-67.004028, 18.504028], [-67.003754, 18.504028], [-67.003754, 18.503471], [-67.002357, 18.503471], [-67.002357, 18.502916], [-67.000137, 18.502916], [-66.999863, 18.502916], [-66.999863, 18.502361], [-66.99958, 18.502361], [-66.99958, 18.50264], [-66.998474, 18.50264], [-66.998474, 18.502361], [-66.997917, 18.502361], [-66.997917, 18.502085], [-66.997643, 18.502085], [-66.997643, 18.501806], [-66.99736, 18.501806], [-66.99736, 18.501528], [-66.997086, 18.501528], [-66.997086, 18.501249], [-66.996529, 18.501249], [-66.996529, 18.501528], [-66.995972, 18.501528], [-66.995972, 18.501806], [-66.99514, 18.501806], [-66.99514, 18.501528], [-66.994858, 18.501528], [-66.994858, 18.501249], [-66.994308, 18.501249], [-66.994308, 18.500139], [-66.994026, 18.500139], [-66.994026, 18.499863], [-66.99292, 18.499863], [-66.99292, 18.500139], [-66.991531, 18.500139], [-66.991531, 18.499863], [-66.991249, 18.499863], [-66.991249, 18.499027], [-66.990974, 18.499027], [-66.990974, 18.498753], [-66.990417, 18.498753], [-66.990417, 18.499027], [-66.989861, 18.499027], [-66.989861, 18.49847], [-66.989586, 18.49847], [-66.989586, 18.497917], [-66.989029, 18.497917], [-66.989029, 18.497641], [-66.988472, 18.497641], [-66.988472, 18.497917], [-66.987358, 18.497917], [-66.987358, 18.497084], [-66.987083, 18.497084], [-66.987083, 18.496805], [-66.986809, 18.496805], [-66.986809, 18.496531], [-66.986526, 18.496531], [-66.986526, 18.495972], [-66.986252, 18.495972], [-66.986252, 18.495695], [-66.98597, 18.495695], [-66.98597, 18.495417], [-66.985695, 18.495417], [-66.985695, 18.495136], [-66.98542, 18.495136], [-66.98542, 18.494862], [-66.985138, 18.494862], [-66.985138, 18.494583], [-66.984024, 18.494583], [-66.984024, 18.494305], [-66.983749, 18.494305], [-66.983749, 18.494026], [-66.983192, 18.494026], [-66.983192, 18.49375], [-66.982918, 18.49375], [-66.982918, 18.493473], [-66.982635, 18.493473], [-66.982635, 18.493195], [-66.982361, 18.493195], [-66.982361, 18.492916], [-66.980415, 18.492916], [-66.980415, 18.49264], [-66.980141, 18.49264], [-66.980141, 18.492361], [-66.979858, 18.492361], [-66.979858, 18.492083], [-66.979584, 18.492083], [-66.979584, 18.491804], [-66.979027, 18.491804], [-66.979027, 18.491528], [-66.978752, 18.491528], [-66.978752, 18.491249], [-66.977575, 18.471713], [-66.939139, 18.416375], [-66.962037, 18.320914], [-67.270416, 18.364584]]]]}}, {"type": "Feature", "properties": {"yucayeque": "ABACOA (Approximately from Quebradillas to Arecibo)", "cacique": "Arasibo"}, "geometry": {"type": "MultiPolygon", "coordinates": [[[[-66.978752, 18.491249], [-66.977913, 18.491389], [-66.977913, 18.491528], [-66.977079, 18.491528], [-66.975418, 18.491804], [-66.974861, 18.491804], [-66.974861, 18.492083], [-66.973747, 18.492083], [-66.973747, 18.492361], [-66.973198, 18.492361], [-66.973198, 18.49264], [-66.972916, 18.49264], [-66.972916, 18.493195], [-66.972641, 18.493195], [-66.972641, 18.493473], [-66.972084, 18.493473], [-66.972084, 18.494026], [-66.97097, 18.494026], [-66.97097, 18.49375], [-66.971252, 18.49375], [-66.971252, 18.493195], [-66.97097, 18.493195], [-66.97097, 18.492916], [-66.969582, 18.492916], [-66.969582, 18.49264], [-66.969025, 18.49264], [-66.969025, 18.492361], [-66.967918, 18.492361], [-66.967918, 18.492083], [-66.965141, 18.492083], [-66.965141, 18.491804], [-66.964584, 18.491804], [-66.964584, 18.491528], [-66.964027, 18.491528], [-66.964027, 18.491249], [-66.962914, 18.491249], [-66.962914, 18.490973], [-66.962364, 18.490973], [-66.962364, 18.491249], [-66.962082, 18.491249], [-66.962082, 18.491528], [-66.961525, 18.491528], [-66.961525, 18.491804], [-66.960976, 18.491804], [-66.960976, 18.490973], [-66.960693, 18.490973], [-66.960693, 18.490696], [-66.960136, 18.490696], [-66.960136, 18.490973], [-66.959587, 18.490973], [-66.959587, 18.490696], [-66.959236, 18.490696], [-66.95903, 18.490696], [-66.95903, 18.490435], [-66.95903, 18.489305], [-66.958748, 18.489305], [-66.958748, 18.489027], [-66.958473, 18.489027], [-66.958473, 18.48875], [-66.957085, 18.48875], [-66.957085, 18.489027], [-66.956528, 18.489027], [-66.956528, 18.48875], [-66.954865, 18.48875], [-66.954865, 18.488474], [-66.954308, 18.488474], [-66.954308, 18.48875], [-66.953476, 18.48875], [-66.953476, 18.489027], [-66.952919, 18.489027], [-66.952919, 18.489305], [-66.952637, 18.489305], [-66.952637, 18.489586], [-66.952362, 18.489586], [-66.952362, 18.489861], [-66.951805, 18.489861], [-66.951805, 18.490139], [-66.95153, 18.490139], [-66.95153, 18.490417], [-66.951248, 18.490417], [-66.951248, 18.490696], [-66.950691, 18.490696], [-66.950691, 18.490973], [-66.950417, 18.490973], [-66.950417, 18.491249], [-66.94986, 18.491249], [-66.94986, 18.490973], [-66.949585, 18.490973], [-66.949585, 18.490696], [-66.949028, 18.490696], [-66.949028, 18.490973], [-66.948471, 18.490973], [-66.948471, 18.491249], [-66.948196, 18.491249], [-66.948196, 18.491528], [-66.947914, 18.491528], [-66.947914, 18.491804], [-66.947365, 18.491804], [-66.947365, 18.491528], [-66.946808, 18.491528], [-66.946808, 18.491249], [-66.945969, 18.491249], [-66.945969, 18.491528], [-66.943748, 18.491528], [-66.943748, 18.491804], [-66.943192, 18.491804], [-66.943192, 18.491528], [-66.942917, 18.491528], [-66.942917, 18.491249], [-66.942642, 18.491249], [-66.942642, 18.490973], [-66.941254, 18.490973], [-66.941254, 18.491249], [-66.940971, 18.491249], [-66.940971, 18.491528], [-66.939857, 18.491528], [-66.939857, 18.491249], [-66.938751, 18.491249], [-66.938751, 18.490973], [-66.938469, 18.490973], [-66.938469, 18.490417], [-66.938194, 18.490417], [-66.938194, 18.490139], [-66.937637, 18.490139], [-66.937637, 18.490417], [-66.937363, 18.490417], [-66.937363, 18.490696], [-66.936249, 18.490696], [-66.936249, 18.490139], [-66.935692, 18.490139], [-66.935692, 18.489861], [-66.93486, 18.489861], [-66.93486, 18.489586], [-66.933197, 18.489586], [-66.933197, 18.489305], [-66.93264, 18.489305], [-66.93264, 18.489027], [-66.931252, 18.489027], [-66.931252, 18.48875], [-66.930695, 18.48875], [-66.930695, 18.488474], [-66.93042, 18.488474], [-66.93042, 18.487917], [-66.929863, 18.487917], [-66.929863, 18.487638], [-66.929306, 18.487638], [-66.929306, 18.487917], [-66.928749, 18.487917], [-66.928749, 18.488194], [-66.928192, 18.488194], [-66.928192, 18.488474], [-66.927361, 18.488474], [-66.927361, 18.488194], [-66.927086, 18.488194], [-66.927086, 18.487917], [-66.926804, 18.487917], [-66.926804, 18.487638], [-66.924858, 18.487638], [-66.924858, 18.487364], [-66.924309, 18.487364], [-66.924309, 18.487083], [-66.924026, 18.487083], [-66.924026, 18.486805], [-66.92347, 18.486805], [-66.92347, 18.486528], [-66.921806, 18.486528], [-66.921806, 18.486252], [-66.921249, 18.486252], [-66.921249, 18.48597], [-66.920692, 18.48597], [-66.920692, 18.485695], [-66.920418, 18.485695], [-66.920418, 18.485416], [-66.919586, 18.485416], [-66.919586, 18.485138], [-66.918472, 18.485138], [-66.918472, 18.484859], [-66.916527, 18.484859], [-66.916527, 18.484583], [-66.91597, 18.484583], [-66.91597, 18.484306], [-66.915138, 18.484306], [-66.915138, 18.484583], [-66.914024, 18.484583], [-66.914024, 18.484859], [-66.91375, 18.484859], [-66.91375, 18.484583], [-66.913475, 18.484583], [-66.913475, 18.484306], [-66.912361, 18.484306], [-66.912361, 18.48403], [-66.911804, 18.48403], [-66.911804, 18.483749], [-66.909859, 18.483749], [-66.909859, 18.48403], [-66.908752, 18.48403], [-66.908752, 18.483749], [-66.907913, 18.483749], [-66.907913, 18.483473], [-66.905975, 18.483473], [-66.905975, 18.483749], [-66.905693, 18.483749], [-66.905693, 18.48403], [-66.904861, 18.48403], [-66.904861, 18.484306], [-66.903748, 18.484306], [-66.903748, 18.483749], [-66.903198, 18.483749], [-66.903198, 18.483473], [-66.902916, 18.483473], [-66.902916, 18.483749], [-66.901642, 18.483749], [-66.901527, 18.483749], [-66.901527, 18.483473], [-66.90097, 18.483473], [-66.90097, 18.483749], [-66.900696, 18.483749], [-66.900696, 18.48403], [-66.899864, 18.48403], [-66.899864, 18.484306], [-66.89875, 18.484306], [-66.89875, 18.484583], [-66.898476, 18.484583], [-66.898476, 18.484859], [-66.897636, 18.484859], [-66.897636, 18.485138], [-66.895416, 18.485138], [-66.895416, 18.484859], [-66.894302, 18.484859], [-66.894302, 18.485138], [-66.893753, 18.485138], [-66.893753, 18.485416], [-66.891808, 18.485416], [-66.891808, 18.485695], [-66.890694, 18.485695], [-66.890694, 18.48597], [-66.890419, 18.48597], [-66.890419, 18.486252], [-66.890137, 18.486252], [-66.890137, 18.486528], [-66.889862, 18.486528], [-66.889862, 18.486805], [-66.88958, 18.486805], [-66.88958, 18.487083], [-66.889305, 18.487083], [-66.889305, 18.487364], [-66.888474, 18.487364], [-66.888474, 18.487638], [-66.885696, 18.487638], [-66.885696, 18.487364], [-66.884583, 18.487364], [-66.884583, 18.487638], [-66.884308, 18.487638], [-66.884308, 18.487917], [-66.884026, 18.487917], [-66.884026, 18.488194], [-66.883194, 18.488194], [-66.883194, 18.488474], [-66.882362, 18.488474], [-66.882362, 18.48875], [-66.880142, 18.48875], [-66.880142, 18.489027], [-66.877083, 18.489027], [-66.877083, 18.489305], [-66.87542, 18.489305], [-66.87542, 18.489586], [-66.874863, 18.489586], [-66.874863, 18.489305], [-66.874031, 18.489305], [-66.874031, 18.489027], [-66.873474, 18.489027], [-66.873474, 18.48875], [-66.872086, 18.48875], [-66.872086, 18.489027], [-66.870697, 18.489027], [-66.870697, 18.489586], [-66.870415, 18.489586], [-66.870415, 18.490139], [-66.87014, 18.490139], [-66.87014, 18.490417], [-66.869308, 18.490417], [-66.869308, 18.490139], [-66.86792, 18.490139], [-66.86792, 18.490417], [-66.867363, 18.490417], [-66.867363, 18.490696], [-66.867081, 18.490696], [-66.867081, 18.491804], [-66.866806, 18.491804], [-66.866806, 18.492083], [-66.866531, 18.492083], [-66.866531, 18.492361], [-66.865974, 18.492361], [-66.865974, 18.491528], [-66.865692, 18.491528], [-66.865692, 18.491249], [-66.865417, 18.491249], [-66.865417, 18.490973], [-66.864861, 18.490973], [-66.864861, 18.490696], [-66.863197, 18.490696], [-66.863197, 18.490417], [-66.861809, 18.490417], [-66.861809, 18.490696], [-66.86097, 18.490696], [-66.86097, 18.490973], [-66.86042, 18.490973], [-66.86042, 18.490696], [-66.859863, 18.490696], [-66.859863, 18.490417], [-66.857361, 18.490417], [-66.857361, 18.490696], [-66.856529, 18.490696], [-66.856529, 18.490973], [-66.855972, 18.490973], [-66.855972, 18.490696], [-66.855415, 18.490696], [-66.855415, 18.490417], [-66.852364, 18.490417], [-66.852364, 18.490696], [-66.852081, 18.490696], [-66.852081, 18.490973], [-66.85125, 18.490973], [-66.85125, 18.490696], [-66.850975, 18.490696], [-66.850975, 18.490417], [-66.850693, 18.490417], [-66.850693, 18.490139], [-66.850418, 18.490139], [-66.850418, 18.489861], [-66.84903, 18.489861], [-66.84903, 18.490139], [-66.847641, 18.490139], [-66.847641, 18.489861], [-66.846802, 18.489861], [-66.846802, 18.489586], [-66.846527, 18.489586], [-66.846527, 18.489305], [-66.846252, 18.489305], [-66.846252, 18.48875], [-66.845695, 18.48875], [-66.845695, 18.488474], [-66.844307, 18.488474], [-66.844307, 18.48875], [-66.844025, 18.48875], [-66.844025, 18.489027], [-66.84375, 18.489027], [-66.84375, 18.489305], [-66.842918, 18.489305], [-66.842918, 18.488474], [-66.842636, 18.488474], [-66.842636, 18.488194], [-66.840698, 18.488194], [-66.840698, 18.487917], [-66.839302, 18.487917], [-66.839302, 18.487638], [-66.837914, 18.487638], [-66.837914, 18.487917], [-66.837082, 18.487917], [-66.837082, 18.487638], [-66.836807, 18.487638], [-66.836807, 18.487423], [-66.83625, 18.487364], [-66.83625, 18.487083], [-66.835419, 18.487083], [-66.835419, 18.487364], [-66.834862, 18.487364], [-66.834862, 18.487638], [-66.832916, 18.487638], [-66.832916, 18.487364], [-66.832359, 18.487364], [-66.832359, 18.487638], [-66.831802, 18.487638], [-66.831802, 18.487364], [-66.830696, 18.487364], [-66.830696, 18.487083], [-66.828476, 18.487083], [-66.828476, 18.487364], [-66.827362, 18.487364], [-66.827362, 18.487638], [-66.826805, 18.487638], [-66.826805, 18.487917], [-66.82653, 18.487917], [-66.82653, 18.488194], [-66.826248, 18.488194], [-66.826248, 18.488474], [-66.825974, 18.488474], [-66.825974, 18.48875], [-66.825691, 18.48875], [-66.825691, 18.489305], [-66.825142, 18.489305], [-66.825142, 18.489861], [-66.82486, 18.489861], [-66.82486, 18.490139], [-66.824585, 18.490139], [-66.824585, 18.490417], [-66.824303, 18.490417], [-66.824303, 18.490696], [-66.822914, 18.490696], [-66.822914, 18.490417], [-66.820969, 18.490417], [-66.820969, 18.490696], [-66.817642, 18.490696], [-66.817642, 18.490417], [-66.816528, 18.490417], [-66.816528, 18.490696], [-66.81514, 18.490696], [-66.81514, 18.490973], [-66.813194, 18.490973], [-66.813194, 18.490696], [-66.81292, 18.490696], [-66.81292, 18.490139], [-66.811806, 18.490139], [-66.811806, 18.490417], [-66.80986, 18.490417], [-66.80986, 18.490696], [-66.809029, 18.490696], [-66.809029, 18.490973], [-66.807915, 18.490973], [-66.807915, 18.491249], [-66.804581, 18.491249], [-66.804581, 18.491528], [-66.803474, 18.491528], [-66.803474, 18.491804], [-66.802361, 18.491804], [-66.802361, 18.492083], [-66.801804, 18.492083], [-66.801804, 18.492361], [-66.799026, 18.492361], [-66.799026, 18.49264], [-66.798195, 18.49264], [-66.798195, 18.492916], [-66.797638, 18.492916], [-66.797638, 18.49264], [-66.797081, 18.49264], [-66.797081, 18.492916], [-66.796249, 18.492916], [-66.796249, 18.493195], [-66.795975, 18.493195], [-66.795975, 18.493473], [-66.795418, 18.493473], [-66.795418, 18.493195], [-66.795135, 18.493195], [-66.795135, 18.492916], [-66.794861, 18.492916], [-66.794861, 18.49264], [-66.794304, 18.49264], [-66.794304, 18.492361], [-66.791252, 18.492361], [-66.791252, 18.49264], [-66.79097, 18.49264], [-66.79097, 18.492361], [-66.790138, 18.492361], [-66.790138, 18.492083], [-66.789864, 18.492083], [-66.789864, 18.492361], [-66.789307, 18.492361], [-66.789307, 18.49264], [-66.789024, 18.49264], [-66.789024, 18.492916], [-66.788193, 18.492916], [-66.788193, 18.49264], [-66.787918, 18.49264], [-66.787918, 18.492361], [-66.785698, 18.492361], [-66.785698, 18.492083], [-66.784584, 18.492083], [-66.784584, 18.491804], [-66.784027, 18.491804], [-66.784027, 18.491528], [-66.78347, 18.491528], [-66.78347, 18.491804], [-66.781807, 18.491804], [-66.781807, 18.491528], [-66.78125, 18.491528], [-66.78125, 18.491249], [-66.780693, 18.491249], [-66.780693, 18.490973], [-66.779861, 18.490973], [-66.779861, 18.490696], [-66.779587, 18.490696], [-66.779587, 18.490417], [-66.77903, 18.490417], [-66.77903, 18.490139], [-66.778473, 18.490139], [-66.778473, 18.489861], [-66.778198, 18.489861], [-66.778198, 18.489586], [-66.777084, 18.489586], [-66.777084, 18.489305], [-66.776527, 18.489305], [-66.776527, 18.489027], [-66.775696, 18.489027], [-66.775696, 18.48875], [-66.775414, 18.48875], [-66.775414, 18.488474], [-66.774307, 18.488474], [-66.774307, 18.488194], [-66.773476, 18.488194], [-66.773476, 18.487917], [-66.772919, 18.487917], [-66.772919, 18.487638], [-66.772636, 18.487638], [-66.772636, 18.487364], [-66.772362, 18.487364], [-66.772362, 18.487083], [-66.77153, 18.487083], [-66.77153, 18.486805], [-66.770691, 18.486805], [-66.770691, 18.486528], [-66.769859, 18.486528], [-66.769859, 18.486252], [-66.769028, 18.486252], [-66.769028, 18.48597], [-66.768753, 18.48597], [-66.768753, 18.485695], [-66.768471, 18.485695], [-66.768471, 18.485138], [-66.768196, 18.485138], [-66.768196, 18.484859], [-66.767914, 18.484859], [-66.767914, 18.484583], [-66.767365, 18.484583], [-66.767365, 18.484306], [-66.767082, 18.484306], [-66.767082, 18.48403], [-66.766251, 18.48403], [-66.766251, 18.483749], [-66.765419, 18.483749], [-66.765419, 18.483629], [-66.765419, 18.483194], [-66.765137, 18.483194], [-66.765137, 18.482916], [-66.764862, 18.482916], [-66.764862, 18.482637], [-66.76458, 18.482637], [-66.76458, 18.482361], [-66.762642, 18.482361], [-66.762642, 18.482084], [-66.761803, 18.482084], [-66.761803, 18.481806], [-66.761253, 18.481806], [-66.761253, 18.481527], [-66.759865, 18.481527], [-66.759865, 18.481806], [-66.759583, 18.481806], [-66.759583, 18.481527], [-66.759026, 18.481527], [-66.759026, 18.481251], [-66.758194, 18.481251], [-66.758194, 18.480972], [-66.757919, 18.480972], [-66.757919, 18.480417], [-66.75708, 18.480417], [-66.75708, 18.480139], [-66.755417, 18.480139], [-66.755417, 18.479584], [-66.754585, 18.479584], [-66.754585, 18.479305], [-66.754028, 18.479305], [-66.754028, 18.479029], [-66.753754, 18.479029], [-66.753754, 18.47875], [-66.753471, 18.47875], [-66.753471, 18.478472], [-66.752914, 18.478472], [-66.752914, 18.478195], [-66.752083, 18.478195], [-66.752083, 18.477917], [-66.751526, 18.477917], [-66.751526, 18.477638], [-66.750969, 18.477638], [-66.750969, 18.477362], [-66.750137, 18.477362], [-66.750137, 18.477083], [-66.749863, 18.477083], [-66.749863, 18.476805], [-66.74958, 18.476805], [-66.74958, 18.476528], [-66.749031, 18.476528], [-66.749031, 18.47625], [-66.748474, 18.47625], [-66.748474, 18.476528], [-66.748192, 18.476528], [-66.748192, 18.476805], [-66.747086, 18.476805], [-66.747086, 18.47625], [-66.746529, 18.47625], [-66.746529, 18.475973], [-66.746246, 18.475973], [-66.746246, 18.475695], [-66.745415, 18.475695], [-66.745415, 18.475416], [-66.744583, 18.475416], [-66.744583, 18.47514], [-66.74292, 18.47514], [-66.74292, 18.474861], [-66.742363, 18.474861], [-66.742363, 18.474585], [-66.741806, 18.474585], [-66.741806, 18.474306], [-66.740974, 18.474306], [-66.740974, 18.474028], [-66.739586, 18.474028], [-66.739586, 18.473749], [-66.738747, 18.473749], [-66.738747, 18.474028], [-66.738472, 18.474028], [-66.738472, 18.474585], [-66.737358, 18.474585], [-66.737358, 18.474028], [-66.737083, 18.474028], [-66.737083, 18.473749], [-66.735695, 18.473749], [-66.735695, 18.473473], [-66.734581, 18.473473], [-66.734581, 18.473749], [-66.732918, 18.473749], [-66.732918, 18.473473], [-66.731529, 18.473473], [-66.731529, 18.473749], [-66.731247, 18.473749], [-66.731247, 18.474028], [-66.730972, 18.474028], [-66.730972, 18.474585], [-66.730415, 18.474585], [-66.730415, 18.474861], [-66.729584, 18.474861], [-66.729584, 18.47514], [-66.729309, 18.47514], [-66.729309, 18.474861], [-66.729027, 18.474861], [-66.729027, 18.47514], [-66.728752, 18.47514], [-66.728752, 18.474861], [-66.727364, 18.474861], [-66.727364, 18.474585], [-66.726524, 18.474585], [-66.726524, 18.474861], [-66.725418, 18.474861], [-66.725418, 18.47514], [-66.724861, 18.47514], [-66.724861, 18.474861], [-66.72403, 18.474861], [-66.72403, 18.47514], [-66.723473, 18.47514], [-66.723473, 18.475416], [-66.722916, 18.475416], [-66.722916, 18.475695], [-66.722641, 18.475695], [-66.722641, 18.475973], [-66.722084, 18.475973], [-66.722084, 18.475695], [-66.721527, 18.475695], [-66.721527, 18.475416], [-66.719582, 18.475416], [-66.719582, 18.47514], [-66.719307, 18.47514], [-66.719307, 18.474861], [-66.719025, 18.474861], [-66.719025, 18.474585], [-66.71875, 18.474585], [-66.71875, 18.474306], [-66.718475, 18.474306], [-66.718475, 18.474028], [-66.715973, 18.474028], [-66.715973, 18.473749], [-66.712639, 18.473749], [-66.712639, 18.473473], [-66.712082, 18.473473], [-66.712082, 18.473194], [-66.710976, 18.473194], [-66.710976, 18.472918], [-66.710693, 18.472918], [-66.710693, 18.472639], [-66.710136, 18.472639], [-66.710136, 18.472363], [-66.709305, 18.472363], [-66.709305, 18.471806], [-66.708748, 18.471806], [-66.708748, 18.471527], [-66.707916, 18.471527], [-66.707916, 18.471806], [-66.707642, 18.471806], [-66.707642, 18.472084], [-66.706802, 18.472084], [-66.706802, 18.472363], [-66.705696, 18.472363], [-66.705696, 18.472639], [-66.704865, 18.472639], [-66.704865, 18.472918], [-66.704025, 18.472918], [-66.704025, 18.473194], [-66.703476, 18.473194], [-66.703476, 18.473473], [-66.703194, 18.473473], [-66.703194, 18.473749], [-66.702637, 18.473749], [-66.702637, 18.474028], [-66.70208, 18.474028], [-66.70208, 18.474306], [-66.701805, 18.474306], [-66.701805, 18.474585], [-66.70153, 18.474585], [-66.70153, 18.474861], [-66.701248, 18.474861], [-66.701248, 18.475695], [-66.700974, 18.475695], [-66.700974, 18.47625], [-66.700691, 18.47625], [-66.700691, 18.476528], [-66.700417, 18.476528], [-66.700417, 18.477083], [-66.700691, 18.477083], [-66.700691, 18.477917], [-66.700417, 18.477917], [-66.700417, 18.478472], [-66.700691, 18.478472], [-66.700691, 18.479029], [-66.700417, 18.479029], [-66.700417, 18.479584], [-66.700691, 18.479584], [-66.700691, 18.47986], [-66.701248, 18.47986], [-66.701248, 18.479584], [-66.70153, 18.479584], [-66.70153, 18.479305], [-66.701805, 18.479305], [-66.701805, 18.479584], [-66.702919, 18.479584], [-66.702919, 18.47986], [-66.703476, 18.47986], [-66.703476, 18.480972], [-66.703194, 18.480972], [-66.703194, 18.481251], [-66.702919, 18.481251], [-66.702919, 18.481527], [-66.701805, 18.481527], [-66.701805, 18.481806], [-66.70153, 18.481806], [-66.70153, 18.482084], [-66.701248, 18.482084], [-66.701248, 18.482361], [-66.700974, 18.482361], [-66.700974, 18.482637], [-66.700691, 18.482637], [-66.700691, 18.482916], [-66.700142, 18.482916], [-66.700142, 18.482637], [-66.699585, 18.482637], [-66.699585, 18.482361], [-66.699303, 18.482361], [-66.699303, 18.482637], [-66.698196, 18.482637], [-66.698196, 18.482916], [-66.696526, 18.482916], [-66.696526, 18.481806], [-66.695694, 18.481806], [-66.695694, 18.481527], [-66.69458, 18.481527], [-66.69458, 18.481251], [-66.693748, 18.481251], [-66.693748, 18.480972], [-66.692642, 18.480972], [-66.692642, 18.481251], [-66.692085, 18.481251], [-66.692085, 18.480972], [-66.691803, 18.480972], [-66.691803, 18.481251], [-66.691528, 18.481251], [-66.691528, 18.480972], [-66.689308, 18.480972], [-66.689308, 18.480694], [-66.687637, 18.480694], [-66.687637, 18.480972], [-66.687363, 18.480972], [-66.687363, 18.480694], [-66.683746, 18.480694], [-66.683746, 18.480972], [-66.683472, 18.480972], [-66.683472, 18.481251], [-66.683197, 18.481251], [-66.683197, 18.481806], [-66.682915, 18.481806], [-66.682915, 18.482361], [-66.68264, 18.482361], [-66.68264, 18.482916], [-66.682358, 18.482916], [-66.682358, 18.483194], [-66.681808, 18.483194], [-66.681808, 18.483473], [-66.681526, 18.483473], [-66.681526, 18.483749], [-66.681252, 18.483749], [-66.681252, 18.48403], [-66.680969, 18.48403], [-66.680969, 18.484306], [-66.68042, 18.484306], [-66.68042, 18.484583], [-66.679863, 18.484583], [-66.679863, 18.484859], [-66.679306, 18.484859], [-66.679306, 18.485138], [-66.678749, 18.485138], [-66.678749, 18.485416], [-66.677635, 18.485416], [-66.677635, 18.485695], [-66.676804, 18.485695], [-66.676804, 18.48597], [-66.676247, 18.48597], [-66.676247, 18.486252], [-66.675972, 18.486252], [-66.675972, 18.486528], [-66.675415, 18.486528], [-66.675415, 18.487083], [-66.67514, 18.487083], [-66.67514, 18.487917], [-66.674858, 18.487917], [-66.674858, 18.488194], [-66.674583, 18.488194], [-66.674583, 18.489027], [-66.674858, 18.489027], [-66.674858, 18.489586], [-66.67514, 18.489586], [-66.67514, 18.489305], [-66.676247, 18.489305], [-66.676247, 18.489027], [-66.676529, 18.489027], [-66.676529, 18.48875], [-66.677361, 18.48875], [-66.677361, 18.489305], [-66.677635, 18.489305], [-66.677635, 18.489861], [-66.677086, 18.489861], [-66.677086, 18.490139], [-66.673752, 18.490139], [-66.673752, 18.489861], [-66.672638, 18.489861], [-66.672638, 18.490139], [-66.671524, 18.490139], [-66.671524, 18.489861], [-66.671249, 18.489861], [-66.671249, 18.48875], [-66.670975, 18.48875], [-66.670975, 18.488194], [-66.669304, 18.488194], [-66.669304, 18.487917], [-66.668472, 18.487917], [-66.668472, 18.487638], [-66.667915, 18.487638], [-66.667915, 18.487364], [-66.664307, 18.487364], [-66.664307, 18.487638], [-66.663475, 18.487638], [-66.663475, 18.487917], [-66.660973, 18.487917], [-66.660973, 18.487638], [-66.659859, 18.487638], [-66.659859, 18.487917], [-66.657639, 18.487917], [-66.657639, 18.488194], [-66.655693, 18.488194], [-66.655693, 18.488474], [-66.650414, 18.488474], [-66.650414, 18.488194], [-66.649307, 18.488194], [-66.649307, 18.488474], [-66.645142, 18.488474], [-66.645142, 18.48875], [-66.644585, 18.48875], [-66.644585, 18.489027], [-66.644302, 18.489027], [-66.644302, 18.489586], [-66.643753, 18.489586], [-66.643753, 18.489861], [-66.643196, 18.489861], [-66.643196, 18.490139], [-66.642914, 18.490139], [-66.642914, 18.490417], [-66.642639, 18.490417], [-66.642639, 18.490696], [-66.642365, 18.490696], [-66.642365, 18.491249], [-66.642082, 18.491249], [-66.642082, 18.492083], [-66.643471, 18.492083], [-66.643471, 18.492916], [-66.641808, 18.492916], [-66.641808, 18.493195], [-66.640694, 18.493195], [-66.640694, 18.492916], [-66.637917, 18.492916], [-66.637917, 18.493195], [-66.63736, 18.493195], [-66.63736, 18.493473], [-66.636803, 18.493473], [-66.636803, 18.49375], [-66.635696, 18.49375], [-66.635696, 18.493473], [-66.635414, 18.493473], [-66.635414, 18.492916], [-66.634865, 18.492916], [-66.634865, 18.49264], [-66.634026, 18.49264], [-66.634026, 18.492916], [-66.633194, 18.492916], [-66.633194, 18.49264], [-66.632637, 18.49264], [-66.632637, 18.492361], [-66.631805, 18.492361], [-66.631805, 18.492083], [-66.630142, 18.492083], [-66.630142, 18.492361], [-66.628471, 18.492361], [-66.628471, 18.49264], [-66.628197, 18.49264], [-66.628197, 18.493195], [-66.628471, 18.493195], [-66.628471, 18.49375], [-66.628197, 18.49375], [-66.628197, 18.494026], [-66.627914, 18.494026], [-66.627914, 18.494305], [-66.626808, 18.494305], [-66.626808, 18.49375], [-66.627083, 18.49375], [-66.627083, 18.492916], [-66.626808, 18.492916], [-66.626808, 18.49264], [-66.626251, 18.49264], [-66.626251, 18.492361], [-66.62458, 18.492361], [-66.62458, 18.49264], [-66.624306, 18.49264], [-66.624306, 18.492916], [-66.62458, 18.492916], [-66.62458, 18.493195], [-66.624863, 18.493195], [-66.624863, 18.493473], [-66.625137, 18.493473], [-66.625137, 18.494026], [-66.622643, 18.494026], [-66.622643, 18.49375], [-66.621803, 18.49375], [-66.621803, 18.493473], [-66.621529, 18.493473], [-66.621529, 18.492916], [-66.620972, 18.492916], [-66.620972, 18.49264], [-66.620697, 18.49264], [-66.620697, 18.491804], [-66.620415, 18.491804], [-66.620415, 18.491528], [-66.618469, 18.491528], [-66.618469, 18.491249], [-66.617638, 18.491249], [-66.617638, 18.490973], [-66.616531, 18.490973], [-66.616531, 18.490696], [-66.613472, 18.490696], [-66.613472, 18.490973], [-66.61264, 18.490973], [-66.61264, 18.491249], [-66.611526, 18.491249], [-66.611526, 18.490973], [-66.61097, 18.490973], [-66.61097, 18.490696], [-66.609306, 18.490696], [-66.609306, 18.490417], [-66.607086, 18.490417], [-66.607086, 18.490139], [-66.605972, 18.490139], [-66.605972, 18.489861], [-66.605415, 18.489861], [-66.605415, 18.489586], [-66.604858, 18.489586], [-66.604858, 18.489305], [-66.604309, 18.489305], [-66.604309, 18.489027], [-66.60347, 18.489027], [-66.60347, 18.48875], [-66.601524, 18.48875], [-66.601524, 18.489027], [-66.600975, 18.489027], [-66.600975, 18.48875], [-66.600136, 18.48875], [-66.600136, 18.488474], [-66.599586, 18.488474], [-66.599586, 18.488194], [-66.597641, 18.488194], [-66.597641, 18.487917], [-66.596802, 18.487917], [-66.596802, 18.487638], [-66.596252, 18.487638], [-66.596252, 18.487364], [-66.59597, 18.487364], [-66.59597, 18.487083], [-66.595413, 18.487083], [-66.595413, 18.486805], [-66.594307, 18.486805], [-66.594307, 18.486528], [-66.594025, 18.486528], [-66.594025, 18.486252], [-66.592636, 18.486252], [-66.592636, 18.48597], [-66.592087, 18.48597], [-66.592087, 18.485695], [-66.59153, 18.485695], [-66.59153, 18.485416], [-66.590698, 18.485416], [-66.590698, 18.485138], [-66.58847, 18.485138], [-66.58847, 18.484859], [-66.588196, 18.484859], [-66.588196, 18.484583], [-66.587364, 18.484583], [-66.587364, 18.484306], [-66.587082, 18.484306], [-66.587082, 18.484583], [-66.586914, 18.484583], [-66.586639, 18.484583], [-66.585419, 18.484583], [-66.585419, 18.484306], [-66.584587, 18.484306], [-66.584587, 18.48403], [-66.583748, 18.48403], [-66.583748, 18.484306], [-66.583473, 18.484306], [-66.583473, 18.48403], [-66.581528, 18.48403], [-66.581528, 18.483749], [-66.579582, 18.483749], [-66.579582, 18.48403], [-66.578194, 18.48403], [-66.578194, 18.484306], [-66.57708, 18.484306], [-66.57708, 18.48403], [-66.575142, 18.48403], [-66.575142, 18.484306], [-66.574585, 18.484306], [-66.574585, 18.484583], [-66.574303, 18.484583], [-66.574303, 18.484859], [-66.573753, 18.484859], [-66.573753, 18.485138], [-66.572083, 18.485138], [-66.572083, 18.485416], [-66.570419, 18.485416], [-66.570419, 18.485695], [-66.567085, 18.485695], [-66.567085, 18.485416], [-66.566254, 18.485416], [-66.566254, 18.485138], [-66.565697, 18.485138], [-66.565697, 18.485416], [-66.56514, 18.485416], [-66.56514, 18.485695], [-66.564857, 18.485695], [-66.564857, 18.48597], [-66.564308, 18.48597], [-66.564308, 18.486252], [-66.563751, 18.486252], [-66.563751, 18.486528], [-66.563194, 18.486528], [-66.563194, 18.486805], [-66.56292, 18.486805], [-66.56292, 18.487364], [-66.562637, 18.487364], [-66.562637, 18.487917], [-66.562363, 18.487917], [-66.562363, 18.488194], [-66.56208, 18.488194], [-66.56208, 18.48875], [-66.561806, 18.48875], [-66.561806, 18.489027], [-66.56208, 18.489027], [-66.56208, 18.489305], [-66.562363, 18.489305], [-66.562363, 18.489586], [-66.562637, 18.489586], [-66.562637, 18.489861], [-66.56292, 18.489861], [-66.56292, 18.490417], [-66.56208, 18.490417], [-66.56208, 18.490139], [-66.560974, 18.490139], [-66.560974, 18.489861], [-66.55986, 18.489861], [-66.55986, 18.490139], [-66.559303, 18.490139], [-66.559303, 18.489861], [-66.558746, 18.489861], [-66.558746, 18.489586], [-66.558472, 18.489586], [-66.558472, 18.489305], [-66.558197, 18.489305], [-66.558197, 18.489027], [-66.557915, 18.489027], [-66.557915, 18.48875], [-66.55764, 18.48875], [-66.55764, 18.488474], [-66.557083, 18.488474], [-66.557083, 18.488194], [-66.556526, 18.488194], [-66.556526, 18.487917], [-66.555969, 18.487917], [-66.555969, 18.487638], [-66.555138, 18.487638], [-66.555138, 18.487364], [-66.554581, 18.487364], [-66.554581, 18.487083], [-66.553749, 18.487083], [-66.553749, 18.486805], [-66.553192, 18.486805], [-66.553192, 18.487083], [-66.552361, 18.487083], [-66.552361, 18.487364], [-66.549309, 18.487364], [-66.549309, 18.487083], [-66.548752, 18.487083], [-66.548752, 18.486805], [-66.548195, 18.486805], [-66.548195, 18.486528], [-66.547638, 18.486528], [-66.547638, 18.486252], [-66.546806, 18.486252], [-66.546806, 18.48597], [-66.546524, 18.48597], [-66.546524, 18.485695], [-66.546249, 18.485695], [-66.546249, 18.485416], [-66.545692, 18.485416], [-66.545692, 18.485138], [-66.545418, 18.485138], [-66.545418, 18.484859], [-66.544861, 18.484859], [-66.544861, 18.484583], [-66.543747, 18.484583], [-66.543747, 18.484306], [-66.543472, 18.484306], [-66.543472, 18.48403], [-66.542641, 18.48403], [-66.542641, 18.483749], [-66.541527, 18.483749], [-66.541527, 18.483473], [-66.540695, 18.483473], [-66.540695, 18.483194], [-66.539581, 18.483194], [-66.539581, 18.482916], [-66.539024, 18.482916], [-66.539024, 18.482637], [-66.53875, 18.482637], [-66.53875, 18.482361], [-66.538475, 18.482361], [-66.538475, 18.482084], [-66.538193, 18.482084], [-66.538193, 18.481806], [-66.537918, 18.481806], [-66.537918, 18.481527], [-66.535698, 18.481527], [-66.535698, 18.481251], [-66.535141, 18.481251], [-66.535141, 18.480694], [-66.534859, 18.480694], [-66.534859, 18.480139], [-66.535141, 18.480139], [-66.535141, 18.479305], [-66.534859, 18.479305], [-66.534859, 18.479029], [-66.534584, 18.479029], [-66.534584, 18.47875], [-66.534187, 18.47875], [-66.533752, 18.47875], [-66.533752, 18.479305], [-66.533195, 18.479305], [-66.533195, 18.479584], [-66.532913, 18.479584], [-66.532913, 18.480417], [-66.532639, 18.480417], [-66.532639, 18.480694], [-66.532913, 18.480694], [-66.532913, 18.482084], [-66.531807, 18.482084], [-66.531807, 18.482361], [-66.530418, 18.482361], [-66.530418, 18.482637], [-66.529861, 18.482637], [-66.529861, 18.482916], [-66.529305, 18.482916], [-66.529305, 18.483194], [-66.528748, 18.483194], [-66.528748, 18.483473], [-66.528198, 18.483473], [-66.528198, 18.483749], [-66.527641, 18.483749], [-66.527641, 18.48403], [-66.527084, 18.48403], [-66.527084, 18.484583], [-66.524864, 18.484583], [-66.524864, 18.484306], [-66.524307, 18.484306], [-66.524307, 18.48403], [-66.523476, 18.48403], [-66.523476, 18.483473], [-66.523193, 18.483473], [-66.523193, 18.483194], [-66.523476, 18.483194], [-66.523476, 18.482361], [-66.522919, 18.482361], [-66.522919, 18.481806], [-66.522362, 18.481806], [-66.522362, 18.481527], [-66.521805, 18.481527], [-66.521805, 18.481251], [-66.521248, 18.481251], [-66.521248, 18.480972], [-66.519028, 18.480972], [-66.519028, 18.481251], [-66.518196, 18.481251], [-66.518196, 18.480417], [-66.517914, 18.480417], [-66.517914, 18.480139], [-66.517365, 18.480139], [-66.517365, 18.47986], [-66.516808, 18.47986], [-66.516808, 18.479584], [-66.516525, 18.479584], [-66.516525, 18.479305], [-66.51458, 18.479305], [-66.51458, 18.479029], [-66.513748, 18.479029], [-66.513748, 18.47875], [-66.513474, 18.47875], [-66.513474, 18.478195], [-66.513191, 18.478195], [-66.513191, 18.477917], [-66.512917, 18.477917], [-66.512917, 18.477638], [-66.512642, 18.477638], [-66.512642, 18.477362], [-66.51236, 18.477362], [-66.51236, 18.477083], [-66.510414, 18.477083], [-66.510414, 18.477362], [-66.509583, 18.477362], [-66.509583, 18.477917], [-66.507919, 18.477917], [-66.507919, 18.477638], [-66.507637, 18.477638], [-66.507637, 18.477362], [-66.505974, 18.477362], [-66.505974, 18.476528], [-66.505692, 18.476528], [-66.505692, 18.47625], [-66.504585, 18.47625], [-66.504585, 18.475973], [-66.504028, 18.475973], [-66.504028, 18.475695], [-66.503754, 18.475695], [-66.503754, 18.475416], [-66.503471, 18.475416], [-66.503471, 18.47514], [-66.502357, 18.47514], [-66.502357, 18.474861], [-66.500969, 18.474861], [-66.500969, 18.47514], [-66.50042, 18.47514], [-66.50042, 18.475416], [-66.500137, 18.475416], [-66.500137, 18.475973], [-66.499863, 18.475973], [-66.499863, 18.47625], [-66.500137, 18.47625], [-66.500137, 18.477083], [-66.499863, 18.477083], [-66.499863, 18.477362], [-66.49736, 18.477362], [-66.49736, 18.477083], [-66.496803, 18.477083], [-66.496803, 18.476805], [-66.495415, 18.476805], [-66.495415, 18.476528], [-66.494026, 18.476528], [-66.494026, 18.47625], [-66.493195, 18.47625], [-66.493195, 18.475973], [-66.492638, 18.475973], [-66.492638, 18.475695], [-66.491806, 18.475695], [-66.491806, 18.475416], [-66.490417, 18.475416], [-66.490417, 18.47514], [-66.489586, 18.47514], [-66.489586, 18.474861], [-66.489304, 18.474861], [-66.489304, 18.474585], [-66.488472, 18.474585], [-66.488472, 18.474306], [-66.488197, 18.474306], [-66.488197, 18.474585], [-66.48764, 18.474585], [-66.48764, 18.474306], [-66.486252, 18.474306], [-66.486252, 18.474028], [-66.485695, 18.474028], [-66.485695, 18.474306], [-66.48542, 18.474306], [-66.48542, 18.474028], [-66.485138, 18.474028], [-66.485138, 18.473473], [-66.484863, 18.473473], [-66.484863, 18.473749], [-66.483475, 18.473749], [-66.483475, 18.473473], [-66.483192, 18.473473], [-66.483192, 18.472918], [-66.483475, 18.472918], [-66.483475, 18.472084], [-66.483192, 18.472084], [-66.483192, 18.471806], [-66.482918, 18.471806], [-66.482918, 18.471527], [-66.482361, 18.471527], [-66.482361, 18.471249], [-66.482086, 18.471249], [-66.482086, 18.47097], [-66.479309, 18.47097], [-66.479309, 18.470694], [-66.478195, 18.470694], [-66.478195, 18.470419], [-66.477364, 18.470419], [-66.477364, 18.470139], [-66.475418, 18.470139], [-66.475418, 18.46986], [-66.471252, 18.46986], [-66.471252, 18.469584], [-66.470413, 18.469584], [-66.470413, 18.469305], [-66.469864, 18.469305], [-66.469864, 18.46903], [-66.46875, 18.46903], [-66.46875, 18.468748], [-66.468193, 18.468748], [-66.468193, 18.46903], [-66.46653, 18.46903], [-66.490269, 18.377091], [-66.471954, 18.322515], [-66.548194, 18.269945], [-66.652545, 18.293806], [-66.719841, 18.362135], [-66.939139, 18.416375], [-66.943792, 18.423075], [-66.977575, 18.471713], [-66.978752, 18.491249]]]]}}, {"type": "Feature", "properties": {"yucayeque": "SEBUCO OR CIBUCO (VegaBaja)", "cacique": "Guacabo"}, "geometry": {"type": "MultiPolygon", "coordinates": [[[[-66.468193, 18.46886], [-66.468193, 18.468748], [-66.46875, 18.468748], [-66.468193, 18.46886]]], [[[-66.468193, 18.46886], [-66.468193, 18.46903], [-66.467342, 18.46903], [-66.468193, 18.46886]]], [[[-66.465973, 18.469305], [-66.465973, 18.469584], [-66.464859, 18.469584], [-66.464859, 18.46986], [-66.464584, 18.46986], [-66.464584, 18.469584], [-66.463753, 18.469584], [-66.463753, 18.469305], [-66.462082, 18.469305], [-66.462082, 18.46903], [-66.459862, 18.46903], [-66.459862, 18.468748], [-66.458473, 18.468748], [-66.458473, 18.468472], [-66.457916, 18.468472], [-66.457916, 18.468748], [-66.457085, 18.468748], [-66.457085, 18.46903], [-66.455414, 18.46903], [-66.455414, 18.469305], [-66.454308, 18.469305], [-66.454308, 18.469584], [-66.453751, 18.469584], [-66.453751, 18.469305], [-66.452919, 18.469305], [-66.452919, 18.469584], [-66.452362, 18.469584], [-66.452362, 18.46986], [-66.451805, 18.46986], [-66.451805, 18.470139], [-66.450691, 18.470139], [-66.450691, 18.470419], [-66.44986, 18.470419], [-66.44986, 18.470694], [-66.449303, 18.470694], [-66.449303, 18.47097], [-66.449028, 18.47097], [-66.449028, 18.471249], [-66.448753, 18.471249], [-66.448753, 18.471527], [-66.448471, 18.471527], [-66.448471, 18.471806], [-66.448196, 18.471806], [-66.448196, 18.472084], [-66.447914, 18.472084], [-66.447914, 18.472363], [-66.447639, 18.472363], [-66.447639, 18.473194], [-66.447365, 18.473194], [-66.447365, 18.474028], [-66.447083, 18.474028], [-66.447083, 18.474306], [-66.446808, 18.474306], [-66.446808, 18.474585], [-66.446526, 18.474585], [-66.446526, 18.474861], [-66.446251, 18.474861], [-66.446251, 18.47514], [-66.445969, 18.47514], [-66.445969, 18.475416], [-66.445694, 18.475416], [-66.445694, 18.475695], [-66.445137, 18.475695], [-66.445137, 18.476528], [-66.444862, 18.476528], [-66.444862, 18.477083], [-66.44458, 18.477083], [-66.44458, 18.477362], [-66.443192, 18.477362], [-66.443192, 18.477917], [-66.442917, 18.477917], [-66.442917, 18.478472], [-66.442642, 18.478472], [-66.442642, 18.480417], [-66.44236, 18.480417], [-66.44236, 18.481527], [-66.442085, 18.481527], [-66.442085, 18.481806], [-66.441803, 18.481806], [-66.441803, 18.483749], [-66.441528, 18.483749], [-66.441528, 18.484306], [-66.441254, 18.484306], [-66.441254, 18.484859], [-66.440697, 18.484859], [-66.440697, 18.485138], [-66.44014, 18.485138], [-66.44014, 18.485416], [-66.439857, 18.485416], [-66.439857, 18.485695], [-66.439308, 18.485695], [-66.439308, 18.48597], [-66.438751, 18.48597], [-66.438751, 18.486252], [-66.438194, 18.486252], [-66.438194, 18.486528], [-66.437363, 18.486528], [-66.437363, 18.486805], [-66.435692, 18.486805], [-66.435692, 18.487083], [-66.435143, 18.487083], [-66.435143, 18.487364], [-66.434029, 18.487364], [-66.434029, 18.487083], [-66.433197, 18.487083], [-66.433197, 18.487364], [-66.432083, 18.487364], [-66.432083, 18.487638], [-66.429581, 18.487638], [-66.429581, 18.487917], [-66.427917, 18.487917], [-66.427917, 18.488194], [-66.425972, 18.488194], [-66.425972, 18.488474], [-66.42514, 18.488474], [-66.42514, 18.48875], [-66.42347, 18.48875], [-66.42347, 18.488474], [-66.422363, 18.488474], [-66.422363, 18.488194], [-66.420692, 18.488194], [-66.420692, 18.488474], [-66.419586, 18.488474], [-66.419586, 18.488194], [-66.416252, 18.488194], [-66.416252, 18.488474], [-66.415138, 18.488474], [-66.415138, 18.48875], [-66.414307, 18.48875], [-66.414307, 18.489027], [-66.41375, 18.489027], [-66.41375, 18.489305], [-66.413475, 18.489305], [-66.413475, 18.489586], [-66.410973, 18.489586], [-66.410973, 18.489861], [-66.409302, 18.489861], [-66.409302, 18.489586], [-66.408752, 18.489586], [-66.408752, 18.489305], [-66.407364, 18.489305], [-66.407364, 18.489027], [-66.40625, 18.489027], [-66.40625, 18.48875], [-66.403473, 18.48875], [-66.403473, 18.489027], [-66.402641, 18.489027], [-66.402641, 18.489305], [-66.401527, 18.489305], [-66.401527, 18.489586], [-66.40097, 18.489586], [-66.40097, 18.489861], [-66.400696, 18.489861], [-66.400696, 18.490139], [-66.400139, 18.490139], [-66.400139, 18.490417], [-66.399864, 18.490417], [-66.399864, 18.490696], [-66.399307, 18.490696], [-66.399307, 18.490973], [-66.399025, 18.490973], [-66.399025, 18.491249], [-66.39875, 18.491249], [-66.39875, 18.491528], [-66.398476, 18.491528], [-66.398476, 18.491804], [-66.398193, 18.491804], [-66.398193, 18.492083], [-66.397919, 18.492083], [-66.397919, 18.492361], [-66.397636, 18.492361], [-66.397636, 18.493195], [-66.40097, 18.493195], [-66.40097, 18.493473], [-66.401527, 18.493473], [-66.401527, 18.49375], [-66.401253, 18.49375], [-66.401253, 18.494305], [-66.399307, 18.494305], [-66.399307, 18.494026], [-66.397087, 18.494026], [-66.397087, 18.49375], [-66.396805, 18.49375], [-66.396805, 18.493473], [-66.392914, 18.493473], [-66.392914, 18.49264], [-66.396248, 18.49264], [-66.396248, 18.492083], [-66.395973, 18.492083], [-66.395973, 18.491528], [-66.395691, 18.491528], [-66.395691, 18.490973], [-66.395416, 18.490973], [-66.395416, 18.490417], [-66.395691, 18.490417], [-66.395691, 18.490139], [-66.395416, 18.490139], [-66.395416, 18.489861], [-66.395142, 18.489861], [-66.395142, 18.489586], [-66.394585, 18.489586], [-66.394585, 18.489305], [-66.394302, 18.489305], [-66.394302, 18.489027], [-66.393753, 18.489027], [-66.393753, 18.48875], [-66.391808, 18.48875], [-66.391808, 18.488474], [-66.391251, 18.488474], [-66.391251, 18.488194], [-66.38958, 18.488194], [-66.38958, 18.487917], [-66.388474, 18.487917], [-66.388474, 18.487638], [-66.387917, 18.487638], [-66.387917, 18.487364], [-66.38736, 18.487364], [-66.38736, 18.487083], [-66.386528, 18.487083], [-66.386528, 18.486805], [-66.385971, 18.486805], [-66.385971, 18.486528], [-66.385696, 18.486528], [-66.385696, 18.486252], [-66.385414, 18.486252], [-66.385414, 18.485695], [-66.385139, 18.485695], [-66.385139, 18.485416], [-66.384865, 18.485416], [-66.384865, 18.485138], [-66.384026, 18.485138], [-66.384026, 18.484859], [-66.383751, 18.484859], [-66.383751, 18.484583], [-66.383469, 18.484583], [-66.383469, 18.484306], [-66.383194, 18.484306], [-66.383194, 18.48403], [-66.382919, 18.48403], [-66.382919, 18.483749], [-66.382362, 18.483749], [-66.382362, 18.483473], [-66.38208, 18.483473], [-66.38208, 18.483194], [-66.381531, 18.483194], [-66.381531, 18.482916], [-66.380417, 18.482916], [-66.380417, 18.483194], [-66.380142, 18.483194], [-66.380142, 18.483473], [-66.379585, 18.483473], [-66.379585, 18.483749], [-66.379028, 18.483749], [-66.403807, 18.305937], [-66.471954, 18.322515], [-66.477257, 18.338318], [-66.490269, 18.377091], [-66.46653, 18.46903], [-66.467342, 18.46903], [-66.465973, 18.469305]]]]}}, {"type": "Feature", "properties": {"yucayeque": "TOA (VegaAlta)", "cacique": "Aramana"}, "geometry": {"type": "MultiPolygon", "coordinates": [[[[-66.379028, 18.483749], [-66.379197, 18.48597], [-66.379303, 18.48597], [-66.379303, 18.487364], [-66.378754, 18.487364], [-66.378754, 18.487917], [-66.378471, 18.487917], [-66.378471, 18.488194], [-66.378197, 18.488194], [-66.378197, 18.488474], [-66.37764, 18.488474], [-66.37764, 18.488194], [-66.377083, 18.488194], [-66.377083, 18.487917], [-66.376526, 18.487917], [-66.376526, 18.487638], [-66.373749, 18.487638], [-66.373749, 18.487364], [-66.37236, 18.487364], [-66.37236, 18.487083], [-66.371803, 18.487083], [-66.371803, 18.486805], [-66.371246, 18.486805], [-66.371246, 18.486528], [-66.370697, 18.486528], [-66.370697, 18.486252], [-66.369858, 18.486252], [-66.369858, 18.48597], [-66.368469, 18.48597], [-66.368469, 18.485695], [-66.367638, 18.485695], [-66.367638, 18.485416], [-66.366806, 18.485416], [-66.366806, 18.485138], [-66.366249, 18.485138], [-66.366249, 18.484859], [-66.365135, 18.484859], [-66.365135, 18.484583], [-66.363197, 18.484583], [-66.363197, 18.484859], [-66.361809, 18.484859], [-66.361809, 18.485138], [-66.361526, 18.485138], [-66.361526, 18.485416], [-66.36097, 18.485416], [-66.36097, 18.485695], [-66.360695, 18.485695], [-66.360695, 18.48597], [-66.36042, 18.48597], [-66.36042, 18.486252], [-66.359024, 18.486252], [-66.359024, 18.48597], [-66.357086, 18.48597], [-66.357086, 18.485695], [-66.356247, 18.485695], [-66.356247, 18.48597], [-66.355141, 18.48597], [-66.355141, 18.485695], [-66.354584, 18.485695], [-66.354584, 18.485416], [-66.353752, 18.485416], [-66.353752, 18.485138], [-66.352913, 18.485138], [-66.352913, 18.484859], [-66.352364, 18.484859], [-66.352364, 18.484583], [-66.35125, 18.484583], [-66.35125, 18.484306], [-66.350693, 18.484306], [-66.350693, 18.48403], [-66.350136, 18.48403], [-66.350136, 18.483749], [-66.349586, 18.483749], [-66.349586, 18.483473], [-66.348198, 18.483473], [-66.348198, 18.483194], [-66.347359, 18.483194], [-66.347359, 18.482916], [-66.346802, 18.482916], [-66.346802, 18.482637], [-66.34597, 18.482637], [-66.34597, 18.482361], [-66.345413, 18.482361], [-66.345413, 18.482084], [-66.345139, 18.482084], [-66.345139, 18.481806], [-66.344582, 18.481806], [-66.344582, 18.481527], [-66.344307, 18.481527], [-66.344307, 18.481251], [-66.34375, 18.481251], [-66.34375, 18.480972], [-66.341805, 18.480972], [-66.341805, 18.481251], [-66.339859, 18.481251], [-66.339859, 18.481527], [-66.339302, 18.481527], [-66.339302, 18.481806], [-66.339027, 18.481806], [-66.339027, 18.482084], [-66.338753, 18.482084], [-66.338753, 18.483194], [-66.339027, 18.483194], [-66.339027, 18.484583], [-66.339302, 18.484583], [-66.339302, 18.485138], [-66.339584, 18.485138], [-66.339584, 18.485695], [-66.340141, 18.485695], [-66.340141, 18.48597], [-66.339859, 18.48597], [-66.339859, 18.486528], [-66.338753, 18.486528], [-66.338753, 18.486252], [-66.33847, 18.486252], [-66.33847, 18.48597], [-66.338196, 18.48597], [-66.338196, 18.485416], [-66.337082, 18.485416], [-66.337082, 18.485138], [-66.336807, 18.485138], [-66.336807, 18.484859], [-66.336525, 18.484859], [-66.336525, 18.484583], [-66.335693, 18.484583], [-66.335693, 18.484859], [-66.335136, 18.484859], [-66.335136, 18.484583], [-66.334587, 18.484583], [-66.334587, 18.484306], [-66.334305, 18.484306], [-66.334305, 18.483749], [-66.33403, 18.483749], [-66.33403, 18.483473], [-66.333748, 18.483473], [-66.333748, 18.483194], [-66.333473, 18.483194], [-66.333473, 18.482916], [-66.333191, 18.482916], [-66.333191, 18.482637], [-66.331528, 18.482637], [-66.331528, 18.482361], [-66.330414, 18.482361], [-66.330414, 18.482084], [-66.329865, 18.482084], [-66.329865, 18.481806], [-66.329308, 18.481806], [-66.329308, 18.481527], [-66.328751, 18.481527], [-66.328751, 18.481251], [-66.328476, 18.481251], [-66.328476, 18.481527], [-66.327637, 18.481527], [-66.327637, 18.481251], [-66.327362, 18.481251], [-66.327362, 18.480694], [-66.32708, 18.480694], [-66.32708, 18.480417], [-66.326805, 18.480417], [-66.326805, 18.480139], [-66.325974, 18.480139], [-66.325974, 18.47986], [-66.325417, 18.47986], [-66.325417, 18.479029], [-66.325691, 18.479029], [-66.325691, 18.477917], [-66.325142, 18.477917], [-66.325142, 18.477638], [-66.323753, 18.477638], [-66.323753, 18.477917], [-66.323471, 18.477917], [-66.323471, 18.47875], [-66.323196, 18.47875], [-66.323196, 18.479029], [-66.322914, 18.479029], [-66.322914, 18.479305], [-66.322365, 18.479305], [-66.322365, 18.479584], [-66.321526, 18.479584], [-66.321526, 18.479305], [-66.321251, 18.479305], [-66.321251, 18.478472], [-66.320969, 18.478472], [-66.320969, 18.478195], [-66.321251, 18.478195], [-66.321251, 18.477362], [-66.321526, 18.477362], [-66.321526, 18.47625], [-66.321251, 18.47625], [-66.321251, 18.475973], [-66.320969, 18.475973], [-66.320969, 18.475695], [-66.319031, 18.475695], [-66.319031, 18.475973], [-66.318192, 18.475973], [-66.318192, 18.47625], [-66.31736, 18.47625], [-66.31736, 18.476528], [-66.316528, 18.476528], [-66.316528, 18.475973], [-66.316254, 18.475973], [-66.316254, 18.474861], [-66.315971, 18.474861], [-66.315971, 18.474585], [-66.314903, 18.474585], [-66.312637, 18.474585], [-66.312637, 18.474861], [-66.31208, 18.474861], [-66.31208, 18.47514], [-66.311806, 18.47514], [-66.311806, 18.475416], [-66.311249, 18.475416], [-66.311249, 18.47514], [-66.310692, 18.47514], [-66.310692, 18.474306], [-66.310974, 18.474306], [-66.310974, 18.473194], [-66.310692, 18.473194], [-66.310692, 18.472918], [-66.310417, 18.472918], [-66.310417, 18.472363], [-66.310143, 18.472363], [-66.310143, 18.471249], [-66.310417, 18.471249], [-66.310417, 18.470419], [-66.310143, 18.470419], [-66.310143, 18.470139], [-66.30986, 18.470139], [-66.30986, 18.470419], [-66.309586, 18.470419], [-66.309586, 18.470694], [-66.309303, 18.470694], [-66.309303, 18.471249], [-66.309029, 18.471249], [-66.309029, 18.471527], [-66.306252, 18.471527], [-66.306252, 18.471249], [-66.30542, 18.471249], [-66.30542, 18.472639], [-66.305695, 18.472639], [-66.305695, 18.472918], [-66.305969, 18.472918], [-66.305969, 18.473194], [-66.306252, 18.473194], [-66.306252, 18.473473], [-66.306526, 18.473473], [-66.306526, 18.473749], [-66.307083, 18.473749], [-66.307083, 18.474028], [-66.30764, 18.474028], [-66.30764, 18.474306], [-66.307915, 18.474306], [-66.307915, 18.474585], [-66.308472, 18.474585], [-66.308472, 18.474861], [-66.309029, 18.474861], [-66.309029, 18.47514], [-66.309303, 18.47514], [-66.309303, 18.475973], [-66.308197, 18.475973], [-66.308197, 18.475695], [-66.30764, 18.475695], [-66.30764, 18.475416], [-66.307083, 18.475416], [-66.307083, 18.47514], [-66.305138, 18.47514], [-66.305138, 18.474861], [-66.304863, 18.474861], [-66.304863, 18.47514], [-66.304306, 18.47514], [-66.304306, 18.475416], [-66.302086, 18.475416], [-66.302086, 18.475695], [-66.301529, 18.475695], [-66.301529, 18.475973], [-66.301247, 18.475973], [-66.301247, 18.47625], [-66.300697, 18.47625], [-66.300697, 18.476528], [-66.30014, 18.476528], [-66.30014, 18.476805], [-66.299583, 18.476805], [-66.299583, 18.477083], [-66.299309, 18.477083], [-66.299309, 18.477362], [-66.299026, 18.477362], [-66.299026, 18.477083], [-66.298752, 18.477083], [-66.298752, 18.476805], [-66.298195, 18.476805], [-66.298195, 18.476528], [-66.29792, 18.476528], [-66.29792, 18.47625], [-66.297363, 18.47625], [-66.297363, 18.475973], [-66.297081, 18.475973], [-66.297081, 18.475695], [-66.296806, 18.475695], [-66.296806, 18.47514], [-66.296249, 18.47514], [-66.296249, 18.474861], [-66.295975, 18.474861], [-66.295975, 18.474585], [-66.353974, 18.267113], [-66.403807, 18.305937], [-66.402673, 18.314072], [-66.379028, 18.483749]]]]}}, {"type": "Feature", "properties": {"yucayeque": "BAYAMON (ToaAlta/ ToaBaja/Bayamón)", "cacique": "Majagua"}, "geometry": {"type": "MultiPolygon", "coordinates": [[[[-66.295135, 18.474306], [-66.293198, 18.473194], [-66.293198, 18.472918], [-66.292358, 18.472918], [-66.292358, 18.472639], [-66.291527, 18.472639], [-66.291527, 18.472363], [-66.291252, 18.472363], [-66.291252, 18.472084], [-66.290138, 18.472084], [-66.290138, 18.471806], [-66.285973, 18.471806], [-66.285973, 18.471527], [-66.285416, 18.471527], [-66.285416, 18.471249], [-66.284584, 18.471249], [-66.284584, 18.471806], [-66.284302, 18.471806], [-66.284302, 18.472084], [-66.284027, 18.472084], [-66.284027, 18.472363], [-66.283195, 18.472363], [-66.283195, 18.472639], [-66.282639, 18.472639], [-66.282639, 18.472918], [-66.282364, 18.472918], [-66.282364, 18.473749], [-66.281807, 18.473749], [-66.281807, 18.474028], [-66.281525, 18.474028], [-66.281525, 18.474306], [-66.28125, 18.474306], [-66.28125, 18.474585], [-66.280136, 18.474585], [-66.280136, 18.474861], [-66.279305, 18.474861], [-66.279305, 18.47514], [-66.278748, 18.47514], [-66.278748, 18.475416], [-66.278473, 18.475416], [-66.278473, 18.475695], [-66.278198, 18.475695], [-66.278198, 18.47625], [-66.277916, 18.47625], [-66.277916, 18.476528], [-66.277641, 18.476528], [-66.277641, 18.476805], [-66.277084, 18.476805], [-66.277084, 18.477083], [-66.276802, 18.477083], [-66.276802, 18.477638], [-66.276527, 18.477638], [-66.276527, 18.478195], [-66.276253, 18.478195], [-66.276253, 18.478472], [-66.275696, 18.478472], [-66.275696, 18.47875], [-66.275414, 18.47875], [-66.275414, 18.479029], [-66.274864, 18.479029], [-66.274864, 18.479305], [-66.274307, 18.479305], [-66.274307, 18.479029], [-66.273476, 18.479029], [-66.273476, 18.47875], [-66.272636, 18.47875], [-66.272636, 18.479029], [-66.271805, 18.479029], [-66.271805, 18.479305], [-66.27153, 18.479305], [-66.27153, 18.479584], [-66.271248, 18.479584], [-66.271248, 18.47986], [-66.270973, 18.47986], [-66.270973, 18.480139], [-66.270691, 18.480139], [-66.270691, 18.480417], [-66.270416, 18.480417], [-66.270416, 18.480694], [-66.269859, 18.480694], [-66.269859, 18.480417], [-66.269028, 18.480417], [-66.269028, 18.480139], [-66.268196, 18.480139], [-66.268196, 18.47986], [-66.267639, 18.47986], [-66.267639, 18.479584], [-66.266251, 18.479584], [-66.266251, 18.479305], [-66.264862, 18.479305], [-66.264862, 18.479029], [-66.264305, 18.479029], [-66.264305, 18.47875], [-66.263474, 18.47875], [-66.263474, 18.478472], [-66.263191, 18.478472], [-66.263191, 18.478195], [-66.262642, 18.478195], [-66.262642, 18.477917], [-66.262085, 18.477917], [-66.262085, 18.477638], [-66.260139, 18.477638], [-66.260139, 18.477362], [-66.258751, 18.477362], [-66.258751, 18.477083], [-66.258469, 18.477083], [-66.258469, 18.476805], [-66.258194, 18.476805], [-66.258194, 18.47625], [-66.257637, 18.47625], [-66.257637, 18.476528], [-66.257362, 18.476528], [-66.257362, 18.476805], [-66.256531, 18.476805], [-66.256531, 18.477083], [-66.255974, 18.477083], [-66.255974, 18.477362], [-66.255692, 18.477362], [-66.255692, 18.477638], [-66.25486, 18.477638], [-66.25486, 18.477362], [-66.254585, 18.477362], [-66.254585, 18.476528], [-66.255417, 18.476528], [-66.255417, 18.47625], [-66.255692, 18.47625], [-66.255692, 18.475973], [-66.255974, 18.475973], [-66.255974, 18.475416], [-66.255692, 18.475416], [-66.255692, 18.473749], [-66.255974, 18.473749], [-66.255974, 18.473194], [-66.256248, 18.473194], [-66.256248, 18.472639], [-66.256531, 18.472639], [-66.256531, 18.472084], [-66.256805, 18.472084], [-66.256805, 18.471249], [-66.256531, 18.471249], [-66.256531, 18.471527], [-66.255974, 18.471527], [-66.255974, 18.471806], [-66.255692, 18.471806], [-66.255692, 18.472084], [-66.25486, 18.472084], [-66.25486, 18.472363], [-66.254303, 18.472363], [-66.254303, 18.472639], [-66.252357, 18.472639], [-66.252357, 18.472363], [-66.251808, 18.472363], [-66.251808, 18.472084], [-66.251251, 18.472084], [-66.251251, 18.471806], [-66.248474, 18.471806], [-66.248474, 18.471527], [-66.247917, 18.471527], [-66.247917, 18.471249], [-66.247643, 18.471249], [-66.247643, 18.47097], [-66.24736, 18.47097], [-66.24736, 18.470694], [-66.246803, 18.470694], [-66.246803, 18.470419], [-66.245697, 18.470419], [-66.245697, 18.470139], [-66.244858, 18.470139], [-66.244858, 18.46986], [-66.244308, 18.46986], [-66.244308, 18.469584], [-66.244026, 18.469584], [-66.244026, 18.469305], [-66.24292, 18.469305], [-66.24292, 18.46903], [-66.241806, 18.46903], [-66.241806, 18.468748], [-66.240692, 18.468748], [-66.240692, 18.468472], [-66.239586, 18.468472], [-66.239586, 18.468195], [-66.237358, 18.468195], [-66.237358, 18.467916], [-66.233475, 18.467916], [-66.233475, 18.467636], [-66.231529, 18.467636], [-66.231529, 18.467916], [-66.230972, 18.467916], [-66.230972, 18.467636], [-66.228195, 18.467636], [-66.228195, 18.467361], [-66.227364, 18.467361], [-66.227364, 18.467083], [-66.225975, 18.467083], [-66.225975, 18.466806], [-66.225418, 18.466806], [-66.225418, 18.466528], [-66.223747, 18.466528], [-66.223747, 18.466249], [-66.222359, 18.466249], [-66.222359, 18.465973], [-66.220413, 18.465973], [-66.220413, 18.465694], [-66.219025, 18.465694], [-66.219025, 18.465973], [-66.217361, 18.465973], [-66.217361, 18.466249], [-66.217087, 18.466249], [-66.217087, 18.465973], [-66.214302, 18.465973], [-66.214302, 18.466249], [-66.212364, 18.466249], [-66.212364, 18.466528], [-66.211403, 18.466528], [-66.207642, 18.466528], [-66.207642, 18.466806], [-66.207359, 18.466806], [-66.207359, 18.466528], [-66.205971, 18.466528], [-66.205971, 18.466249], [-66.205696, 18.466249], [-66.205696, 18.465973], [-66.204308, 18.465973], [-66.204308, 18.466249], [-66.203194, 18.466249], [-66.203194, 18.466528], [-66.202362, 18.466528], [-66.202362, 18.466249], [-66.201805, 18.466249], [-66.201805, 18.466528], [-66.200974, 18.466528], [-66.200974, 18.466806], [-66.200417, 18.466806], [-66.200417, 18.467083], [-66.200142, 18.467083], [-66.200142, 18.467636], [-66.19986, 18.467636], [-66.19986, 18.468748], [-66.199028, 18.468748], [-66.199028, 18.468472], [-66.198753, 18.468472], [-66.198753, 18.466806], [-66.198471, 18.466806], [-66.198471, 18.466528], [-66.198196, 18.466528], [-66.198196, 18.466249], [-66.194305, 18.466249], [-66.194305, 18.465973], [-66.194031, 18.465973], [-66.194031, 18.466249], [-66.193474, 18.466249], [-66.193474, 18.466528], [-66.192085, 18.466528], [-66.192085, 18.466806], [-66.191528, 18.466806], [-66.191528, 18.467083], [-66.190414, 18.467083], [-66.190414, 18.467361], [-66.19014, 18.467361], [-66.19014, 18.467636], [-66.189308, 18.467636], [-66.189308, 18.467916], [-66.188751, 18.467916], [-66.188751, 18.468195], [-66.188194, 18.468195], [-66.188194, 18.468748], [-66.187637, 18.468748], [-66.187637, 18.46903], [-66.18708, 18.46903], [-66.18708, 18.469305], [-66.186531, 18.469305], [-66.186531, 18.469584], [-66.186249, 18.469584], [-66.186249, 18.46986], [-66.185974, 18.46986], [-66.185974, 18.467361], [-66.185692, 18.467361], [-66.185692, 18.467083], [-66.185417, 18.467083], [-66.185417, 18.466249], [-66.185692, 18.466249], [-66.185692, 18.465139], [-66.185417, 18.465139], [-66.185417, 18.464582], [-66.185143, 18.464582], [-66.185143, 18.464027], [-66.18486, 18.464027], [-66.18486, 18.463751], [-66.184586, 18.463751], [-66.184586, 18.463472], [-66.18486, 18.463472], [-66.18486, 18.463196], [-66.184586, 18.463196], [-66.184586, 18.46236], [-66.184303, 18.46236], [-66.184303, 18.461527], [-66.184029, 18.461527], [-66.184029, 18.460695], [-66.184303, 18.460695], [-66.184303, 18.460138], [-66.184029, 18.460138], [-66.184029, 18.459583], [-66.183746, 18.459583], [-66.183746, 18.459305], [-66.183472, 18.459305], [-66.183472, 18.459028], [-66.183197, 18.459028], [-66.183197, 18.458752], [-66.182915, 18.458752], [-66.182915, 18.458469], [-66.18264, 18.458469], [-66.18264, 18.458195], [-66.182358, 18.458195], [-66.182358, 18.457916], [-66.182083, 18.457916], [-66.182083, 18.457359], [-66.181808, 18.457359], [-66.181808, 18.457083], [-66.181252, 18.457083], [-66.181252, 18.456528], [-66.240252, 18.406595], [-66.237697, 18.371836], [-66.244086, 18.364965], [-66.24366, 18.298254], [-66.250901, 18.287335], [-66.246215, 18.259833], [-66.283697, 18.257406], [-66.287956, 18.252957], [-66.325863, 18.254575], [-66.353974, 18.267113], [-66.349483, 18.283186], [-66.295975, 18.474585], [-66.295418, 18.474585], [-66.295418, 18.474306], [-66.295135, 18.474306]]]]}}, {"type": "Feature", "properties": {"yucayeque": "GUAYNABO (Guaynabo)", "cacique": "Mabo"}, "geometry": {"type": "MultiPolygon", "coordinates": [[[[-66.179306, 18.454861], [-66.179031, 18.454861], [-66.179031, 18.454723], [-66.178753, 18.454584], [-66.178192, 18.454584], [-66.178192, 18.454306], [-66.177917, 18.454306], [-66.177917, 18.454166], [-66.177639, 18.454027], [-66.177635, 18.454027], [-66.177635, 18.454025], [-66.177086, 18.453751], [-66.176804, 18.453751], [-66.176804, 18.453609], [-66.176529, 18.453472], [-66.175972, 18.453472], [-66.175972, 18.453194], [-66.175415, 18.453194], [-66.175415, 18.452915], [-66.174858, 18.452915], [-66.174858, 18.452639], [-66.174309, 18.452639], [-66.174309, 18.452362], [-66.173752, 18.452362], [-66.173752, 18.452084], [-66.17347, 18.452084], [-66.17347, 18.451805], [-66.172363, 18.451805], [-66.172363, 18.451529], [-66.172081, 18.451529], [-66.172081, 18.45125], [-66.171524, 18.45125], [-66.171524, 18.450972], [-66.170975, 18.450972], [-66.170975, 18.45125], [-66.170418, 18.45125], [-66.170418, 18.450972], [-66.168747, 18.450972], [-66.168747, 18.450697], [-66.167641, 18.450697], [-66.167641, 18.450972], [-66.166809, 18.450972], [-66.166809, 18.450697], [-66.164864, 18.450697], [-66.164864, 18.450972], [-66.164581, 18.450972], [-66.164581, 18.45125], [-66.164024, 18.45125], [-66.164024, 18.451529], [-66.163193, 18.451529], [-66.163193, 18.45125], [-66.162636, 18.45125], [-66.162636, 18.451529], [-66.162361, 18.451529], [-66.162361, 18.451805], [-66.162086, 18.451805], [-66.162086, 18.452084], [-66.16153, 18.452084], [-66.16153, 18.451805], [-66.161247, 18.451805], [-66.161247, 18.45125], [-66.160973, 18.45125], [-66.160973, 18.450972], [-66.160416, 18.450972], [-66.160416, 18.451529], [-66.160141, 18.451529], [-66.160141, 18.451805], [-66.159584, 18.451805], [-66.159584, 18.452084], [-66.158752, 18.452084], [-66.158752, 18.452639], [-66.157913, 18.452639], [-66.157913, 18.452915], [-66.157364, 18.452915], [-66.157364, 18.452639], [-66.157082, 18.452639], [-66.157082, 18.452915], [-66.156525, 18.452915], [-66.156525, 18.453194], [-66.155975, 18.453194], [-66.155975, 18.453472], [-66.155136, 18.453472], [-66.155136, 18.453751], [-66.154861, 18.453751], [-66.154861, 18.454027], [-66.154305, 18.454027], [-66.154305, 18.453751], [-66.153473, 18.453751], [-66.153473, 18.454027], [-66.153198, 18.454027], [-66.153198, 18.454584], [-66.152916, 18.454584], [-66.152916, 18.454861], [-66.152641, 18.454861], [-66.152641, 18.455137], [-66.152359, 18.455137], [-66.152359, 18.455416], [-66.151802, 18.455416], [-66.151802, 18.455694], [-66.151527, 18.455694], [-66.151527, 18.455973], [-66.151253, 18.455973], [-66.151253, 18.456247], [-66.150696, 18.456247], [-66.150696, 18.456806], [-66.150414, 18.456806], [-66.150414, 18.457359], [-66.150139, 18.457359], [-66.150139, 18.457642], [-66.149307, 18.457642], [-66.149307, 18.457916], [-66.149025, 18.457916], [-66.149025, 18.458195], [-66.148476, 18.458195], [-66.148476, 18.458469], [-66.148193, 18.458469], [-66.148193, 18.458752], [-66.147362, 18.458752], [-66.147362, 18.459305], [-66.147087, 18.459305], [-66.147087, 18.459864], [-66.146805, 18.459864], [-66.146805, 18.460138], [-66.14653, 18.460138], [-66.14653, 18.460695], [-66.146248, 18.460695], [-66.146248, 18.460974], [-66.145691, 18.460974], [-66.145691, 18.461527], [-66.145416, 18.461527], [-66.145416, 18.462084], [-66.145142, 18.462084], [-66.145142, 18.46236], [-66.144859, 18.46236], [-66.144859, 18.462639], [-66.144585, 18.462639], [-66.144585, 18.462917], [-66.144302, 18.462917], [-66.144302, 18.463196], [-66.144028, 18.463196], [-66.144028, 18.463472], [-66.143196, 18.463472], [-66.143196, 18.463751], [-66.142639, 18.463751], [-66.142639, 18.464027], [-66.142365, 18.464027], [-66.142365, 18.463751], [-66.141808, 18.463751], [-66.141808, 18.463472], [-66.140976, 18.463472], [-66.140976, 18.464582], [-66.140137, 18.464582], [-66.140137, 18.464861], [-66.139305, 18.464861], [-66.139305, 18.464027], [-66.13958, 18.464027], [-66.13958, 18.462639], [-66.139305, 18.462639], [-66.139305, 18.461805], [-66.13903, 18.461805], [-66.13903, 18.46125], [-66.138748, 18.46125], [-66.138748, 18.460695], [-66.138474, 18.460695], [-66.138474, 18.460138], [-66.138191, 18.460138], [-66.138191, 18.459864], [-66.137917, 18.459864], [-66.137917, 18.459583], [-66.137642, 18.459583], [-66.137642, 18.459028], [-66.13736, 18.459028], [-66.13736, 18.458469], [-66.137085, 18.458469], [-66.137085, 18.457916], [-66.136803, 18.457916], [-66.136803, 18.457642], [-66.136528, 18.457642], [-66.136528, 18.457359], [-66.136253, 18.457359], [-66.136253, 18.457083], [-66.135971, 18.457083], [-66.135971, 18.456528], [-66.135696, 18.456528], [-66.135696, 18.456247], [-66.135414, 18.456247], [-66.135414, 18.455973], [-66.135139, 18.455973], [-66.135139, 18.455694], [-66.134865, 18.455694], [-66.134865, 18.455416], [-66.133194, 18.455416], [-66.133194, 18.455137], [-66.132637, 18.455137], [-66.132637, 18.454861], [-66.131805, 18.454861], [-66.131805, 18.454584], [-66.130692, 18.454584], [-66.130692, 18.454306], [-66.130142, 18.454306], [-66.130142, 18.454027], [-66.12986, 18.454027], [-66.12986, 18.453472], [-66.129585, 18.453472], [-66.129585, 18.452915], [-66.129303, 18.452915], [-66.129303, 18.452362], [-66.129028, 18.452362], [-66.129028, 18.451805], [-66.128754, 18.451805], [-66.128754, 18.450138], [-66.129028, 18.450138], [-66.129028, 18.449862], [-66.129303, 18.449862], [-66.129303, 18.449583], [-66.129585, 18.449583], [-66.129585, 18.449306], [-66.12986, 18.449306], [-66.12986, 18.449028], [-66.130417, 18.449028], [-66.130417, 18.44875], [-66.130623, 18.44875], [-66.131248, 18.44875], [-66.131248, 18.449028], [-66.131531, 18.449028], [-66.131531, 18.449465], [-66.131531, 18.449583], [-66.131248, 18.449583], [-66.131248, 18.449862], [-66.130692, 18.449862], [-66.130692, 18.450138], [-66.130142, 18.450138], [-66.130142, 18.450417], [-66.12986, 18.450417], [-66.12986, 18.451529], [-66.130142, 18.451529], [-66.130142, 18.452084], [-66.130417, 18.452084], [-66.130417, 18.452639], [-66.130692, 18.452639], [-66.130692, 18.453194], [-66.130974, 18.453194], [-66.130974, 18.453472], [-66.13208, 18.453472], [-66.13208, 18.453751], [-66.132919, 18.453751], [-66.132919, 18.454027], [-66.133469, 18.454027], [-66.133469, 18.454306], [-66.135139, 18.454306], [-66.135139, 18.454584], [-66.135414, 18.454584], [-66.135414, 18.455137], [-66.135971, 18.455137], [-66.135971, 18.455416], [-66.136253, 18.455416], [-66.136253, 18.455694], [-66.136528, 18.455694], [-66.136528, 18.455973], [-66.136803, 18.455973], [-66.136803, 18.456247], [-66.137085, 18.456247], [-66.137085, 18.456806], [-66.13736, 18.456806], [-66.13736, 18.457083], [-66.137642, 18.457083], [-66.137642, 18.457359], [-66.138191, 18.457359], [-66.138191, 18.457083], [-66.138474, 18.457083], [-66.138474, 18.456806], [-66.13903, 18.456806], [-66.13903, 18.456528], [-66.139305, 18.456528], [-66.139305, 18.456247], [-66.13958, 18.456247], [-66.13958, 18.455973], [-66.139862, 18.455973], [-66.139862, 18.455137], [-66.13958, 18.455137], [-66.13958, 18.454861], [-66.139305, 18.454861], [-66.139305, 18.454584], [-66.13903, 18.454584], [-66.13903, 18.454306], [-66.138748, 18.454306], [-66.138748, 18.454027], [-66.138474, 18.454027], [-66.138474, 18.453472], [-66.138191, 18.453472], [-66.138191, 18.452639], [-66.137917, 18.452639], [-66.137917, 18.452084], [-66.137642, 18.452084], [-66.137642, 18.450972], [-66.13736, 18.450972], [-66.13736, 18.450697], [-66.137085, 18.450697], [-66.137085, 18.450417], [-66.136803, 18.450417], [-66.136803, 18.450138], [-66.136253, 18.450138], [-66.136253, 18.449862], [-66.135971, 18.449862], [-66.135971, 18.449583], [-66.135414, 18.449583], [-66.135414, 18.44875], [-66.134865, 18.44875], [-66.134865, 18.448475], [-66.134583, 18.448475], [-66.134583, 18.447916], [-66.134308, 18.447916], [-66.134308, 18.447639], [-66.134026, 18.447639], [-66.134026, 18.446806], [-66.133751, 18.446806], [-66.133751, 18.446527], [-66.133194, 18.446527], [-66.133194, 18.445972], [-66.132919, 18.445972], [-66.132919, 18.445692], [-66.132637, 18.445692], [-66.132637, 18.445417], [-66.132362, 18.445417], [-66.132362, 18.445141], [-66.131531, 18.445141], [-66.131531, 18.444584], [-66.130974, 18.444584], [-66.130974, 18.444305], [-66.130692, 18.444305], [-66.130692, 18.444027], [-66.130142, 18.444027], [-66.130142, 18.443748], [-66.129585, 18.443748], [-66.129585, 18.443472], [-66.128197, 18.443472], [-66.128197, 18.443195], [-66.126808, 18.443195], [-66.126808, 18.442917], [-66.126526, 18.442917], [-66.126526, 18.442638], [-66.125969, 18.442638], [-66.125969, 18.442362], [-66.124863, 18.442362], [-66.124863, 18.442083], [-66.123192, 18.442083], [-66.123192, 18.441805], [-66.120972, 18.441805], [-66.120972, 18.442083], [-66.119858, 18.442083], [-66.119858, 18.442362], [-66.119583, 18.442362], [-66.119583, 18.442638], [-66.118469, 18.442638], [-66.118469, 18.442917], [-66.118195, 18.442917], [-66.118195, 18.443195], [-66.11792, 18.443195], [-66.11792, 18.444305], [-66.117638, 18.444305], [-66.117638, 18.444584], [-66.116531, 18.444584], [-66.116531, 18.444305], [-66.115417, 18.444305], [-66.115417, 18.444584], [-66.115135, 18.444584], [-66.115135, 18.444862], [-66.114861, 18.444862], [-66.114861, 18.445141], [-66.111809, 18.445141], [-66.111809, 18.444862], [-66.111252, 18.444862], [-66.111252, 18.444584], [-66.110695, 18.444584], [-66.110695, 18.444305], [-66.110138, 18.444305], [-66.110138, 18.443195], [-66.11042, 18.443195], [-66.11042, 18.442638], [-66.110695, 18.442638], [-66.110695, 18.442362], [-66.11097, 18.442362], [-66.11097, 18.442083], [-66.111252, 18.442083], [-66.111252, 18.44125], [-66.111809, 18.44125], [-66.111809, 18.440971], [-66.112083, 18.440971], [-66.112083, 18.440113], [-66.112083, 18.439861], [-66.111809, 18.439861], [-66.111809, 18.438749], [-66.111526, 18.438749], [-66.111526, 18.438473], [-66.11097, 18.438473], [-66.11097, 18.437916], [-66.110695, 18.437916], [-66.110695, 18.437639], [-66.110138, 18.437639], [-66.110138, 18.437361], [-66.109581, 18.437361], [-66.109581, 18.436527], [-66.109306, 18.436527], [-66.109306, 18.435694], [-66.109581, 18.435694], [-66.109581, 18.431805], [-66.110138, 18.431805], [-66.110138, 18.429306], [-66.109581, 18.429306], [-66.109581, 18.428747], [-66.108078, 18.428747], [-66.104858, 18.428747], [-66.104858, 18.429306], [-66.104584, 18.429306], [-66.104584, 18.429583], [-66.104309, 18.429583], [-66.104309, 18.429859], [-66.104027, 18.429859], [-66.104027, 18.430141], [-66.10347, 18.430141], [-66.10347, 18.430416], [-66.102913, 18.430416], [-66.102913, 18.430695], [-66.102081, 18.430695], [-66.102081, 18.430973], [-66.101524, 18.430973], [-66.101524, 18.431252], [-66.100975, 18.431252], [-66.100975, 18.431528], [-66.100136, 18.431528], [-66.100136, 18.431805], [-66.099586, 18.431805], [-66.099586, 18.432081], [-66.099304, 18.432081], [-66.099304, 18.432362], [-66.09903, 18.432362], [-66.09903, 18.432638], [-66.098747, 18.432638], [-66.098747, 18.433195], [-66.098473, 18.433195], [-66.098473, 18.433474], [-66.098198, 18.433474], [-66.098198, 18.43375], [-66.097916, 18.43375], [-66.097916, 18.434029], [-66.097359, 18.434029], [-66.097359, 18.434584], [-66.096802, 18.434584], [-66.096802, 18.43486], [-66.096527, 18.43486], [-66.096527, 18.435139], [-66.094864, 18.435139], [-66.094864, 18.435417], [-66.094307, 18.435417], [-66.094307, 18.435694], [-66.093475, 18.435694], [-66.093475, 18.435972], [-66.093193, 18.435972], [-66.093193, 18.436251], [-66.092361, 18.436251], [-66.092361, 18.436527], [-66.092087, 18.436527], [-66.092087, 18.436806], [-66.091805, 18.436806], [-66.091805, 18.437084], [-66.09153, 18.437084], [-66.09153, 18.437639], [-66.091248, 18.437639], [-66.091248, 18.437916], [-66.090973, 18.437916], [-66.090973, 18.438194], [-66.090698, 18.438194], [-66.090698, 18.438473], [-66.090416, 18.438473], [-66.090416, 18.439028], [-66.090141, 18.439028], [-66.090141, 18.439306], [-66.089859, 18.439306], [-66.089859, 18.439861], [-66.088196, 18.439861], [-66.088196, 18.44014], [-66.087364, 18.44014], [-66.087364, 18.440416], [-66.084305, 18.440416], [-66.084305, 18.440695], [-66.083748, 18.440695], [-66.083748, 18.44125], [-66.083473, 18.44125], [-66.083473, 18.441805], [-66.083191, 18.441805], [-66.083191, 18.442083], [-66.082916, 18.442083], [-66.082916, 18.444584], [-66.083191, 18.444584], [-66.083191, 18.444862], [-66.083748, 18.444862], [-66.083748, 18.445141], [-66.08403, 18.445141], [-66.08403, 18.445972], [-66.084305, 18.445972], [-66.084305, 18.446253], [-66.084587, 18.446253], [-66.084587, 18.446527], [-66.084862, 18.446527], [-66.084862, 18.447081], [-66.085136, 18.447081], [-66.085136, 18.447363], [-66.08625, 18.447363], [-66.08625, 18.447639], [-66.088196, 18.447639], [-66.088196, 18.447916], [-66.08847, 18.447916], [-66.08847, 18.447639], [-66.089302, 18.447639], [-66.089302, 18.447363], [-66.089859, 18.447363], [-66.089859, 18.447081], [-66.090416, 18.447081], [-66.090416, 18.446806], [-66.090973, 18.446806], [-66.090973, 18.446253], [-66.091248, 18.446253], [-66.091248, 18.445972], [-66.09153, 18.445972], [-66.09153, 18.445417], [-66.091805, 18.445417], [-66.091805, 18.446253], [-66.092087, 18.446253], [-66.092087, 18.446527], [-66.092361, 18.446527], [-66.092361, 18.446806], [-66.092636, 18.446806], [-66.092636, 18.447081], [-66.09375, 18.447081], [-66.09375, 18.446806], [-66.094025, 18.446806], [-66.094025, 18.447081], [-66.094582, 18.447081], [-66.094582, 18.447916], [-66.094864, 18.447916], [-66.094864, 18.448195], [-66.095139, 18.448195], [-66.095139, 18.44875], [-66.095413, 18.44875], [-66.095413, 18.449028], [-66.09597, 18.449028], [-66.09597, 18.449306], [-66.096252, 18.449306], [-66.096252, 18.449583], [-66.096802, 18.449583], [-66.096802, 18.449862], [-66.097084, 18.449862], [-66.097084, 18.450138], [-66.098198, 18.450138], [-66.098198, 18.450417], [-66.098473, 18.450417], [-66.098473, 18.450697], [-66.099304, 18.450697], [-66.099304, 18.450972], [-66.100693, 18.450972], [-66.100693, 18.45125], [-66.10125, 18.45125], [-66.10125, 18.450972], [-66.101807, 18.450972], [-66.101807, 18.450417], [-66.102081, 18.450417], [-66.102081, 18.450138], [-66.102364, 18.450138], [-66.102364, 18.449862], [-66.103195, 18.449862], [-66.103195, 18.449583], [-66.10347, 18.449583], [-66.10347, 18.449862], [-66.104027, 18.449862], [-66.104027, 18.450138], [-66.104309, 18.450138], [-66.104309, 18.450417], [-66.104027, 18.450417], [-66.104027, 18.45125], [-66.103752, 18.45125], [-66.103752, 18.451529], [-66.10347, 18.451529], [-66.10347, 18.452639], [-66.104027, 18.452639], [-66.104027, 18.452915], [-66.104309, 18.452915], [-66.104309, 18.453194], [-66.104584, 18.453194], [-66.104584, 18.453472], [-66.104858, 18.453472], [-66.104858, 18.453751], [-66.105141, 18.453751], [-66.105141, 18.454027], [-66.105698, 18.454027], [-66.105698, 18.454584], [-66.105972, 18.454584], [-66.105972, 18.455137], [-66.106247, 18.455137], [-66.106247, 18.455973], [-66.106804, 18.455973], [-66.106804, 18.456247], [-66.107086, 18.456247], [-66.107086, 18.456806], [-66.106804, 18.456806], [-66.106804, 18.457359], [-66.107086, 18.457359], [-66.107086, 18.457642], [-66.106804, 18.457642], [-66.106804, 18.457916], [-66.106529, 18.457916], [-66.106529, 18.458195], [-66.106804, 18.458195], [-66.106804, 18.458469], [-66.106529, 18.458469], [-66.106529, 18.459305], [-66.106247, 18.459305], [-66.106247, 18.459583], [-66.105972, 18.459583], [-66.105972, 18.459864], [-66.105698, 18.459864], [-66.105698, 18.460138], [-66.105141, 18.460138], [-66.105141, 18.460417], [-66.104309, 18.460417], [-66.104309, 18.460138], [-66.103752, 18.460138], [-66.103752, 18.459864], [-66.103195, 18.459864], [-66.103195, 18.460138], [-66.102913, 18.460138], [-66.102913, 18.460417], [-66.102638, 18.460417], [-66.102638, 18.460695], [-66.101524, 18.460695], [-66.101524, 18.460417], [-66.10125, 18.460417], [-66.10125, 18.460138], [-66.100975, 18.460138], [-66.100975, 18.459864], [-66.100693, 18.459864], [-66.100693, 18.459583], [-66.100136, 18.459583], [-66.100136, 18.459305], [-66.099861, 18.459305], [-66.099861, 18.458752], [-66.099586, 18.458752], [-66.099586, 18.458469], [-66.09903, 18.458469], [-66.09903, 18.458752], [-66.098747, 18.458752], [-66.098747, 18.459305], [-66.098198, 18.459305], [-66.098198, 18.459583], [-66.095413, 18.459583], [-66.095413, 18.459305], [-66.094025, 18.459305], [-66.094025, 18.459028], [-66.092361, 18.459028], [-66.092361, 18.458752], [-66.092087, 18.458752], [-66.092087, 18.457916], [-66.092361, 18.457916], [-66.092361, 18.457083], [-66.090416, 18.457083], [-66.090416, 18.457359], [-66.089584, 18.457359], [-66.089584, 18.457916], [-66.089859, 18.457916], [-66.089859, 18.458195], [-66.090141, 18.458195], [-66.090141, 18.458469], [-66.090416, 18.458469], [-66.090416, 18.459583], [-66.090698, 18.459583], [-66.090698, 18.459864], [-66.091248, 18.459864], [-66.091248, 18.459583], [-66.092087, 18.459583], [-66.092087, 18.459864], [-66.092636, 18.459864], [-66.092636, 18.460138], [-66.093193, 18.460138], [-66.093193, 18.460417], [-66.094025, 18.460417], [-66.094025, 18.46125], [-66.094307, 18.46125], [-66.094307, 18.461527], [-66.096802, 18.461527], [-66.096802, 18.46125], [-66.097641, 18.46125], [-66.097641, 18.460974], [-66.097916, 18.460974], [-66.097916, 18.460695], [-66.098198, 18.460695], [-66.098198, 18.460417], [-66.09903, 18.460417], [-66.09903, 18.460695], [-66.100418, 18.460695], [-66.100418, 18.460974], [-66.101807, 18.460974], [-66.101807, 18.46125], [-66.102913, 18.46125], [-66.102913, 18.461527], [-66.103752, 18.461527], [-66.103752, 18.461805], [-66.104858, 18.461805], [-66.104858, 18.462084], [-66.106247, 18.462084], [-66.106247, 18.46236], [-66.106529, 18.46236], [-66.106529, 18.462639], [-66.108475, 18.462639], [-66.108475, 18.462084], [-66.108749, 18.462084], [-66.108749, 18.460695], [-66.109306, 18.460695], [-66.109306, 18.460417], [-66.109581, 18.460417], [-66.109581, 18.460138], [-66.109863, 18.460138], [-66.109863, 18.460417], [-66.110138, 18.460417], [-66.110138, 18.46125], [-66.11042, 18.46125], [-66.11042, 18.461805], [-66.110695, 18.461805], [-66.110695, 18.46236], [-66.11042, 18.46236], [-66.11042, 18.462917], [-66.110695, 18.462917], [-66.110695, 18.463472], [-66.111252, 18.463472], [-66.111252, 18.463196], [-66.111809, 18.463196], [-66.111809, 18.462917], [-66.112083, 18.462917], [-66.112083, 18.462639], [-66.11264, 18.462639], [-66.11264, 18.46236], [-66.112915, 18.46236], [-66.112915, 18.462084], [-66.113197, 18.462084], [-66.113197, 18.461527], [-66.114304, 18.461527], [-66.114304, 18.461805], [-66.114586, 18.461805], [-66.114586, 18.462084], [-66.115135, 18.462084], [-66.115135, 18.461805], [-66.115417, 18.461805], [-66.115417, 18.461527], [-66.115135, 18.461527], [-66.115135, 18.460974], [-66.114861, 18.460974], [-66.114861, 18.460417], [-66.114586, 18.460417], [-66.114586, 18.460138], [-66.114861, 18.460138], [-66.114861, 18.459864], [-66.115135, 18.459864], [-66.115135, 18.459583], [-66.115417, 18.459583], [-66.115417, 18.459305], [-66.115692, 18.459305], [-66.115692, 18.459028], [-66.115974, 18.459028], [-66.115974, 18.458752], [-66.116249, 18.458752], [-66.116249, 18.458469], [-66.116531, 18.458469], [-66.116531, 18.458752], [-66.116806, 18.458752], [-66.116806, 18.459028], [-66.117081, 18.459028], [-66.117081, 18.459864], [-66.117363, 18.459864], [-66.117363, 18.460138], [-66.117638, 18.460138], [-66.117638, 18.460417], [-66.11792, 18.460417], [-66.11792, 18.460695], [-66.118195, 18.460695], [-66.118195, 18.46125], [-66.118469, 18.46125], [-66.118469, 18.461805], [-66.118752, 18.461805], [-66.118752, 18.462084], [-66.119026, 18.462084], [-66.119026, 18.46236], [-66.118752, 18.46236], [-66.118752, 18.462639], [-66.119026, 18.462639], [-66.119026, 18.462917], [-66.119308, 18.462917], [-66.119308, 18.463472], [-66.119583, 18.463472], [-66.119583, 18.464027], [-66.119858, 18.464027], [-66.119858, 18.465414], [-66.120415, 18.465414], [-66.120415, 18.465694], [-66.120972, 18.465694], [-66.120972, 18.465973], [-66.121529, 18.465973], [-66.121529, 18.466249], [-66.121803, 18.466249], [-66.121803, 18.466528], [-66.12236, 18.466528], [-66.12236, 18.466806], [-66.122917, 18.466806], [-66.122917, 18.467083], [-66.123474, 18.467083], [-66.123474, 18.467361], [-66.124031, 18.467361], [-66.124031, 18.467636], [-66.124306, 18.467636], [-66.124306, 18.467916], [-66.12458, 18.467916], [-66.12458, 18.468195], [-66.124863, 18.468195], [-66.124863, 18.468748], [-66.125137, 18.468748], [-66.125137, 18.470139], [-66.12542, 18.470139], [-66.12542, 18.470694], [-66.126526, 18.470694], [-66.126526, 18.47097], [-66.127083, 18.47097], [-66.127083, 18.472363], [-66.126808, 18.472363], [-66.126808, 18.472639], [-66.126526, 18.472639], [-66.126526, 18.472918], [-66.125969, 18.472918], [-66.125969, 18.473194], [-66.12458, 18.473194], [-66.12458, 18.472918], [-66.124306, 18.472918], [-66.124306, 18.472639], [-66.124031, 18.472639], [-66.124031, 18.472363], [-66.123749, 18.472363], [-66.123749, 18.472084], [-66.123192, 18.472084], [-66.123192, 18.471806], [-66.12236, 18.471806], [-66.12236, 18.471527], [-66.122086, 18.471527], [-66.122086, 18.471249], [-66.121246, 18.471249], [-66.121246, 18.47097], [-66.120972, 18.47097], [-66.120972, 18.470694], [-66.120415, 18.470694], [-66.120415, 18.470139], [-66.118469, 18.470139], [-66.118469, 18.46986], [-66.11792, 18.46986], [-66.11792, 18.470139], [-66.117363, 18.470139], [-66.117363, 18.46986], [-66.116249, 18.46986], [-66.116249, 18.470139], [-66.115974, 18.470139], [-66.115974, 18.46986], [-66.115417, 18.46986], [-66.115417, 18.469584], [-66.114586, 18.469584], [-66.114586, 18.469305], [-66.113472, 18.469305], [-66.113472, 18.46903], [-66.113197, 18.46903], [-66.113197, 18.468748], [-66.110695, 18.468748], [-66.110695, 18.468472], [-66.110138, 18.468472], [-66.110138, 18.468748], [-66.107635, 18.468748], [-66.107635, 18.46903], [-66.107086, 18.46903], [-66.107086, 18.468748], [-66.106529, 18.468748], [-66.106529, 18.468472], [-66.105972, 18.468472], [-66.105972, 18.467916], [-66.105698, 18.467916], [-66.105698, 18.467636], [-66.104584, 18.467636], [-66.104584, 18.467916], [-66.103752, 18.467916], [-66.103752, 18.468195], [-66.103195, 18.468195], [-66.103195, 18.468472], [-66.102913, 18.468472], [-66.102913, 18.468748], [-66.102364, 18.468748], [-66.102364, 18.46903], [-66.101524, 18.46903], [-66.101524, 18.468195], [-66.10125, 18.468195], [-66.10125, 18.467636], [-66.100975, 18.467636], [-66.100975, 18.467361], [-66.100418, 18.467361], [-66.100418, 18.467083], [-66.099861, 18.467083], [-66.099861, 18.466806], [-66.099586, 18.466806], [-66.099586, 18.466528], [-66.09903, 18.466528], [-66.09903, 18.466249], [-66.095695, 18.466249], [-66.095695, 18.466528], [-66.094582, 18.466528], [-66.094582, 18.466806], [-66.093475, 18.466806], [-66.093475, 18.467083], [-66.093193, 18.467083], [-66.093193, 18.466806], [-66.092361, 18.466806], [-66.092361, 18.467083], [-66.092087, 18.467083], [-66.092087, 18.466806], [-66.091248, 18.466806], [-66.091248, 18.467083], [-66.090698, 18.467083], [-66.090698, 18.467361], [-66.089859, 18.467361], [-66.089859, 18.467636], [-66.089584, 18.467636], [-66.089584, 18.467916], [-66.089027, 18.467916], [-66.089027, 18.468748], [-66.088753, 18.468748], [-66.088753, 18.468195], [-66.087639, 18.468195], [-66.087639, 18.467916], [-66.086807, 18.467916], [-66.086807, 18.467636], [-66.086525, 18.467636], [-66.086525, 18.467361], [-66.08625, 18.467361], [-66.08625, 18.467083], [-66.085976, 18.467083], [-66.085976, 18.466528], [-66.087082, 18.466528], [-66.087082, 18.465973], [-66.086807, 18.465973], [-66.086807, 18.465694], [-66.086525, 18.465694], [-66.086525, 18.464861], [-66.08625, 18.464861], [-66.08625, 18.464582], [-66.085976, 18.464582], [-66.085976, 18.464306], [-66.085693, 18.464306], [-66.085693, 18.464582], [-66.084305, 18.464582], [-66.084305, 18.464306], [-66.08403, 18.464306], [-66.08403, 18.463472], [-66.083748, 18.463472], [-66.083748, 18.46236], [-66.08403, 18.46236], [-66.08403, 18.462084], [-66.084587, 18.462084], [-66.084587, 18.461805], [-66.085136, 18.461805], [-66.085136, 18.461527], [-66.085693, 18.461527], [-66.085693, 18.46125], [-66.085976, 18.46125], [-66.085976, 18.460695], [-66.08625, 18.460695], [-66.08625, 18.459864], [-66.085976, 18.459864], [-66.085976, 18.458752], [-66.085693, 18.458752], [-66.085693, 18.458469], [-66.085419, 18.458469], [-66.085419, 18.458195], [-66.085136, 18.458195], [-66.085136, 18.457642], [-66.081802, 18.457642], [-66.081802, 18.457359], [-66.081528, 18.457359], [-66.081528, 18.457083], [-66.080139, 18.457083], [-66.080139, 18.456806], [-66.079865, 18.456806], [-66.079865, 18.456528], [-66.079582, 18.456528], [-66.079582, 18.456247], [-66.079308, 18.456247], [-66.079308, 18.455973], [-66.079025, 18.455973], [-66.079025, 18.455694], [-66.078476, 18.455694], [-66.078476, 18.455137], [-66.076805, 18.455137], [-66.076805, 18.455416], [-66.07653, 18.455416], [-66.07653, 18.455973], [-66.076248, 18.455973], [-66.076248, 18.456247], [-66.07653, 18.456247], [-66.07653, 18.457359], [-66.076805, 18.457359], [-66.076805, 18.457916], [-66.077362, 18.457916], [-66.077362, 18.458195], [-66.077637, 18.458195], [-66.077637, 18.458469], [-66.077919, 18.458469], [-66.077919, 18.458752], [-66.078751, 18.458752], [-66.078751, 18.459028], [-66.079582, 18.459028], [-66.079582, 18.459583], [-66.082642, 18.459583], [-66.082642, 18.459864], [-66.083191, 18.459864], [-66.083191, 18.460695], [-66.082916, 18.460695], [-66.082916, 18.46125], [-66.082642, 18.46125], [-66.082642, 18.461527], [-66.082085, 18.461527], [-66.082085, 18.461805], [-66.080696, 18.461805], [-66.080696, 18.461527], [-66.079025, 18.461527], [-66.079025, 18.46125], [-66.078751, 18.46125], [-66.078751, 18.460974], [-66.078194, 18.460974], [-66.078194, 18.460695], [-66.077362, 18.460695], [-66.077362, 18.460417], [-66.076805, 18.460417], [-66.076805, 18.460138], [-66.075417, 18.460138], [-66.075417, 18.459864], [-66.07486, 18.459864], [-66.07486, 18.459583], [-66.074585, 18.459583], [-66.074585, 18.459305], [-66.074303, 18.459305], [-66.074303, 18.459028], [-66.074028, 18.459028], [-66.074028, 18.458469], [-66.073753, 18.458469], [-66.073753, 18.458195], [-66.073196, 18.458195], [-66.073196, 18.457916], [-66.072639, 18.457916], [-66.072639, 18.457642], [-66.072365, 18.457642], [-66.072365, 18.457359], [-66.072083, 18.457359], [-66.072083, 18.457642], [-66.071251, 18.457642], [-66.071251, 18.457359], [-66.070419, 18.457359], [-66.070419, 18.457642], [-66.070137, 18.457642], [-66.070137, 18.457359], [-66.067917, 18.457359], [-66.067917, 18.457642], [-66.066803, 18.457642], [-66.066803, 18.457916], [-66.065971, 18.457916], [-66.065971, 18.457359], [-66.064583, 18.457359], [-66.064583, 18.457083], [-66.064308, 18.457083], [-66.064308, 18.456806], [-66.063751, 18.456806], [-66.063751, 18.456528], [-66.063469, 18.456528], [-66.063469, 18.456247], [-66.063194, 18.456247], [-66.063194, 18.455973], [-66.06292, 18.455973], [-66.06292, 18.455694], [-66.062637, 18.455694], [-66.062637, 18.455416], [-66.093735, 18.419123], [-66.063069, 18.378708], [-66.109068, 18.292997], [-66.133346, 18.30715], [-66.179772, 18.30715], [-66.246215, 18.259833], [-66.248373, 18.272498], [-66.250901, 18.287335], [-66.24366, 18.298254], [-66.244086, 18.364965], [-66.237697, 18.371836], [-66.240252, 18.406595], [-66.181252, 18.456528], [-66.180695, 18.456528], [-66.180695, 18.456247], [-66.180138, 18.456247], [-66.180138, 18.456528], [-66.179863, 18.456528], [-66.179863, 18.455973], [-66.179306, 18.455973], [-66.179306, 18.454861]]]]}}, {"type": "Feature", "properties": {"yucayeque": "HAIMANíO (Loíza)", "cacique": "Yuisa"}, "geometry": {"type": "MultiPolygon", "coordinates": [[[[-66.06208, 18.455137], [-66.060692, 18.455137], [-66.060692, 18.454584], [-66.05764, 18.454584], [-66.05764, 18.454306], [-66.057358, 18.454306], [-66.057358, 18.454584], [-66.054031, 18.454584], [-66.054031, 18.454861], [-66.053474, 18.454861], [-66.053474, 18.454584], [-66.052917, 18.454584], [-66.052917, 18.454306], [-66.051529, 18.454306], [-66.051529, 18.454027], [-66.050972, 18.454027], [-66.050972, 18.453751], [-66.05014, 18.453751], [-66.05014, 18.453194], [-66.049583, 18.453194], [-66.049583, 18.452915], [-66.04847, 18.452915], [-66.04847, 18.452639], [-66.047363, 18.452639], [-66.047363, 18.452915], [-66.045692, 18.452915], [-66.045692, 18.453194], [-66.045418, 18.453194], [-66.045418, 18.452915], [-66.044861, 18.452915], [-66.044861, 18.453194], [-66.044304, 18.453194], [-66.044304, 18.452915], [-66.044029, 18.452915], [-66.044029, 18.453194], [-66.042915, 18.453194], [-66.042915, 18.453472], [-66.042358, 18.453472], [-66.042358, 18.453751], [-66.042084, 18.453751], [-66.042084, 18.454027], [-66.041527, 18.454027], [-66.041527, 18.454306], [-66.040695, 18.454306], [-66.040695, 18.454027], [-66.040413, 18.454027], [-66.040413, 18.454306], [-66.039864, 18.454306], [-66.039864, 18.454584], [-66.039024, 18.454584], [-66.039024, 18.454306], [-66.03875, 18.454306], [-66.03875, 18.454027], [-66.038475, 18.454027], [-66.038475, 18.453472], [-66.038193, 18.453472], [-66.038193, 18.452915], [-66.037918, 18.452915], [-66.037918, 18.452362], [-66.037636, 18.452362], [-66.037636, 18.451805], [-66.037361, 18.451805], [-66.037361, 18.45125], [-66.037086, 18.45125], [-66.037086, 18.450972], [-66.036804, 18.450972], [-66.036804, 18.450697], [-66.036644, 18.450697], [-66.03653, 18.450697], [-66.03653, 18.450417], [-66.036247, 18.450417], [-66.036247, 18.450138], [-66.035973, 18.450138], [-66.035973, 18.449862], [-66.035416, 18.449862], [-66.035416, 18.449583], [-66.035141, 18.449583], [-66.035141, 18.449028], [-66.034859, 18.449028], [-66.034859, 18.44875], [-66.034302, 18.44875], [-66.034302, 18.448475], [-66.034027, 18.448475], [-66.034027, 18.448195], [-66.033752, 18.448195], [-66.033752, 18.447916], [-66.03347, 18.447916], [-66.03347, 18.447639], [-66.032913, 18.447639], [-66.032913, 18.447363], [-66.032639, 18.447363], [-66.032639, 18.447081], [-66.032364, 18.447081], [-66.032364, 18.446527], [-66.030693, 18.446527], [-66.030693, 18.446253], [-66.030418, 18.446253], [-66.030418, 18.445972], [-66.029861, 18.445972], [-66.029861, 18.445692], [-66.02903, 18.445692], [-66.02903, 18.445417], [-66.028473, 18.445417], [-66.028473, 18.445141], [-66.027641, 18.445141], [-66.027641, 18.444862], [-66.026802, 18.444862], [-66.026802, 18.444584], [-66.02597, 18.444584], [-66.02597, 18.444305], [-66.024582, 18.444305], [-66.024582, 18.444027], [-66.02153, 18.444027], [-66.02153, 18.444305], [-66.019859, 18.444305], [-66.019859, 18.444584], [-66.019302, 18.444584], [-66.019302, 18.444862], [-66.019028, 18.444862], [-66.019028, 18.445141], [-66.018196, 18.445141], [-66.018196, 18.445417], [-66.017365, 18.445417], [-66.017365, 18.445972], [-66.017082, 18.445972], [-66.017082, 18.446527], [-66.016808, 18.446527], [-66.016808, 18.446806], [-66.015694, 18.446806], [-66.015694, 18.446527], [-66.015419, 18.446527], [-66.015419, 18.446253], [-66.015137, 18.446253], [-66.015137, 18.445972], [-66.014862, 18.445972], [-66.014862, 18.445417], [-66.01458, 18.445417], [-66.01458, 18.445141], [-66.01403, 18.445141], [-66.01403, 18.444862], [-66.013191, 18.444862], [-66.013191, 18.444584], [-66.012642, 18.444584], [-66.012642, 18.444305], [-66.012085, 18.444305], [-66.012085, 18.444027], [-66.010414, 18.444027], [-66.010414, 18.444305], [-66.009583, 18.444305], [-66.009583, 18.444584], [-66.008751, 18.444584], [-66.008751, 18.444305], [-66.008469, 18.444305], [-66.008469, 18.444027], [-66.006805, 18.444027], [-66.006805, 18.444305], [-66.005142, 18.444305], [-66.005142, 18.444584], [-66.00486, 18.444584], [-66.00486, 18.444862], [-66.003754, 18.444862], [-66.003754, 18.445141], [-66.003197, 18.445141], [-66.003197, 18.445417], [-66.00264, 18.445417], [-66.00264, 18.445692], [-66.001808, 18.445692], [-66.001808, 18.445417], [-66.001526, 18.445417], [-66.001526, 18.447363], [-66.001251, 18.447363], [-66.001251, 18.447639], [-66.000694, 18.447639], [-66.000694, 18.447916], [-66.000137, 18.447916], [-65.999863, 18.447916], [-65.999863, 18.448475], [-65.99958, 18.448475], [-65.99958, 18.44875], [-65.998749, 18.44875], [-65.998749, 18.449028], [-65.998474, 18.449028], [-65.998474, 18.449306], [-65.997917, 18.449306], [-65.997917, 18.449583], [-65.99736, 18.449583], [-65.99736, 18.449862], [-65.996803, 18.449862], [-65.996803, 18.450697], [-65.996529, 18.450697], [-65.996529, 18.450972], [-65.996246, 18.450972], [-65.996246, 18.451529], [-65.995972, 18.451529], [-65.995972, 18.452084], [-65.995697, 18.452084], [-65.995697, 18.452362], [-65.995415, 18.452362], [-65.995415, 18.452639], [-65.99514, 18.452639], [-65.99514, 18.453472], [-65.994858, 18.453472], [-65.994858, 18.454306], [-65.994583, 18.454306], [-65.994583, 18.455137], [-65.994308, 18.455137], [-65.994308, 18.455973], [-65.994026, 18.455973], [-65.994026, 18.457916], [-65.99292, 18.457916], [-65.99292, 18.457642], [-65.992363, 18.457642], [-65.992363, 18.457359], [-65.992126, 18.457359], [-65.991806, 18.457359], [-65.991829, 18.457058], [-65.991249, 18.457083], [-65.991249, 18.456806], [-65.990692, 18.456806], [-65.990692, 18.456528], [-65.990135, 18.456528], [-65.990189, 18.455366], [-65.989586, 18.455416], [-65.989586, 18.455137], [-65.989029, 18.455137], [-65.989029, 18.454861], [-65.988197, 18.454861], [-65.988197, 18.454584], [-65.98764, 18.454584], [-65.98764, 18.454306], [-65.986526, 18.454306], [-65.986526, 18.454584], [-65.986252, 18.454584], [-65.986252, 18.455137], [-65.98597, 18.455137], [-65.98597, 18.455694], [-65.985695, 18.455694], [-65.985695, 18.456528], [-65.98597, 18.456528], [-65.98597, 18.456806], [-65.987083, 18.456806], [-65.987083, 18.456528], [-65.98764, 18.456528], [-65.98764, 18.456247], [-65.988747, 18.456247], [-65.988747, 18.456528], [-65.989029, 18.456528], [-65.989029, 18.456806], [-65.989304, 18.456806], [-65.989304, 18.457083], [-65.989586, 18.457083], [-65.989586, 18.457642], [-65.989861, 18.457642], [-65.989861, 18.457916], [-65.990974, 18.457916], [-65.990974, 18.458195], [-65.991531, 18.458195], [-65.991531, 18.458469], [-65.992363, 18.458469], [-65.992363, 18.458752], [-65.99292, 18.458752], [-65.99292, 18.459305], [-65.992638, 18.459305], [-65.992638, 18.460138], [-65.991806, 18.460138], [-65.991806, 18.460417], [-65.990417, 18.460417], [-65.990417, 18.460138], [-65.990135, 18.460138], [-65.990135, 18.459864], [-65.989861, 18.459864], [-65.989861, 18.459583], [-65.989304, 18.459583], [-65.989304, 18.459305], [-65.989029, 18.459305], [-65.989029, 18.459028], [-65.987083, 18.459028], [-65.987083, 18.458752], [-65.986252, 18.458752], [-65.986252, 18.458469], [-65.985695, 18.458469], [-65.985695, 18.458195], [-65.98542, 18.458195], [-65.98542, 18.457916], [-65.984581, 18.457916], [-65.984581, 18.457642], [-65.984024, 18.457642], [-65.984024, 18.457359], [-65.983749, 18.457359], [-65.983749, 18.456806], [-65.983192, 18.456806], [-65.983192, 18.456528], [-65.981247, 18.456528], [-65.981247, 18.456806], [-65.980415, 18.456806], [-65.980415, 18.457083], [-65.980141, 18.457083], [-65.980141, 18.457359], [-65.979858, 18.457359], [-65.979858, 18.457916], [-65.979584, 18.457916], [-65.979584, 18.458469], [-65.979858, 18.458469], [-65.979858, 18.459028], [-65.980141, 18.459028], [-65.980141, 18.459583], [-65.979858, 18.459583], [-65.979858, 18.459864], [-65.977913, 18.459864], [-65.977913, 18.459583], [-65.977638, 18.459583], [-65.977638, 18.459305], [-65.977364, 18.459305], [-65.977364, 18.459028], [-65.977081, 18.459028], [-65.977081, 18.458469], [-65.976807, 18.458469], [-65.976807, 18.458195], [-65.97625, 18.458195], [-65.97625, 18.457916], [-65.975975, 18.457916], [-65.975975, 18.457642], [-65.975418, 18.457642], [-65.975418, 18.457083], [-65.975136, 18.457083], [-65.975136, 18.456806], [-65.974861, 18.456806], [-65.974861, 18.456528], [-65.974304, 18.456528], [-65.974304, 18.456247], [-65.973747, 18.456247], [-65.973747, 18.455973], [-65.972359, 18.455973], [-65.972359, 18.455694], [-65.970695, 18.455694], [-65.970695, 18.455416], [-65.969307, 18.455416], [-65.969307, 18.455137], [-65.96875, 18.455137], [-65.96875, 18.454861], [-65.967918, 18.454861], [-65.967918, 18.454584], [-65.967361, 18.454584], [-65.967361, 18.454306], [-65.966248, 18.454306], [-65.966248, 18.454027], [-65.965698, 18.454027], [-65.965698, 18.453751], [-65.964859, 18.453751], [-65.964859, 18.453472], [-65.964027, 18.453472], [-65.964027, 18.453194], [-65.963196, 18.453194], [-65.963196, 18.452915], [-65.962639, 18.452915], [-65.962639, 18.452639], [-65.961525, 18.452639], [-65.961525, 18.452362], [-65.960976, 18.452362], [-65.960976, 18.452084], [-65.959862, 18.452084], [-65.959862, 18.451805], [-65.959587, 18.451805], [-65.959587, 18.451529], [-65.958748, 18.451529], [-65.958748, 18.45125], [-65.957642, 18.45125], [-65.957642, 18.450972], [-65.956528, 18.450972], [-65.956528, 18.450697], [-65.954582, 18.450697], [-65.954582, 18.450417], [-65.953476, 18.450417], [-65.953476, 18.450138], [-65.950142, 18.450138], [-65.950142, 18.449862], [-65.949303, 18.449862], [-65.949303, 18.449583], [-65.947083, 18.449583], [-65.947083, 18.449306], [-65.946808, 18.449306], [-65.946808, 18.449028], [-65.946526, 18.449028], [-65.946526, 18.44875], [-65.945694, 18.44875], [-65.945694, 18.448475], [-65.944862, 18.448475], [-65.944862, 18.448195], [-65.943192, 18.448195], [-65.943192, 18.447916], [-65.942917, 18.447916], [-65.942917, 18.447639], [-65.942085, 18.447639], [-65.942085, 18.447363], [-65.941254, 18.447363], [-65.941254, 18.447081], [-65.94014, 18.447081], [-65.94014, 18.446806], [-65.936531, 18.446806], [-65.936531, 18.446527], [-65.935417, 18.446527], [-65.935417, 18.446253], [-65.933746, 18.446253], [-65.933746, 18.445972], [-65.929306, 18.445972], [-65.929306, 18.445692], [-65.928474, 18.445692], [-65.928474, 18.445417], [-65.928192, 18.445417], [-65.928192, 18.445141], [-65.927917, 18.445141], [-65.927917, 18.445417], [-65.927361, 18.445417], [-65.927361, 18.445141], [-65.926529, 18.445141], [-65.926529, 18.444862], [-65.925415, 18.444862], [-65.925415, 18.444584], [-65.92347, 18.444584], [-65.92347, 18.444862], [-65.92292, 18.444862], [-65.92292, 18.445141], [-65.920418, 18.445141], [-65.920418, 18.444862], [-65.920135, 18.444862], [-65.920135, 18.445141], [-65.919304, 18.445141], [-65.919304, 18.444862], [-65.918472, 18.444862], [-65.918472, 18.444584], [-65.916809, 18.444584], [-65.916809, 18.444305], [-65.916252, 18.444305], [-65.916252, 18.444584], [-65.915413, 18.444584], [-65.915413, 18.444862], [-65.914864, 18.444862], [-65.914864, 18.445141], [-65.913475, 18.445141], [-65.913475, 18.445417], [-65.912918, 18.445417], [-65.912918, 18.445692], [-65.912361, 18.445692], [-65.912361, 18.445972], [-65.912086, 18.445972], [-65.912086, 18.446253], [-65.911804, 18.446253], [-65.911804, 18.446527], [-65.911247, 18.446527], [-65.911247, 18.446806], [-65.907364, 18.446806], [-66.063069, 18.378708], [-66.074451, 18.393709], [-66.093735, 18.419123], [-66.062637, 18.455416], [-66.06208, 18.455416], [-66.06208, 18.455137]]]]}}, {"type": "Feature", "properties": {"yucayeque": "CAYNABON (Canóvanas/ RíoGrande)", "cacique": "Canóvana"}, "geometry": {"type": "MultiPolygon", "coordinates": [[[[-65.907364, 18.447081], [-65.905418, 18.449418], [-65.905418, 18.449862], [-65.905136, 18.449862], [-65.905136, 18.450138], [-65.904861, 18.450138], [-65.904861, 18.450417], [-65.904587, 18.450417], [-65.904587, 18.450972], [-65.906525, 18.450972], [-65.906525, 18.45125], [-65.907082, 18.45125], [-65.907082, 18.451529], [-65.907364, 18.451529], [-65.907364, 18.452084], [-65.907082, 18.452084], [-65.907082, 18.452639], [-65.905975, 18.452639], [-65.905975, 18.452915], [-65.904861, 18.452915], [-65.904861, 18.453194], [-65.903473, 18.453194], [-65.903473, 18.452915], [-65.902916, 18.452915], [-65.902916, 18.452639], [-65.90097, 18.452639], [-65.90097, 18.452362], [-65.900414, 18.452362], [-65.900414, 18.452084], [-65.900139, 18.452084], [-65.900139, 18.451805], [-65.897919, 18.451805], [-65.897919, 18.451529], [-65.897636, 18.451529], [-65.897636, 18.45125], [-65.897362, 18.45125], [-65.897362, 18.450972], [-65.897087, 18.450972], [-65.897087, 18.450417], [-65.896805, 18.450417], [-65.896805, 18.450138], [-65.89653, 18.450138], [-65.89653, 18.449862], [-65.895973, 18.449862], [-65.895973, 18.449583], [-65.895416, 18.449583], [-65.895416, 18.44875], [-65.895691, 18.44875], [-65.895691, 18.447639], [-65.895416, 18.447639], [-65.895416, 18.447363], [-65.895142, 18.447363], [-65.895142, 18.447081], [-65.894585, 18.447081], [-65.894585, 18.446806], [-65.894028, 18.446806], [-65.894028, 18.446527], [-65.893753, 18.446527], [-65.893753, 18.446253], [-65.893196, 18.446253], [-65.893196, 18.445972], [-65.892914, 18.445972], [-65.892914, 18.445692], [-65.891808, 18.445692], [-65.891808, 18.445417], [-65.891251, 18.445417], [-65.891251, 18.445141], [-65.890976, 18.445141], [-65.890976, 18.444862], [-65.890694, 18.444862], [-65.890694, 18.444584], [-65.890137, 18.444584], [-65.890137, 18.444305], [-65.888748, 18.444305], [-65.888748, 18.444027], [-65.888474, 18.444027], [-65.888474, 18.443748], [-65.887642, 18.443748], [-65.887642, 18.443472], [-65.886803, 18.443472], [-65.886803, 18.443195], [-65.886528, 18.443195], [-65.886528, 18.442917], [-65.886253, 18.442917], [-65.886253, 18.442638], [-65.885971, 18.442638], [-65.885971, 18.442362], [-65.885696, 18.442362], [-65.885696, 18.442083], [-65.885139, 18.442083], [-65.885139, 18.441805], [-65.884865, 18.441805], [-65.884865, 18.441526], [-65.884583, 18.441526], [-65.884583, 18.44125], [-65.884026, 18.44125], [-65.884026, 18.440971], [-65.883469, 18.440971], [-65.883469, 18.440695], [-65.882362, 18.440695], [-65.882362, 18.440416], [-65.881805, 18.440416], [-65.881805, 18.44014], [-65.881248, 18.44014], [-65.881248, 18.439861], [-65.880692, 18.439861], [-65.880692, 18.439583], [-65.880417, 18.439583], [-65.880417, 18.439306], [-65.87986, 18.439306], [-65.87986, 18.439028], [-65.879303, 18.439028], [-65.879303, 18.437916], [-65.87986, 18.437916], [-65.87986, 18.437639], [-65.880142, 18.437639], [-65.880142, 18.437361], [-65.880417, 18.437361], [-65.880417, 18.436806], [-65.880692, 18.436806], [-65.880692, 18.436251], [-65.881248, 18.436251], [-65.881248, 18.435972], [-65.881531, 18.435972], [-65.881531, 18.435694], [-65.88208, 18.435694], [-65.88208, 18.435139], [-65.882637, 18.435139], [-65.882637, 18.43486], [-65.882919, 18.43486], [-65.882919, 18.434584], [-65.883194, 18.434584], [-65.883194, 18.434305], [-65.883469, 18.434305], [-65.883469, 18.43375], [-65.883751, 18.43375], [-65.883751, 18.433474], [-65.884026, 18.433474], [-65.884026, 18.433195], [-65.884308, 18.433195], [-65.884308, 18.432917], [-65.884583, 18.432917], [-65.884583, 18.432638], [-65.885139, 18.432638], [-65.885139, 18.432362], [-65.885414, 18.432362], [-65.885414, 18.432081], [-65.885696, 18.432081], [-65.885696, 18.431805], [-65.885971, 18.431805], [-65.885971, 18.431528], [-65.886253, 18.431528], [-65.886253, 18.431252], [-65.886528, 18.431252], [-65.886528, 18.430973], [-65.887085, 18.430973], [-65.887085, 18.430695], [-65.88736, 18.430695], [-65.88736, 18.430416], [-65.887642, 18.430416], [-65.887642, 18.430141], [-65.887917, 18.430141], [-65.887917, 18.429859], [-65.888191, 18.429859], [-65.888191, 18.429306], [-65.888474, 18.429306], [-65.888474, 18.429028], [-65.888748, 18.429028], [-65.888748, 18.428747], [-65.88903, 18.428747], [-65.88903, 18.428194], [-65.889305, 18.428194], [-65.889305, 18.427917], [-65.88958, 18.427917], [-65.88958, 18.427637], [-65.889862, 18.427637], [-65.889862, 18.427084], [-65.890137, 18.427084], [-65.890137, 18.426805], [-65.890419, 18.426805], [-65.890419, 18.426525], [-65.890694, 18.426525], [-65.890694, 18.425972], [-65.890976, 18.425972], [-65.890976, 18.425694], [-65.891251, 18.425694], [-65.891251, 18.425417], [-65.891525, 18.425417], [-65.891525, 18.424862], [-65.891808, 18.424862], [-65.891808, 18.424583], [-65.892082, 18.424583], [-65.892082, 18.424307], [-65.892365, 18.424307], [-65.892365, 18.424028], [-65.892639, 18.424028], [-65.892639, 18.42375], [-65.892914, 18.42375], [-65.892914, 18.423195], [-65.893196, 18.423195], [-65.893196, 18.422916], [-65.893471, 18.422916], [-65.893471, 18.422638], [-65.893753, 18.422638], [-65.893753, 18.422361], [-65.894028, 18.422361], [-65.894028, 18.422085], [-65.894302, 18.422085], [-65.894302, 18.421806], [-65.894585, 18.421806], [-65.894585, 18.421249], [-65.894859, 18.421249], [-65.894859, 18.420973], [-65.895142, 18.420973], [-65.895142, 18.420694], [-65.895416, 18.420694], [-65.895416, 18.420416], [-65.895691, 18.420416], [-65.895691, 18.420139], [-65.895973, 18.420139], [-65.895973, 18.419863], [-65.896248, 18.419863], [-65.896248, 18.419306], [-65.89653, 18.419306], [-65.89653, 18.419027], [-65.896805, 18.419027], [-65.896805, 18.418753], [-65.897087, 18.418753], [-65.897087, 18.41847], [-65.897362, 18.41847], [-65.897362, 18.417917], [-65.897636, 18.417917], [-65.897636, 18.417358], [-65.897919, 18.417358], [-65.897919, 18.416805], [-65.898193, 18.416805], [-65.898193, 18.416531], [-65.898476, 18.416531], [-65.898476, 18.415972], [-65.89875, 18.415972], [-65.89875, 18.415417], [-65.899025, 18.415417], [-65.899025, 18.415138], [-65.898193, 18.415138], [-65.898193, 18.415417], [-65.897919, 18.415417], [-65.897919, 18.415695], [-65.897636, 18.415695], [-65.897636, 18.416248], [-65.897362, 18.416248], [-65.897362, 18.416531], [-65.897087, 18.416531], [-65.897087, 18.416805], [-65.896805, 18.416805], [-65.896805, 18.417358], [-65.89653, 18.417358], [-65.89653, 18.417641], [-65.896248, 18.417641], [-65.896248, 18.417917], [-65.895973, 18.417917], [-65.895973, 18.41847], [-65.895691, 18.41847], [-65.895691, 18.418753], [-65.895416, 18.418753], [-65.895416, 18.419027], [-65.895142, 18.419027], [-65.895142, 18.419306], [-65.894859, 18.419306], [-65.894859, 18.419584], [-65.894585, 18.419584], [-65.894585, 18.420139], [-65.894302, 18.420139], [-65.894302, 18.420416], [-65.894028, 18.420416], [-65.894028, 18.420694], [-65.893753, 18.420694], [-65.893753, 18.420973], [-65.893471, 18.420973], [-65.893471, 18.421249], [-65.893196, 18.421249], [-65.893196, 18.421806], [-65.892914, 18.421806], [-65.892914, 18.422085], [-65.892639, 18.422085], [-65.892639, 18.422361], [-65.892365, 18.422361], [-65.892365, 18.422638], [-65.892082, 18.422638], [-65.892082, 18.422916], [-65.891808, 18.422916], [-65.891808, 18.423471], [-65.891525, 18.423471], [-65.891525, 18.42375], [-65.891251, 18.42375], [-65.891251, 18.424028], [-65.890976, 18.424028], [-65.890976, 18.424307], [-65.890694, 18.424307], [-65.890694, 18.424583], [-65.890419, 18.424583], [-65.890419, 18.425138], [-65.890137, 18.425138], [-65.890137, 18.425417], [-65.889862, 18.425417], [-65.889862, 18.425694], [-65.88958, 18.425694], [-65.88958, 18.425972], [-65.889305, 18.425972], [-65.889305, 18.42625], [-65.88903, 18.42625], [-65.88903, 18.426805], [-65.888748, 18.426805], [-65.888748, 18.427084], [-65.888474, 18.427084], [-65.888474, 18.427361], [-65.888191, 18.427361], [-65.888191, 18.427637], [-65.887917, 18.427637], [-65.887917, 18.428194], [-65.887642, 18.428194], [-65.887642, 18.428473], [-65.88736, 18.428473], [-65.88736, 18.428747], [-65.887085, 18.428747], [-65.887085, 18.429306], [-65.886803, 18.429306], [-65.886803, 18.429583], [-65.886528, 18.429583], [-65.886528, 18.429859], [-65.886253, 18.429859], [-65.886253, 18.430141], [-65.885971, 18.430141], [-65.885971, 18.430416], [-65.885696, 18.430416], [-65.885696, 18.430695], [-65.885414, 18.430695], [-65.885414, 18.430973], [-65.885139, 18.430973], [-65.885139, 18.431252], [-65.884865, 18.431252], [-65.884865, 18.431528], [-65.884583, 18.431528], [-65.884583, 18.431805], [-65.884308, 18.431805], [-65.884308, 18.432081], [-65.884026, 18.432081], [-65.884026, 18.432362], [-65.883751, 18.432362], [-65.883751, 18.432638], [-65.883469, 18.432638], [-65.883469, 18.432917], [-65.883194, 18.432917], [-65.883194, 18.433195], [-65.882919, 18.433195], [-65.882919, 18.433474], [-65.882637, 18.433474], [-65.882637, 18.434029], [-65.881805, 18.434029], [-65.881805, 18.434584], [-65.881248, 18.434584], [-65.881248, 18.43486], [-65.880974, 18.43486], [-65.880974, 18.435139], [-65.880417, 18.435139], [-65.880417, 18.435417], [-65.880142, 18.435417], [-65.880142, 18.435694], [-65.879585, 18.435694], [-65.879585, 18.435972], [-65.879303, 18.435972], [-65.879303, 18.436251], [-65.878754, 18.436251], [-65.878754, 18.436527], [-65.878471, 18.436527], [-65.878471, 18.436806], [-65.878197, 18.436806], [-65.878197, 18.437084], [-65.877357, 18.437084], [-65.877357, 18.437361], [-65.873192, 18.437361], [-65.873192, 18.437084], [-65.872917, 18.437084], [-65.872917, 18.436806], [-65.871246, 18.436806], [-65.871246, 18.436527], [-65.870972, 18.436527], [-65.870972, 18.436251], [-65.870697, 18.436251], [-65.870697, 18.435972], [-65.869583, 18.435972], [-65.869583, 18.436251], [-65.869026, 18.436251], [-65.869026, 18.435972], [-65.866806, 18.435972], [-65.866806, 18.435694], [-65.865974, 18.435694], [-65.865974, 18.435972], [-65.865417, 18.435972], [-65.865417, 18.435694], [-65.863747, 18.435694], [-65.863747, 18.435417], [-65.862915, 18.435417], [-65.862915, 18.435139], [-65.862358, 18.435139], [-65.862358, 18.43486], [-65.86097, 18.43486], [-65.86097, 18.434584], [-65.86042, 18.434584], [-65.86042, 18.43486], [-65.858192, 18.43486], [-65.858192, 18.434584], [-65.856529, 18.434584], [-65.856529, 18.43486], [-65.855972, 18.43486], [-65.855972, 18.434584], [-65.855698, 18.434584], [-65.855698, 18.43486], [-65.854309, 18.43486], [-65.854309, 18.435139], [-65.853195, 18.435139], [-65.853195, 18.43486], [-65.852638, 18.43486], [-65.852638, 18.434584], [-65.852364, 18.434584], [-65.852364, 18.434305], [-65.851807, 18.434305], [-65.851807, 18.434029], [-65.85125, 18.434029], [-65.85125, 18.43375], [-65.850975, 18.43375], [-65.850975, 18.433474], [-65.849861, 18.433474], [-65.849861, 18.43375], [-65.848198, 18.43375], [-65.848198, 18.433474], [-65.847641, 18.433474], [-65.847641, 18.433195], [-65.847084, 18.433195], [-65.847084, 18.432917], [-65.846527, 18.432917], [-65.846527, 18.432638], [-65.846252, 18.432638], [-65.846252, 18.432362], [-65.84597, 18.432362], [-65.84597, 18.432081], [-65.845695, 18.432081], [-65.845695, 18.431805], [-65.844582, 18.431805], [-65.844582, 18.431528], [-65.84375, 18.431528], [-65.84375, 18.431252], [-65.839584, 18.431252], [-65.839584, 18.431528], [-65.839027, 18.431528], [-65.839027, 18.431805], [-65.838753, 18.431805], [-65.838753, 18.432081], [-65.836807, 18.432081], [-65.836807, 18.431805], [-65.83625, 18.431805], [-65.83625, 18.431528], [-65.835976, 18.431528], [-65.835976, 18.431252], [-65.835419, 18.431252], [-65.835419, 18.430973], [-65.834587, 18.430973], [-65.834587, 18.430695], [-65.83403, 18.430695], [-65.83403, 18.430416], [-65.833473, 18.430416], [-65.833473, 18.430141], [-65.833191, 18.430141], [-65.833191, 18.429859], [-65.832916, 18.429859], [-65.832916, 18.429306], [-65.832642, 18.429306], [-65.832642, 18.429028], [-65.832359, 18.429028], [-65.832359, 18.427361], [-65.832085, 18.427361], [-65.832085, 18.426805], [-65.831802, 18.426805], [-65.831802, 18.426525], [-65.831528, 18.426525], [-65.831528, 18.42625], [-65.831253, 18.42625], [-65.831253, 18.425972], [-65.830971, 18.425972], [-65.830971, 18.425694], [-65.830696, 18.425694], [-65.830696, 18.424862], [-65.830414, 18.424862], [-65.830414, 18.424583], [-65.830139, 18.424583], [-65.830139, 18.424028], [-65.829865, 18.424028], [-65.829865, 18.422638], [-65.829582, 18.422638], [-65.829582, 18.422361], [-65.829308, 18.422361], [-65.829308, 18.422085], [-65.828751, 18.422085], [-65.828751, 18.422361], [-65.827919, 18.422361], [-65.827919, 18.422085], [-65.827362, 18.422085], [-65.827362, 18.421806], [-65.82708, 18.421806], [-65.82708, 18.421528], [-65.82653, 18.421528], [-65.82653, 18.421249], [-65.825974, 18.421249], [-65.825974, 18.420973], [-65.825691, 18.420973], [-65.825691, 18.420694], [-65.825142, 18.420694], [-65.825142, 18.420416], [-65.82486, 18.420416], [-65.82486, 18.420139], [-65.824585, 18.420139], [-65.824585, 18.419863], [-65.822639, 18.419863], [-65.822639, 18.419584], [-65.822083, 18.419584], [-65.822083, 18.419306], [-65.821808, 18.419306], [-65.821808, 18.418753], [-65.821526, 18.418753], [-65.821526, 18.418194], [-65.821251, 18.418194], [-65.821251, 18.417641], [-65.820969, 18.417641], [-65.820969, 18.417358], [-65.820694, 18.417358], [-65.820694, 18.416805], [-65.820419, 18.416805], [-65.820419, 18.415417], [-65.820137, 18.415417], [-65.820137, 18.414583], [-65.819862, 18.414583], [-65.819862, 18.414305], [-65.81958, 18.414305], [-65.81958, 18.414026], [-65.819305, 18.414026], [-65.819305, 18.41375], [-65.819031, 18.41375], [-65.819031, 18.413195], [-65.818748, 18.413195], [-65.818748, 18.41264], [-65.818474, 18.41264], [-65.818474, 18.412083], [-65.818192, 18.412083], [-65.818192, 18.411804], [-65.817917, 18.411804], [-65.817917, 18.411528], [-65.817642, 18.411528], [-65.817642, 18.411249], [-65.817085, 18.411249], [-65.817085, 18.410973], [-65.816803, 18.410973], [-65.816803, 18.410694], [-65.816528, 18.410694], [-65.816528, 18.410418], [-65.815971, 18.410418], [-65.815971, 18.410139], [-65.815414, 18.410139], [-65.815414, 18.409861], [-65.814857, 18.409861], [-65.814857, 18.409306], [-65.811249, 18.409306], [-65.811249, 18.409027], [-65.807083, 18.409027], [-65.807083, 18.409306], [-65.806526, 18.409306], [-65.806526, 18.409586], [-65.806252, 18.409586], [-65.806252, 18.410139], [-65.805969, 18.410139], [-65.805969, 18.410418], [-65.804863, 18.410418], [-65.804863, 18.410139], [-65.804581, 18.410139], [-65.804581, 18.409586], [-65.803474, 18.409586], [-65.803474, 18.409861], [-65.803192, 18.409861], [-65.803192, 18.410418], [-65.802917, 18.410418], [-65.802917, 18.410694], [-65.802635, 18.410694], [-65.802635, 18.410973], [-65.802361, 18.410973], [-65.802361, 18.411249], [-65.802086, 18.411249], [-65.802086, 18.411528], [-65.801804, 18.411528], [-65.801804, 18.412083], [-65.801529, 18.412083], [-65.801529, 18.412361], [-65.801247, 18.412361], [-65.801247, 18.41264], [-65.800697, 18.41264], [-65.800697, 18.412916], [-65.800415, 18.412916], [-65.800415, 18.413195], [-65.80014, 18.413195], [-65.80014, 18.413473], [-65.799309, 18.413473], [-65.799309, 18.41375], [-65.798752, 18.41375], [-65.798752, 18.414026], [-65.79847, 18.414026], [-65.79847, 18.414305], [-65.798195, 18.414305], [-65.798195, 18.414583], [-65.79792, 18.414583], [-65.79792, 18.414862], [-65.797638, 18.414862], [-65.797638, 18.415417], [-65.797363, 18.415417], [-65.797363, 18.415972], [-65.797081, 18.415972], [-65.797081, 18.416248], [-65.796806, 18.416248], [-65.796806, 18.416531], [-65.796524, 18.416531], [-65.796524, 18.417084], [-65.796249, 18.417084], [-65.796249, 18.417358], [-65.795975, 18.417358], [-65.795975, 18.417917], [-65.795692, 18.417917], [-65.795692, 18.418194], [-65.795418, 18.418194], [-65.795418, 18.418753], [-65.795135, 18.418753], [-65.795135, 18.419027], [-65.794861, 18.419027], [-65.794861, 18.419306], [-65.794304, 18.419306], [-65.794304, 18.419584], [-65.794029, 18.419584], [-65.794029, 18.419863], [-65.793472, 18.419863], [-65.793472, 18.420416], [-65.793198, 18.420416], [-65.793198, 18.420694], [-65.792915, 18.420694], [-65.792915, 18.420973], [-65.792358, 18.420973], [-65.792358, 18.421249], [-65.791527, 18.421249], [-65.791527, 18.421528], [-65.79097, 18.421528], [-65.79097, 18.421806], [-65.790138, 18.421806], [-65.790138, 18.421528], [-65.789581, 18.421528], [-65.789581, 18.421249], [-65.789307, 18.421249], [-65.789307, 18.420694], [-65.789024, 18.420694], [-65.789024, 18.419863], [-65.789307, 18.419863], [-65.789307, 18.419584], [-65.789024, 18.419584], [-65.789024, 18.418753], [-65.789307, 18.418753], [-65.789307, 18.418194], [-65.789581, 18.418194], [-65.789581, 18.417917], [-65.789864, 18.417917], [-65.789864, 18.417641], [-65.790138, 18.417641], [-65.790138, 18.417084], [-65.790413, 18.417084], [-65.790413, 18.416805], [-65.790695, 18.416805], [-65.790695, 18.416531], [-65.79097, 18.416531], [-65.79097, 18.416248], [-65.791252, 18.416248], [-65.791252, 18.415695], [-65.791527, 18.415695], [-65.791527, 18.415417], [-65.791809, 18.415417], [-65.791809, 18.415138], [-65.792358, 18.415138], [-65.792358, 18.414862], [-65.792641, 18.414862], [-65.792641, 18.414583], [-65.792915, 18.414583], [-65.792915, 18.414305], [-65.793198, 18.414305], [-65.793198, 18.414026], [-65.793747, 18.414026], [-65.793747, 18.41375], [-65.794029, 18.41375], [-65.794029, 18.413473], [-65.794304, 18.413473], [-65.794304, 18.413195], [-65.794586, 18.413195], [-65.794586, 18.412916], [-65.794861, 18.412916], [-65.794861, 18.41264], [-65.795135, 18.41264], [-65.795135, 18.412083], [-65.795418, 18.412083], [-65.795418, 18.411804], [-65.795692, 18.411804], [-65.795692, 18.411249], [-65.795975, 18.411249], [-65.795975, 18.410418], [-65.796249, 18.410418], [-65.796249, 18.410139], [-65.796524, 18.410139], [-65.796524, 18.409861], [-65.796806, 18.409861], [-65.796806, 18.409306], [-65.797081, 18.409306], [-65.797081, 18.408751], [-65.79792, 18.408751], [-65.79792, 18.408472], [-65.798195, 18.408472], [-65.798195, 18.407364], [-65.79792, 18.407364], [-65.79792, 18.406805], [-65.797638, 18.406805], [-65.797638, 18.406528], [-65.797363, 18.406528], [-65.797363, 18.406252], [-65.797081, 18.406252], [-65.797081, 18.40597], [-65.796806, 18.40597], [-65.796806, 18.405695], [-65.796524, 18.405695], [-65.796524, 18.405416], [-65.795975, 18.405416], [-65.795975, 18.40514], [-65.794586, 18.40514], [-65.794586, 18.405416], [-65.793747, 18.405416], [-65.793747, 18.405695], [-65.792358, 18.405695], [-65.792358, 18.40597], [-65.790138, 18.40597], [-65.790138, 18.406252], [-65.788193, 18.406252], [-65.788193, 18.406528], [-65.787086, 18.406528], [-65.787086, 18.406805], [-65.78653, 18.406805], [-65.78653, 18.407084], [-65.785973, 18.407084], [-65.785973, 18.407364], [-65.785416, 18.407364], [-65.785416, 18.407639], [-65.784859, 18.407639], [-65.784859, 18.407917], [-65.784584, 18.407917], [-65.784584, 18.408194], [-65.784302, 18.408194], [-65.784302, 18.408472], [-65.784027, 18.408472], [-65.784027, 18.408751], [-65.78347, 18.408751], [-65.78347, 18.409027], [-65.781807, 18.409027], [-65.781807, 18.409306], [-65.781525, 18.409306], [-65.781525, 18.409586], [-65.780975, 18.409586], [-65.780975, 18.409861], [-65.780136, 18.409861], [-65.780136, 18.410139], [-65.779587, 18.410139], [-65.779587, 18.410418], [-65.77903, 18.410418], [-65.77903, 18.410694], [-65.778473, 18.410694], [-65.778473, 18.410973], [-65.778198, 18.410973], [-65.778198, 18.411249], [-65.777359, 18.411249], [-65.777359, 18.411528], [-65.776527, 18.411528], [-65.776527, 18.411804], [-65.776253, 18.411804], [-65.776253, 18.412083], [-65.77597, 18.412083], [-65.77597, 18.412361], [-65.775696, 18.412361], [-65.775696, 18.41264], [-65.775414, 18.41264], [-65.775414, 18.412916], [-65.775139, 18.412916], [-65.775139, 18.413473], [-65.774864, 18.413473], [-65.774864, 18.41375], [-65.774582, 18.41375], [-65.774582, 18.414026], [-65.774025, 18.414026], [-65.774025, 18.41375], [-65.772087, 18.41375], [-65.772087, 18.413473], [-65.771248, 18.413473], [-65.771248, 18.413195], [-65.770973, 18.413195], [-65.770973, 18.412916], [-65.770691, 18.412916], [-65.770691, 18.41264], [-65.770416, 18.41264], [-65.770416, 18.412083], [-65.770142, 18.412083], [-65.770142, 18.411528], [-65.769859, 18.411528], [-65.769859, 18.409306], [-65.770142, 18.409306], [-65.770142, 18.409027], [-65.770416, 18.409027], [-65.770416, 18.408194], [-65.770691, 18.408194], [-65.770691, 18.407364], [-65.770973, 18.407364], [-65.770973, 18.407084], [-65.771248, 18.407084], [-65.771248, 18.406805], [-65.77153, 18.406805], [-65.77153, 18.406252], [-65.771805, 18.406252], [-65.771805, 18.40486], [-65.772087, 18.40486], [-65.772087, 18.403751], [-65.772362, 18.403751], [-65.772362, 18.401527], [-65.772087, 18.401527], [-65.879071, 18.2841], [-65.968088, 18.244058], [-66.109068, 18.292997], [-66.100432, 18.309092], [-66.063069, 18.378708], [-65.907364, 18.446806], [-65.907364, 18.447081]]]]}}, {"type": "Feature", "properties": {"yucayeque": "DAGUAO (Luquillo/ Fajardo/ Naguabo)", "cacique": "Yuqibo or Yukibo"}, "geometry": {"type": "MultiPolygon", "coordinates": [[[[-65.768753, 18.39875], [-65.768471, 18.39875], [-65.768471, 18.398666], [-65.765976, 18.397917], [-65.765976, 18.397638], [-65.762917, 18.397638], [-65.762917, 18.397362], [-65.762085, 18.397362], [-65.762085, 18.397083], [-65.761803, 18.397083], [-65.761803, 18.396528], [-65.761528, 18.396528], [-65.761528, 18.395971], [-65.761253, 18.395971], [-65.761253, 18.394585], [-65.760971, 18.394585], [-65.760971, 18.394306], [-65.760696, 18.394306], [-65.760696, 18.393749], [-65.760414, 18.393749], [-65.760414, 18.393473], [-65.760139, 18.393473], [-65.760139, 18.392639], [-65.759865, 18.392639], [-65.759865, 18.391806], [-65.759583, 18.391806], [-65.759583, 18.391527], [-65.758469, 18.391527], [-65.758469, 18.391249], [-65.758194, 18.391249], [-65.758194, 18.39097], [-65.757919, 18.39097], [-65.757919, 18.390694], [-65.757362, 18.390694], [-65.757362, 18.390417], [-65.756805, 18.390417], [-65.756805, 18.390141], [-65.756531, 18.390141], [-65.756531, 18.38986], [-65.755692, 18.38986], [-65.755692, 18.389584], [-65.755142, 18.389584], [-65.755142, 18.389305], [-65.754585, 18.389305], [-65.754585, 18.38903], [-65.754303, 18.38903], [-65.754303, 18.388748], [-65.754028, 18.388748], [-65.754028, 18.388472], [-65.752357, 18.388472], [-65.752357, 18.388195], [-65.752083, 18.388195], [-65.752083, 18.387917], [-65.751526, 18.387917], [-65.751526, 18.387636], [-65.751251, 18.387636], [-65.751251, 18.386806], [-65.750969, 18.386806], [-65.750969, 18.385414], [-65.749748, 18.385414], [-65.74958, 18.385414], [-65.74958, 18.385139], [-65.749031, 18.385139], [-65.749031, 18.384583], [-65.748749, 18.384583], [-65.748749, 18.384304], [-65.748474, 18.384304], [-65.748474, 18.384027], [-65.748192, 18.384027], [-65.748192, 18.383751], [-65.747917, 18.383751], [-65.747917, 18.383472], [-65.74736, 18.383472], [-65.74736, 18.383196], [-65.746803, 18.383196], [-65.746803, 18.382917], [-65.746529, 18.382917], [-65.746529, 18.382639], [-65.745972, 18.382639], [-65.745972, 18.38236], [-65.74514, 18.38236], [-65.74514, 18.382084], [-65.744858, 18.382084], [-65.744858, 18.381805], [-65.744583, 18.381805], [-65.744583, 18.381527], [-65.744308, 18.381527], [-65.744308, 18.38125], [-65.743752, 18.38125], [-65.743752, 18.380974], [-65.743195, 18.380974], [-65.743195, 18.380695], [-65.74292, 18.380695], [-65.74292, 18.380417], [-65.741806, 18.380417], [-65.741806, 18.380138], [-65.740974, 18.380138], [-65.740974, 18.379864], [-65.740692, 18.379864], [-65.740692, 18.379583], [-65.740135, 18.379583], [-65.740135, 18.379864], [-65.739861, 18.379864], [-65.739861, 18.380138], [-65.738472, 18.380138], [-65.738472, 18.380417], [-65.737915, 18.380417], [-65.737915, 18.380695], [-65.73764, 18.380695], [-65.73764, 18.380974], [-65.736809, 18.380974], [-65.736809, 18.38125], [-65.735695, 18.38125], [-65.735695, 18.381527], [-65.734306, 18.381527], [-65.734306, 18.381805], [-65.733192, 18.381805], [-65.733192, 18.382084], [-65.732918, 18.382084], [-65.732918, 18.38236], [-65.732635, 18.38236], [-65.732635, 18.382639], [-65.732086, 18.382639], [-65.732086, 18.382917], [-65.731247, 18.382917], [-65.731247, 18.383196], [-65.730698, 18.383196], [-65.730698, 18.383472], [-65.730415, 18.383472], [-65.730415, 18.384027], [-65.730141, 18.384027], [-65.730141, 18.384583], [-65.729858, 18.384583], [-65.729858, 18.384861], [-65.729584, 18.384861], [-65.729584, 18.385139], [-65.729309, 18.385139], [-65.729309, 18.385695], [-65.729027, 18.385695], [-65.729027, 18.385973], [-65.728752, 18.385973], [-65.728752, 18.386526], [-65.728195, 18.386526], [-65.728195, 18.387362], [-65.72847, 18.387362], [-65.72847, 18.388195], [-65.728195, 18.388195], [-65.728195, 18.388472], [-65.726524, 18.388472], [-65.726524, 18.388195], [-65.725418, 18.388195], [-65.725418, 18.388472], [-65.725136, 18.388472], [-65.725136, 18.388748], [-65.724861, 18.388748], [-65.724861, 18.38903], [-65.724304, 18.38903], [-65.724304, 18.389305], [-65.723473, 18.389305], [-65.723473, 18.389584], [-65.72097, 18.389584], [-65.72097, 18.389305], [-65.720413, 18.389305], [-65.720413, 18.388748], [-65.720139, 18.388748], [-65.720139, 18.38625], [-65.720413, 18.38625], [-65.720413, 18.385695], [-65.720695, 18.385695], [-65.720695, 18.385139], [-65.72097, 18.385139], [-65.72097, 18.384027], [-65.720695, 18.384027], [-65.720695, 18.383751], [-65.720413, 18.383751], [-65.720413, 18.383196], [-65.720139, 18.383196], [-65.720139, 18.382639], [-65.719864, 18.382639], [-65.719864, 18.38236], [-65.719307, 18.38236], [-65.719307, 18.382084], [-65.71875, 18.382084], [-65.71875, 18.381805], [-65.718193, 18.381805], [-65.718193, 18.381527], [-65.717918, 18.381527], [-65.717918, 18.381805], [-65.717636, 18.381805], [-65.717636, 18.381527], [-65.716805, 18.381527], [-65.716805, 18.38125], [-65.71653, 18.38125], [-65.71653, 18.380695], [-65.716248, 18.380695], [-65.716248, 18.380417], [-65.715973, 18.380417], [-65.715973, 18.379028], [-65.715698, 18.379028], [-65.715698, 18.378752], [-65.715973, 18.378752], [-65.715973, 18.377916], [-65.715698, 18.377916], [-65.715698, 18.377642], [-65.715141, 18.377642], [-65.715141, 18.377359], [-65.714584, 18.377359], [-65.714584, 18.377083], [-65.714302, 18.377083], [-65.714302, 18.37653], [-65.714027, 18.37653], [-65.714027, 18.375973], [-65.713196, 18.375973], [-65.713196, 18.375694], [-65.712639, 18.375694], [-65.712639, 18.375416], [-65.712364, 18.375416], [-65.712364, 18.374861], [-65.712082, 18.374861], [-65.712082, 18.374027], [-65.711807, 18.374027], [-65.711807, 18.373472], [-65.71125, 18.373472], [-65.71125, 18.373194], [-65.710976, 18.373194], [-65.710976, 18.372915], [-65.710419, 18.372915], [-65.710419, 18.372639], [-65.710136, 18.372639], [-65.710136, 18.37236], [-65.709587, 18.37236], [-65.709587, 18.372084], [-65.708191, 18.372084], [-65.708191, 18.371805], [-65.707359, 18.371805], [-65.707359, 18.371529], [-65.707085, 18.371529], [-65.707085, 18.37125], [-65.706528, 18.37125], [-65.706528, 18.370972], [-65.705971, 18.370972], [-65.705971, 18.370695], [-65.705414, 18.370695], [-65.705414, 18.370417], [-65.704865, 18.370417], [-65.704865, 18.370138], [-65.703476, 18.370138], [-65.703476, 18.369862], [-65.703194, 18.369862], [-65.703194, 18.369583], [-65.702919, 18.369583], [-65.702919, 18.369305], [-65.702637, 18.369305], [-65.702637, 18.369028], [-65.702362, 18.369028], [-65.702362, 18.36875], [-65.70208, 18.36875], [-65.70208, 18.368473], [-65.700974, 18.368473], [-65.700974, 18.368195], [-65.69986, 18.368195], [-65.69986, 18.367916], [-65.698753, 18.367916], [-65.698753, 18.36764], [-65.697365, 18.36764], [-65.697365, 18.367916], [-65.696526, 18.367916], [-65.696526, 18.36764], [-65.695694, 18.36764], [-65.695694, 18.367083], [-65.694862, 18.367083], [-65.694862, 18.367361], [-65.69458, 18.367361], [-65.69458, 18.367083], [-65.694031, 18.367083], [-65.694031, 18.366806], [-65.693192, 18.366806], [-65.693192, 18.366528], [-65.690971, 18.366528], [-65.690971, 18.365973], [-65.689026, 18.365973], [-65.689026, 18.365694], [-65.687363, 18.365694], [-65.687363, 18.365973], [-65.686806, 18.365973], [-65.686806, 18.366249], [-65.686531, 18.366249], [-65.686531, 18.366806], [-65.686249, 18.366806], [-65.686249, 18.367083], [-65.685692, 18.367083], [-65.685692, 18.367361], [-65.68486, 18.367361], [-65.68486, 18.36764], [-65.684303, 18.36764], [-65.684303, 18.367916], [-65.684029, 18.367916], [-65.684029, 18.36764], [-65.683472, 18.36764], [-65.683472, 18.367361], [-65.681808, 18.367361], [-65.681808, 18.36764], [-65.681526, 18.36764], [-65.681526, 18.367916], [-65.681252, 18.367916], [-65.681252, 18.368195], [-65.679031, 18.368195], [-65.679031, 18.367916], [-65.678749, 18.367916], [-65.678749, 18.366528], [-65.678474, 18.366528], [-65.678474, 18.365973], [-65.678192, 18.365973], [-65.678192, 18.365694], [-65.677917, 18.365694], [-65.677917, 18.365417], [-65.677361, 18.365417], [-65.677361, 18.365141], [-65.676804, 18.365141], [-65.676804, 18.364584], [-65.676529, 18.364584], [-65.676529, 18.364027], [-65.676247, 18.364027], [-65.676247, 18.363749], [-65.675697, 18.363749], [-65.675697, 18.36347], [-65.675415, 18.36347], [-65.675415, 18.363194], [-65.674858, 18.363194], [-65.674858, 18.362919], [-65.674309, 18.362919], [-65.674309, 18.362638], [-65.67347, 18.362638], [-65.67347, 18.362362], [-65.671249, 18.362362], [-65.671249, 18.362083], [-65.669502, 18.362083], [-65.668747, 18.362083], [-65.668747, 18.361805], [-65.666527, 18.361805], [-65.666527, 18.362083], [-65.66597, 18.362083], [-65.66597, 18.362362], [-65.664581, 18.362362], [-65.664581, 18.362083], [-65.66375, 18.362083], [-65.66375, 18.362362], [-65.662361, 18.362362], [-65.662361, 18.362638], [-65.662086, 18.362638], [-65.662086, 18.362919], [-65.661247, 18.362919], [-65.661247, 18.363194], [-65.660141, 18.363194], [-65.660141, 18.36347], [-65.659302, 18.36347], [-65.659302, 18.363749], [-65.65847, 18.363749], [-65.65847, 18.364027], [-65.657364, 18.364027], [-65.657364, 18.364584], [-65.656807, 18.364584], [-65.656807, 18.364305], [-65.655975, 18.364305], [-65.655975, 18.364584], [-65.655136, 18.364584], [-65.655136, 18.364862], [-65.654861, 18.364862], [-65.654861, 18.365141], [-65.654587, 18.365141], [-65.654587, 18.365417], [-65.654305, 18.365417], [-65.654305, 18.365694], [-65.65403, 18.365694], [-65.65403, 18.365973], [-65.653748, 18.365973], [-65.653748, 18.366249], [-65.653198, 18.366249], [-65.653198, 18.366528], [-65.652916, 18.366528], [-65.652916, 18.366806], [-65.652641, 18.366806], [-65.652641, 18.367083], [-65.652359, 18.367083], [-65.652359, 18.367361], [-65.652084, 18.367361], [-65.652084, 18.367916], [-65.652359, 18.367916], [-65.652359, 18.368473], [-65.652084, 18.368473], [-65.652084, 18.369028], [-65.651802, 18.369028], [-65.651802, 18.370695], [-65.651527, 18.370695], [-65.651527, 18.370972], [-65.651253, 18.370972], [-65.651253, 18.37125], [-65.650696, 18.37125], [-65.650696, 18.370972], [-65.650414, 18.370972], [-65.650414, 18.37125], [-65.649582, 18.37125], [-65.649582, 18.371805], [-65.649307, 18.371805], [-65.649307, 18.37236], [-65.649025, 18.37236], [-65.649025, 18.372915], [-65.64875, 18.372915], [-65.64875, 18.373472], [-65.648476, 18.373472], [-65.648476, 18.374027], [-65.648193, 18.374027], [-65.648193, 18.374861], [-65.647919, 18.374861], [-65.647919, 18.375137], [-65.647362, 18.375137], [-65.647362, 18.375416], [-65.647087, 18.375416], [-65.647087, 18.375694], [-65.646248, 18.375694], [-65.646248, 18.375973], [-65.645691, 18.375973], [-65.645691, 18.376247], [-65.645416, 18.376247], [-65.645416, 18.37653], [-65.645142, 18.37653], [-65.645142, 18.376806], [-65.644859, 18.376806], [-65.644859, 18.377359], [-65.644585, 18.377359], [-65.644585, 18.377916], [-65.644302, 18.377916], [-65.644302, 18.378195], [-65.644028, 18.378195], [-65.644028, 18.378469], [-65.643753, 18.378469], [-65.643753, 18.379583], [-65.644028, 18.379583], [-65.644028, 18.379864], [-65.644302, 18.379864], [-65.644302, 18.380974], [-65.643196, 18.380974], [-65.643196, 18.380695], [-65.642914, 18.380695], [-65.642914, 18.380417], [-65.642639, 18.380417], [-65.642639, 18.380138], [-65.642365, 18.380138], [-65.642365, 18.379583], [-65.642082, 18.379583], [-65.642082, 18.378195], [-65.642365, 18.378195], [-65.642365, 18.377359], [-65.642082, 18.377359], [-65.642082, 18.377083], [-65.641525, 18.377083], [-65.641525, 18.376806], [-65.640419, 18.376806], [-65.640419, 18.377083], [-65.63958, 18.377083], [-65.63958, 18.376806], [-65.639305, 18.376806], [-65.639305, 18.37653], [-65.63903, 18.37653], [-65.63903, 18.376247], [-65.639305, 18.376247], [-65.639305, 18.375137], [-65.63958, 18.375137], [-65.63958, 18.374584], [-65.639862, 18.374584], [-65.639862, 18.374027], [-65.640419, 18.374027], [-65.640419, 18.372084], [-65.640137, 18.372084], [-65.640137, 18.371529], [-65.639862, 18.371529], [-65.639862, 18.37125], [-65.63958, 18.37125], [-65.63958, 18.370695], [-65.639305, 18.370695], [-65.639305, 18.370417], [-65.63903, 18.370417], [-65.63903, 18.369862], [-65.638748, 18.369862], [-65.638748, 18.369583], [-65.638474, 18.369583], [-65.638474, 18.369305], [-65.636253, 18.369305], [-65.636253, 18.369028], [-65.635971, 18.369028], [-65.635971, 18.36875], [-65.635696, 18.36875], [-65.635696, 18.369305], [-65.634865, 18.369305], [-65.634865, 18.369583], [-65.634308, 18.369583], [-65.634308, 18.369862], [-65.634026, 18.369862], [-65.634026, 18.370138], [-65.633194, 18.370138], [-65.633194, 18.370417], [-65.632637, 18.370417], [-65.632637, 18.370695], [-65.632362, 18.370695], [-65.632362, 18.370972], [-65.63208, 18.370972], [-65.63208, 18.37125], [-65.631805, 18.37125], [-65.631805, 18.371529], [-65.631531, 18.371529], [-65.631531, 18.371805], [-65.631248, 18.371805], [-65.631248, 18.372084], [-65.630692, 18.372084], [-65.630692, 18.37236], [-65.630417, 18.37236], [-65.630417, 18.372639], [-65.630142, 18.372639], [-65.630142, 18.372915], [-65.629585, 18.372915], [-65.629585, 18.373194], [-65.629303, 18.373194], [-65.629303, 18.373751], [-65.629028, 18.373751], [-65.629028, 18.374027], [-65.628754, 18.374027], [-65.628754, 18.374306], [-65.628197, 18.374306], [-65.628197, 18.374861], [-65.627914, 18.374861], [-65.627914, 18.375137], [-65.62764, 18.375137], [-65.62764, 18.375416], [-65.627357, 18.375416], [-65.627357, 18.375973], [-65.627083, 18.375973], [-65.627083, 18.376806], [-65.626808, 18.376806], [-65.626808, 18.377083], [-65.626526, 18.377083], [-65.626526, 18.378752], [-65.626808, 18.378752], [-65.626808, 18.379305], [-65.627083, 18.379305], [-65.627083, 18.380417], [-65.626808, 18.380417], [-65.626808, 18.38125], [-65.626526, 18.38125], [-65.626526, 18.381805], [-65.625969, 18.381805], [-65.625969, 18.382084], [-65.625694, 18.382084], [-65.625694, 18.382639], [-65.625137, 18.382639], [-65.625137, 18.382917], [-65.624863, 18.382917], [-65.624863, 18.383196], [-65.623474, 18.383196], [-65.623474, 18.385695], [-65.623749, 18.385695], [-65.623749, 18.385139], [-65.624306, 18.385139], [-65.624306, 18.385695], [-65.624863, 18.385695], [-65.624863, 18.386806], [-65.62458, 18.386806], [-65.62458, 18.387362], [-65.624306, 18.387362], [-65.624306, 18.387636], [-65.622086, 18.387636], [-65.622086, 18.387362], [-65.621529, 18.387362], [-65.621529, 18.386806], [-65.621246, 18.386806], [-65.621246, 18.386526], [-65.620972, 18.386526], [-65.620972, 18.38625], [-65.620697, 18.38625], [-65.620697, 18.386526], [-65.620415, 18.386526], [-65.620415, 18.387083], [-65.62014, 18.387083], [-65.62014, 18.387362], [-65.619583, 18.387362], [-65.619583, 18.387636], [-65.619308, 18.387636], [-65.619308, 18.387917], [-65.618752, 18.387917], [-65.618752, 18.388195], [-65.617638, 18.388195], [-65.617638, 18.387917], [-65.617363, 18.387917], [-65.617363, 18.386526], [-65.617081, 18.386526], [-65.617081, 18.385973], [-65.616806, 18.385973], [-65.616806, 18.385414], [-65.616531, 18.385414], [-65.616531, 18.384861], [-65.615692, 18.384861], [-65.615692, 18.384583], [-65.615417, 18.384583], [-65.615417, 18.384304], [-65.614586, 18.384304], [-65.614586, 18.384583], [-65.613747, 18.384583], [-65.613747, 18.384304], [-65.613472, 18.384304], [-65.613472, 18.383472], [-65.613747, 18.383472], [-65.613747, 18.383196], [-65.614029, 18.383196], [-65.614029, 18.382917], [-65.614304, 18.382917], [-65.614304, 18.382084], [-65.613747, 18.382084], [-65.613747, 18.380695], [-65.614304, 18.380695], [-65.614304, 18.380417], [-65.614861, 18.380417], [-65.614861, 18.380138], [-65.615135, 18.380138], [-65.615135, 18.379864], [-65.615974, 18.379864], [-65.615974, 18.379305], [-65.616531, 18.379305], [-65.616531, 18.378469], [-65.616806, 18.378469], [-65.616806, 18.378195], [-65.617081, 18.378195], [-65.617081, 18.374027], [-65.617363, 18.374027], [-65.617363, 18.37236], [-65.617638, 18.37236], [-65.617638, 18.370138], [-65.61792, 18.370138], [-65.61792, 18.369583], [-65.618195, 18.369583], [-65.618195, 18.36875], [-65.618469, 18.36875], [-65.618469, 18.367916], [-65.618752, 18.367916], [-65.618752, 18.367083], [-65.619026, 18.367083], [-65.619026, 18.366249], [-65.619308, 18.366249], [-65.619308, 18.365973], [-65.62014, 18.365973], [-65.62014, 18.365694], [-65.620972, 18.365694], [-65.620972, 18.365417], [-65.621803, 18.365417], [-65.621803, 18.365141], [-65.623474, 18.365141], [-65.623474, 18.364862], [-65.623749, 18.364862], [-65.623749, 18.364584], [-65.62458, 18.364584], [-65.62458, 18.364305], [-65.624863, 18.364305], [-65.624863, 18.363749], [-65.62458, 18.363749], [-65.62458, 18.363194], [-65.624306, 18.363194], [-65.624306, 18.362919], [-65.624031, 18.362919], [-65.624031, 18.360695], [-65.623749, 18.360695], [-65.623749, 18.360138], [-65.623474, 18.360138], [-65.623474, 18.359583], [-65.623192, 18.359583], [-65.623192, 18.358473], [-65.623474, 18.358473], [-65.623474, 18.358194], [-65.624031, 18.358194], [-65.624031, 18.357639], [-65.624306, 18.357639], [-65.624306, 18.357084], [-65.62458, 18.357084], [-65.62458, 18.356251], [-65.624863, 18.356251], [-65.624863, 18.355694], [-65.62542, 18.355694], [-65.62542, 18.35486], [-65.625969, 18.35486], [-65.625969, 18.354584], [-65.626251, 18.354584], [-65.626251, 18.354305], [-65.626808, 18.354305], [-65.626808, 18.354029], [-65.627357, 18.354029], [-65.627357, 18.35375], [-65.62764, 18.35375], [-65.62764, 18.353474], [-65.627914, 18.353474], [-65.627914, 18.353195], [-65.628197, 18.353195], [-65.628197, 18.352917], [-65.628471, 18.352917], [-65.628471, 18.352638], [-65.629585, 18.352638], [-65.629585, 18.352362], [-65.62986, 18.352362], [-65.62986, 18.352083], [-65.630417, 18.352083], [-65.630417, 18.351528], [-65.631248, 18.351528], [-65.631248, 18.351252], [-65.631805, 18.351252], [-65.631805, 18.350695], [-65.63208, 18.350695], [-65.63208, 18.350416], [-65.632362, 18.350416], [-65.632362, 18.350142], [-65.632919, 18.350142], [-65.632919, 18.349306], [-65.633194, 18.349306], [-65.633194, 18.346806], [-65.632919, 18.346806], [-65.632919, 18.345415], [-65.633469, 18.345415], [-65.633469, 18.345694], [-65.633751, 18.345694], [-65.633751, 18.345972], [-65.636253, 18.345972], [-65.636253, 18.345139], [-65.635971, 18.345139], [-65.635971, 18.344584], [-65.635696, 18.344584], [-65.635696, 18.344307], [-65.634865, 18.344307], [-65.634865, 18.344028], [-65.634583, 18.344028], [-65.634583, 18.34375], [-65.630974, 18.34375], [-65.630974, 18.343472], [-65.630692, 18.343472], [-65.630692, 18.343193], [-65.630417, 18.343193], [-65.630417, 18.342361], [-65.630692, 18.342361], [-65.630692, 18.340416], [-65.630974, 18.340416], [-65.630974, 18.340139], [-65.631805, 18.340139], [-65.631805, 18.339863], [-65.632362, 18.339863], [-65.632362, 18.339581], [-65.632919, 18.339581], [-65.632919, 18.339306], [-65.633469, 18.339306], [-65.633469, 18.338194], [-65.633751, 18.338194], [-65.633751, 18.337358], [-65.633194, 18.337358], [-65.633194, 18.337084], [-65.632919, 18.337084], [-65.632919, 18.336805], [-65.632637, 18.336805], [-65.632637, 18.336527], [-65.632919, 18.336527], [-65.632919, 18.336248], [-65.632637, 18.336248], [-65.632637, 18.335972], [-65.631531, 18.335972], [-65.631531, 18.336248], [-65.630142, 18.336248], [-65.630142, 18.335972], [-65.62986, 18.335972], [-65.62986, 18.335417], [-65.629585, 18.335417], [-65.629585, 18.334583], [-65.629303, 18.334583], [-65.629303, 18.334305], [-65.628754, 18.334305], [-65.628754, 18.333471], [-65.628471, 18.333471], [-65.628471, 18.332916], [-65.62764, 18.332916], [-65.62764, 18.33264], [-65.627357, 18.33264], [-65.627357, 18.332361], [-65.627083, 18.332361], [-65.627083, 18.332083], [-65.626808, 18.332083], [-65.626808, 18.331804], [-65.626526, 18.331804], [-65.626526, 18.329306], [-65.626808, 18.329306], [-65.626808, 18.329027], [-65.627083, 18.329027], [-65.627083, 18.327917], [-65.627357, 18.327917], [-65.627357, 18.327362], [-65.627083, 18.327362], [-65.627083, 18.327084], [-65.626808, 18.327084], [-65.626808, 18.326805], [-65.626526, 18.326805], [-65.626526, 18.325695], [-65.626808, 18.325695], [-65.626808, 18.323473], [-65.627083, 18.323473], [-65.627083, 18.322083], [-65.626808, 18.322083], [-65.626808, 18.31986], [-65.627083, 18.31986], [-65.627083, 18.319027], [-65.627357, 18.319027], [-65.627357, 18.318195], [-65.62764, 18.318195], [-65.62764, 18.31625], [-65.627914, 18.31625], [-65.627914, 18.313473], [-65.62764, 18.313473], [-65.62764, 18.311527], [-65.627357, 18.311527], [-65.627357, 18.310694], [-65.62764, 18.310694], [-65.62764, 18.309858], [-65.627083, 18.309858], [-65.627083, 18.309584], [-65.62542, 18.309584], [-65.62542, 18.309031], [-65.625137, 18.309031], [-65.625137, 18.307917], [-65.62542, 18.307917], [-65.62542, 18.307083], [-65.625694, 18.307083], [-65.625694, 18.305695], [-65.625969, 18.305695], [-65.625969, 18.305416], [-65.625694, 18.305416], [-65.625694, 18.30514], [-65.625137, 18.30514], [-65.625137, 18.304304], [-65.624863, 18.304304], [-65.624863, 18.303196], [-65.62542, 18.303196], [-65.62542, 18.302917], [-65.625694, 18.302917], [-65.625694, 18.30125], [-65.626251, 18.30125], [-65.626251, 18.300694], [-65.625969, 18.300694], [-65.625969, 18.299305], [-65.626251, 18.299305], [-65.626251, 18.29847], [-65.626808, 18.29847], [-65.626808, 18.297916], [-65.627357, 18.297916], [-65.627357, 18.29764], [-65.62764, 18.29764], [-65.62764, 18.29653], [-65.627914, 18.29653], [-65.627914, 18.296247], [-65.629028, 18.296247], [-65.629028, 18.295973], [-65.629303, 18.295973], [-65.629303, 18.295694], [-65.62986, 18.295694], [-65.62986, 18.295416], [-65.630974, 18.295416], [-65.630974, 18.295137], [-65.631531, 18.295137], [-65.631531, 18.293751], [-65.631805, 18.293751], [-65.631805, 18.293472], [-65.63208, 18.293472], [-65.63208, 18.293194], [-65.632637, 18.293194], [-65.632637, 18.292915], [-65.633194, 18.292915], [-65.633194, 18.292639], [-65.634026, 18.292639], [-65.634026, 18.29236], [-65.634583, 18.29236], [-65.634583, 18.292084], [-65.634865, 18.292084], [-65.634865, 18.291805], [-65.635139, 18.291805], [-65.635139, 18.290972], [-65.635414, 18.290972], [-65.635414, 18.289583], [-65.635139, 18.289583], [-65.635139, 18.289028], [-65.634865, 18.289028], [-65.634865, 18.28875], [-65.634308, 18.28875], [-65.634308, 18.288195], [-65.633469, 18.288195], [-65.633469, 18.28875], [-65.632919, 18.28875], [-65.632919, 18.289862], [-65.63208, 18.289862], [-65.63208, 18.289583], [-65.631805, 18.289583], [-65.631805, 18.289028], [-65.631531, 18.289028], [-65.631531, 18.28875], [-65.631248, 18.28875], [-65.631248, 18.287916], [-65.630974, 18.287916], [-65.630974, 18.287361], [-65.630692, 18.287361], [-65.630692, 18.286528], [-65.630417, 18.286528], [-65.630417, 18.285139], [-65.631531, 18.285139], [-65.631531, 18.284863], [-65.631805, 18.284863], [-65.631805, 18.284584], [-65.632637, 18.284584], [-65.632637, 18.284306], [-65.633194, 18.284306], [-65.633194, 18.284027], [-65.633751, 18.284027], [-65.633751, 18.283686], [-65.633751, 18.28153], [-65.633469, 18.28153], [-65.633469, 18.281248], [-65.633194, 18.281248], [-65.633194, 18.280972], [-65.632637, 18.280972], [-65.632637, 18.280695], [-65.63208, 18.280695], [-65.63208, 18.280416], [-65.630142, 18.280416], [-65.630142, 18.280695], [-65.62986, 18.280695], [-65.62986, 18.280972], [-65.629585, 18.280972], [-65.629585, 18.281248], [-65.628471, 18.281248], [-65.628471, 18.280972], [-65.627357, 18.280972], [-65.627357, 18.281248], [-65.627083, 18.281248], [-65.627083, 18.281805], [-65.626808, 18.281805], [-65.626808, 18.282084], [-65.625969, 18.282084], [-65.625969, 18.281805], [-65.62542, 18.281805], [-65.62542, 18.28153], [-65.624863, 18.28153], [-65.624863, 18.280416], [-65.62458, 18.280416], [-65.62458, 18.279583], [-65.624306, 18.279583], [-65.624306, 18.278473], [-65.624863, 18.278473], [-65.624863, 18.278194], [-65.627083, 18.278194], [-65.627083, 18.277914], [-65.62764, 18.277914], [-65.62764, 18.277639], [-65.627914, 18.277639], [-65.627914, 18.277361], [-65.628197, 18.277361], [-65.628197, 18.276527], [-65.628471, 18.276527], [-65.628471, 18.27486], [-65.628197, 18.27486], [-65.628197, 18.274584], [-65.62764, 18.274584], [-65.62764, 18.274305], [-65.627083, 18.274305], [-65.627083, 18.274027], [-65.626808, 18.274027], [-65.626808, 18.27375], [-65.62542, 18.27375], [-65.62542, 18.273195], [-65.625694, 18.273195], [-65.625694, 18.272917], [-65.625969, 18.272917], [-65.625969, 18.272638], [-65.626251, 18.272638], [-65.626251, 18.272362], [-65.626526, 18.272362], [-65.626526, 18.272083], [-65.626808, 18.272083], [-65.626808, 18.271805], [-65.62764, 18.271805], [-65.62764, 18.271528], [-65.628471, 18.271528], [-65.628471, 18.270695], [-65.629585, 18.270695], [-65.629585, 18.270142], [-65.630142, 18.270142], [-65.630142, 18.269859], [-65.630417, 18.269859], [-65.630417, 18.269583], [-65.630692, 18.269583], [-65.630692, 18.26903], [-65.630974, 18.26903], [-65.630974, 18.267084], [-65.630692, 18.267084], [-65.630692, 18.266525], [-65.630417, 18.266525], [-65.630417, 18.26375], [-65.630142, 18.26375], [-65.630142, 18.263193], [-65.62986, 18.263193], [-65.62986, 18.262917], [-65.629585, 18.262917], [-65.629585, 18.262638], [-65.629303, 18.262638], [-65.629303, 18.262362], [-65.629028, 18.262362], [-65.629028, 18.262083], [-65.628754, 18.262083], [-65.628754, 18.261528], [-65.628197, 18.261528], [-65.628197, 18.260975], [-65.62764, 18.260975], [-65.62764, 18.259306], [-65.627083, 18.259306], [-65.627083, 18.259027], [-65.626808, 18.259027], [-65.626808, 18.258472], [-65.626526, 18.258472], [-65.626526, 18.258194], [-65.626251, 18.258194], [-65.626251, 18.257917], [-65.625969, 18.257917], [-65.625969, 18.257641], [-65.625694, 18.257641], [-65.625694, 18.257359], [-65.62542, 18.257359], [-65.62542, 18.257084], [-65.625137, 18.257084], [-65.625137, 18.256805], [-65.62458, 18.256805], [-65.62458, 18.256527], [-65.624306, 18.256527], [-65.624306, 18.256248], [-65.624031, 18.256248], [-65.624031, 18.255972], [-65.623749, 18.255972], [-65.623749, 18.255695], [-65.623192, 18.255695], [-65.623192, 18.255419], [-65.62236, 18.255419], [-65.62236, 18.255138], [-65.621803, 18.255138], [-65.621803, 18.254862], [-65.620972, 18.254862], [-65.620972, 18.254583], [-65.620415, 18.254583], [-65.620415, 18.254862], [-65.619583, 18.254862], [-65.619583, 18.255138], [-65.619308, 18.255138], [-65.619308, 18.254862], [-65.618469, 18.254862], [-65.618469, 18.254583], [-65.615692, 18.254583], [-65.615692, 18.254862], [-65.615417, 18.254862], [-65.615417, 18.255138], [-65.614861, 18.255138], [-65.614861, 18.255419], [-65.614304, 18.255419], [-65.614304, 18.255695], [-65.613747, 18.255695], [-65.613747, 18.255972], [-65.613197, 18.255972], [-65.613197, 18.256248], [-65.612915, 18.256248], [-65.612915, 18.256527], [-65.61264, 18.256527], [-65.61264, 18.256805], [-65.611809, 18.256805], [-65.611809, 18.257084], [-65.611526, 18.257084], [-65.611526, 18.259306], [-65.611252, 18.259306], [-65.611252, 18.259863], [-65.61097, 18.259863], [-65.61097, 18.260139], [-65.610695, 18.260139], [-65.610695, 18.260416], [-65.609581, 18.260416], [-65.609581, 18.260139], [-65.608475, 18.260139], [-65.608475, 18.260416], [-65.608192, 18.260416], [-65.608192, 18.260695], [-65.607918, 18.260695], [-65.607918, 18.260975], [-65.607361, 18.260975], [-65.607361, 18.26125], [-65.604858, 18.26125], [-65.604858, 18.260975], [-65.604309, 18.260975], [-65.604309, 18.259306], [-65.604584, 18.259306], [-65.604584, 18.259027], [-65.605415, 18.259027], [-65.605415, 18.258753], [-65.605698, 18.258753], [-65.605698, 18.258472], [-65.605972, 18.258472], [-65.605972, 18.257084], [-65.607086, 18.257084], [-65.607086, 18.256805], [-65.608749, 18.256805], [-65.608749, 18.256527], [-65.609024, 18.256527], [-65.609024, 18.256248], [-65.609306, 18.256248], [-65.609306, 18.25264], [-65.609024, 18.25264], [-65.609024, 18.252361], [-65.608749, 18.252361], [-65.608749, 18.251249], [-65.608475, 18.251249], [-65.608475, 18.250694], [-65.608192, 18.250694], [-65.608192, 18.250416], [-65.607918, 18.250416], [-65.607918, 18.250139], [-65.607635, 18.250139], [-65.607635, 18.249584], [-65.607086, 18.249584], [-65.607086, 18.249306], [-65.606804, 18.249306], [-65.606804, 18.249027], [-65.606247, 18.249027], [-65.606247, 18.247639], [-65.605972, 18.247639], [-65.605972, 18.24736], [-65.605698, 18.24736], [-65.605698, 18.246805], [-65.605415, 18.246805], [-65.605415, 18.245974], [-65.605141, 18.245974], [-65.605141, 18.245695], [-65.604858, 18.245695], [-65.604858, 18.245417], [-65.604584, 18.245417], [-65.604584, 18.244862], [-65.604309, 18.244862], [-65.604309, 18.244028], [-65.604027, 18.244028], [-65.604027, 18.243752], [-65.603752, 18.243752], [-65.603752, 18.243473], [-65.60347, 18.243473], [-65.60347, 18.243195], [-65.603195, 18.243195], [-65.603195, 18.242638], [-65.602913, 18.242638], [-65.602913, 18.241247], [-65.603195, 18.241247], [-65.603195, 18.240137], [-65.602913, 18.240137], [-65.602913, 18.239584], [-65.602638, 18.239584], [-65.602638, 18.237638], [-65.602364, 18.237638], [-65.602364, 18.237362], [-65.601807, 18.237362], [-65.601807, 18.237083], [-65.601524, 18.237083], [-65.601524, 18.236528], [-65.60125, 18.236528], [-65.60125, 18.23625], [-65.600693, 18.23625], [-65.600693, 18.235971], [-65.599861, 18.235971], [-65.599861, 18.235695], [-65.599304, 18.235695], [-65.599304, 18.235416], [-65.59903, 18.235416], [-65.59903, 18.235138], [-65.598747, 18.235138], [-65.598747, 18.234861], [-65.598198, 18.234861], [-65.598198, 18.234585], [-65.597916, 18.234585], [-65.597916, 18.234306], [-65.597084, 18.234306], [-65.597084, 18.234028], [-65.596802, 18.234028], [-65.596802, 18.233749], [-65.596527, 18.233749], [-65.596527, 18.233473], [-65.596252, 18.233473], [-65.596252, 18.232639], [-65.59597, 18.232639], [-65.59597, 18.232363], [-65.595695, 18.232363], [-65.595695, 18.232084], [-65.595413, 18.232084], [-65.595413, 18.231806], [-65.595139, 18.231806], [-65.595139, 18.231527], [-65.594864, 18.231527], [-65.594864, 18.231253], [-65.594582, 18.231253], [-65.594582, 18.230972], [-65.592918, 18.230972], [-65.592918, 18.231253], [-65.592087, 18.231253], [-65.592087, 18.230417], [-65.591805, 18.230417], [-65.591805, 18.230141], [-65.59153, 18.230141], [-65.59153, 18.229858], [-65.590416, 18.229858], [-65.590416, 18.229584], [-65.590141, 18.229584], [-65.590141, 18.229305], [-65.589859, 18.229305], [-65.589859, 18.229031], [-65.589584, 18.229031], [-65.589584, 18.228748], [-65.589302, 18.228748], [-65.589302, 18.227636], [-65.591248, 18.227636], [-65.591248, 18.227362], [-65.59153, 18.227362], [-65.59153, 18.227083], [-65.591805, 18.227083], [-65.591805, 18.224304], [-65.592087, 18.224304], [-65.592087, 18.223749], [-65.594025, 18.223749], [-65.594025, 18.224304], [-65.594582, 18.224304], [-65.594582, 18.224583], [-65.594864, 18.224583], [-65.594864, 18.224861], [-65.595139, 18.224861], [-65.595139, 18.225416], [-65.59597, 18.225416], [-65.59597, 18.225695], [-65.596252, 18.225695], [-65.596252, 18.225973], [-65.596527, 18.225973], [-65.596527, 18.22625], [-65.596802, 18.22625], [-65.596802, 18.226526], [-65.597084, 18.226526], [-65.597084, 18.226805], [-65.597359, 18.226805], [-65.597359, 18.227083], [-65.597641, 18.227083], [-65.597641, 18.227362], [-65.598747, 18.227362], [-65.598747, 18.227636], [-65.599586, 18.227636], [-65.599586, 18.227919], [-65.599861, 18.227919], [-65.599861, 18.228195], [-65.600418, 18.228195], [-65.600418, 18.228472], [-65.600693, 18.228472], [-65.600693, 18.228748], [-65.600975, 18.228748], [-65.600975, 18.229584], [-65.601524, 18.229584], [-65.601524, 18.229858], [-65.601807, 18.229858], [-65.601807, 18.230141], [-65.602081, 18.230141], [-65.602081, 18.229858], [-65.602913, 18.229858], [-65.602913, 18.229584], [-65.603195, 18.229584], [-65.603195, 18.229305], [-65.60347, 18.229305], [-65.60347, 18.228748], [-65.603752, 18.228748], [-65.603752, 18.228195], [-65.604309, 18.228195], [-65.604309, 18.227919], [-65.604584, 18.227919], [-65.604584, 18.227636], [-65.604858, 18.227636], [-65.604858, 18.227362], [-65.605141, 18.227362], [-65.605141, 18.226526], [-65.605415, 18.226526], [-65.605415, 18.225973], [-65.605698, 18.225973], [-65.605698, 18.225695], [-65.605972, 18.225695], [-65.605972, 18.22514], [-65.605698, 18.22514], [-65.605698, 18.224304], [-65.605972, 18.224304], [-65.605972, 18.224028], [-65.605698, 18.224028], [-65.605698, 18.223194], [-65.605415, 18.223194], [-65.605415, 18.222082], [-65.605141, 18.222082], [-65.605141, 18.221527], [-65.604309, 18.221527], [-65.604309, 18.221251], [-65.604027, 18.221251], [-65.604027, 18.220972], [-65.603752, 18.220972], [-65.603752, 18.219584], [-65.604027, 18.219584], [-65.604027, 18.217361], [-65.604584, 18.217361], [-65.604584, 18.217081], [-65.605141, 18.217081], [-65.605141, 18.216806], [-65.605698, 18.216806], [-65.605698, 18.217361], [-65.606529, 18.217361], [-65.606529, 18.216806], [-65.606804, 18.216806], [-65.606804, 18.21653], [-65.607086, 18.21653], [-65.607086, 18.215694], [-65.606804, 18.215694], [-65.606804, 18.215137], [-65.606529, 18.215137], [-65.606529, 18.214861], [-65.606247, 18.214861], [-65.606247, 18.214308], [-65.605698, 18.214308], [-65.605698, 18.214027], [-65.604858, 18.214027], [-65.604858, 18.213751], [-65.601807, 18.213751], [-65.601807, 18.213472], [-65.59903, 18.213472], [-65.59903, 18.213194], [-65.598473, 18.213194], [-65.598473, 18.212915], [-65.598198, 18.212915], [-65.598198, 18.210972], [-65.598473, 18.210972], [-65.598473, 18.210417], [-65.600418, 18.210417], [-65.600418, 18.210972], [-65.600693, 18.210972], [-65.600693, 18.21125], [-65.601524, 18.21125], [-65.601524, 18.211527], [-65.602081, 18.211527], [-65.602081, 18.210417], [-65.604584, 18.210417], [-65.604584, 18.210972], [-65.604858, 18.210972], [-65.604858, 18.21125], [-65.605415, 18.21125], [-65.605415, 18.212084], [-65.605141, 18.212084], [-65.605141, 18.212915], [-65.605415, 18.212915], [-65.605415, 18.213194], [-65.605972, 18.213194], [-65.605972, 18.213472], [-65.606247, 18.213472], [-65.606247, 18.213751], [-65.606529, 18.213751], [-65.606529, 18.214027], [-65.607086, 18.214027], [-65.607086, 18.214308], [-65.607361, 18.214308], [-65.607361, 18.214582], [-65.607918, 18.214582], [-65.607918, 18.214861], [-65.608749, 18.214861], [-65.608749, 18.214582], [-65.609581, 18.214582], [-65.609581, 18.214308], [-65.609863, 18.214308], [-65.609863, 18.211805], [-65.610138, 18.211805], [-65.610138, 18.210972], [-65.611252, 18.210972], [-65.611252, 18.21125], [-65.611526, 18.21125], [-65.611526, 18.211805], [-65.611809, 18.211805], [-65.611809, 18.21236], [-65.612083, 18.21236], [-65.612083, 18.214308], [-65.612358, 18.214308], [-65.612358, 18.215137], [-65.61264, 18.215137], [-65.61264, 18.21653], [-65.612358, 18.21653], [-65.612358, 18.21847], [-65.61264, 18.21847], [-65.61264, 18.219028], [-65.612915, 18.219028], [-65.612915, 18.219584], [-65.613197, 18.219584], [-65.613197, 18.219864], [-65.613472, 18.219864], [-65.613472, 18.220139], [-65.613747, 18.220139], [-65.613747, 18.220694], [-65.614304, 18.220694], [-65.614304, 18.220972], [-65.614586, 18.220972], [-65.614586, 18.221251], [-65.615135, 18.221251], [-65.615135, 18.221527], [-65.615417, 18.221527], [-65.615417, 18.221806], [-65.615692, 18.221806], [-65.615692, 18.222082], [-65.615974, 18.222082], [-65.615974, 18.222361], [-65.616249, 18.222361], [-65.616249, 18.222639], [-65.616531, 18.222639], [-65.616531, 18.222918], [-65.617638, 18.222918], [-65.617638, 18.223194], [-65.618195, 18.223194], [-65.618195, 18.222918], [-65.618469, 18.222918], [-65.618469, 18.222639], [-65.618752, 18.222639], [-65.618752, 18.222361], [-65.619026, 18.222361], [-65.619026, 18.222082], [-65.619583, 18.222082], [-65.619583, 18.222361], [-65.619858, 18.222361], [-65.619858, 18.223194], [-65.619583, 18.223194], [-65.619583, 18.223473], [-65.619026, 18.223473], [-65.619026, 18.223749], [-65.618195, 18.223749], [-65.618195, 18.224583], [-65.61792, 18.224583], [-65.61792, 18.225973], [-65.617638, 18.225973], [-65.617638, 18.226526], [-65.617363, 18.226526], [-65.617363, 18.226805], [-65.617081, 18.226805], [-65.617081, 18.227362], [-65.617638, 18.227362], [-65.617638, 18.227636], [-65.61792, 18.227636], [-65.61792, 18.227919], [-65.618195, 18.227919], [-65.618195, 18.228195], [-65.618469, 18.228195], [-65.618469, 18.227919], [-65.619026, 18.227919], [-65.619026, 18.227636], [-65.619308, 18.227636], [-65.619308, 18.227362], [-65.619583, 18.227362], [-65.619583, 18.227636], [-65.62014, 18.227636], [-65.62014, 18.228472], [-65.620415, 18.228472], [-65.620415, 18.229031], [-65.621246, 18.229031], [-65.621246, 18.228748], [-65.621529, 18.228748], [-65.621529, 18.228195], [-65.621803, 18.228195], [-65.621803, 18.227919], [-65.622086, 18.227919], [-65.622086, 18.227636], [-65.62236, 18.227636], [-65.62236, 18.227083], [-65.622643, 18.227083], [-65.622643, 18.226805], [-65.622917, 18.226805], [-65.622917, 18.226526], [-65.623192, 18.226526], [-65.623192, 18.225973], [-65.623474, 18.225973], [-65.623474, 18.225695], [-65.623749, 18.225695], [-65.623749, 18.225416], [-65.624031, 18.225416], [-65.624031, 18.224861], [-65.624306, 18.224861], [-65.624306, 18.224583], [-65.62458, 18.224583], [-65.62458, 18.224304], [-65.624863, 18.224304], [-65.624863, 18.223749], [-65.625694, 18.223749], [-65.625694, 18.224028], [-65.625969, 18.224028], [-65.625969, 18.224304], [-65.625694, 18.224304], [-65.625694, 18.224583], [-65.62542, 18.224583], [-65.62542, 18.22514], [-65.625137, 18.22514], [-65.625137, 18.225416], [-65.624863, 18.225416], [-65.624863, 18.225695], [-65.62458, 18.225695], [-65.62458, 18.22625], [-65.624306, 18.22625], [-65.624306, 18.226526], [-65.624031, 18.226526], [-65.624031, 18.226805], [-65.623749, 18.226805], [-65.623749, 18.227362], [-65.623474, 18.227362], [-65.623474, 18.227636], [-65.623192, 18.227636], [-65.623192, 18.227919], [-65.622917, 18.227919], [-65.622917, 18.228472], [-65.622643, 18.228472], [-65.622643, 18.228748], [-65.62236, 18.228748], [-65.62236, 18.229584], [-65.622086, 18.229584], [-65.622086, 18.230972], [-65.62236, 18.230972], [-65.62236, 18.231806], [-65.622643, 18.231806], [-65.622643, 18.232084], [-65.623192, 18.232084], [-65.623192, 18.232363], [-65.624031, 18.232363], [-65.624031, 18.232639], [-65.625137, 18.232639], [-65.625137, 18.232363], [-65.626251, 18.232363], [-65.626251, 18.232084], [-65.626808, 18.232084], [-65.626808, 18.232363], [-65.627083, 18.232363], [-65.627083, 18.232639], [-65.627914, 18.232639], [-65.627914, 18.232916], [-65.628197, 18.232916], [-65.628197, 18.233194], [-65.628471, 18.233194], [-65.628471, 18.233473], [-65.630692, 18.233473], [-65.630692, 18.233194], [-65.631531, 18.233194], [-65.631531, 18.232916], [-65.631805, 18.232916], [-65.631805, 18.232639], [-65.63208, 18.232639], [-65.63208, 18.232363], [-65.632362, 18.232363], [-65.632362, 18.232084], [-65.632637, 18.232084], [-65.632637, 18.231806], [-65.632919, 18.231806], [-65.632919, 18.231253], [-65.634026, 18.231253], [-65.634026, 18.230972], [-65.634308, 18.230972], [-65.634308, 18.230417], [-65.635139, 18.230417], [-65.635139, 18.230141], [-65.635414, 18.230141], [-65.635414, 18.229858], [-65.635696, 18.229858], [-65.635696, 18.229584], [-65.635971, 18.229584], [-65.635971, 18.229305], [-65.636253, 18.229305], [-65.636253, 18.229031], [-65.636528, 18.229031], [-65.636528, 18.228748], [-65.637085, 18.228748], [-65.637085, 18.228472], [-65.63736, 18.228472], [-65.63736, 18.22514], [-65.637085, 18.22514], [-65.637085, 18.224861], [-65.636803, 18.224861], [-65.636803, 18.224583], [-65.636528, 18.224583], [-65.636528, 18.224304], [-65.635696, 18.224304], [-65.635696, 18.223473], [-65.636253, 18.223473], [-65.636253, 18.223194], [-65.636528, 18.223194], [-65.636528, 18.222918], [-65.636803, 18.222918], [-65.636803, 18.222361], [-65.637085, 18.222361], [-65.637085, 18.222082], [-65.63736, 18.222082], [-65.63736, 18.221806], [-65.638191, 18.221806], [-65.638191, 18.221527], [-65.638474, 18.221527], [-65.638474, 18.220972], [-65.638748, 18.220972], [-65.638748, 18.220417], [-65.63958, 18.220417], [-65.63958, 18.220139], [-65.639305, 18.220139], [-65.639305, 18.219864], [-65.63903, 18.219864], [-65.63903, 18.219584], [-65.638748, 18.219584], [-65.638748, 18.219305], [-65.638474, 18.219305], [-65.638474, 18.218752], [-65.637085, 18.218752], [-65.637085, 18.21847], [-65.636803, 18.21847], [-65.636803, 18.218195], [-65.635139, 18.218195], [-65.635139, 18.217916], [-65.632637, 18.217916], [-65.632637, 18.217361], [-65.632362, 18.217361], [-65.632362, 18.215137], [-65.632637, 18.215137], [-65.632637, 18.214027], [-65.632362, 18.214027], [-65.632362, 18.213751], [-65.63208, 18.213751], [-65.63208, 18.213472], [-65.631805, 18.213472], [-65.631805, 18.212915], [-65.631248, 18.212915], [-65.631248, 18.212639], [-65.630974, 18.212639], [-65.630974, 18.211805], [-65.630692, 18.211805], [-65.630692, 18.210972], [-65.630974, 18.210972], [-65.630974, 18.210695], [-65.631248, 18.210695], [-65.631248, 18.210417], [-65.631805, 18.210417], [-65.631805, 18.209862], [-65.634308, 18.209862], [-65.634308, 18.210417], [-65.634583, 18.210417], [-65.634583, 18.210138], [-65.634865, 18.210138], [-65.634865, 18.209862], [-65.635139, 18.209862], [-65.635139, 18.209028], [-65.635414, 18.209028], [-65.635414, 18.205694], [-65.634865, 18.205694], [-65.634865, 18.205416], [-65.634026, 18.205416], [-65.634026, 18.205694], [-65.633751, 18.205694], [-65.633751, 18.206249], [-65.633469, 18.206249], [-65.633469, 18.206528], [-65.632637, 18.206528], [-65.632637, 18.206806], [-65.63208, 18.206806], [-65.63208, 18.20764], [-65.631805, 18.20764], [-65.631805, 18.208195], [-65.631531, 18.208195], [-65.631531, 18.208471], [-65.630974, 18.208471], [-65.630974, 18.20875], [-65.630692, 18.20875], [-65.630692, 18.209305], [-65.630417, 18.209305], [-65.630417, 18.209583], [-65.630142, 18.209583], [-65.630142, 18.209862], [-65.629585, 18.209862], [-65.629585, 18.209583], [-65.629303, 18.209583], [-65.629303, 18.209028], [-65.629028, 18.209028], [-65.629028, 18.208471], [-65.628754, 18.208471], [-65.628754, 18.208195], [-65.62764, 18.208195], [-65.62764, 18.205973], [-65.627914, 18.205973], [-65.627914, 18.205694], [-65.628197, 18.205694], [-65.628197, 18.204584], [-65.628754, 18.204584], [-65.628754, 18.204306], [-65.629028, 18.204306], [-65.629028, 18.203751], [-65.629303, 18.203751], [-65.629303, 18.203194], [-65.629585, 18.203194], [-65.629585, 18.202917], [-65.62986, 18.202917], [-65.62986, 18.202641], [-65.630417, 18.202641], [-65.630417, 18.202084], [-65.631531, 18.202084], [-65.631531, 18.20153], [-65.631248, 18.20153], [-65.631248, 18.200697], [-65.630974, 18.200697], [-65.630974, 18.200136], [-65.632637, 18.200136], [-65.632637, 18.199862], [-65.633194, 18.199862], [-65.633194, 18.199583], [-65.635696, 18.199583], [-65.635696, 18.201805], [-65.635971, 18.201805], [-65.635971, 18.203194], [-65.636253, 18.203194], [-65.636253, 18.203751], [-65.636803, 18.203751], [-65.636803, 18.204027], [-65.637085, 18.204027], [-65.637085, 18.204584], [-65.63736, 18.204584], [-65.63736, 18.205416], [-65.637642, 18.205416], [-65.637642, 18.205694], [-65.637917, 18.205694], [-65.637917, 18.206528], [-65.63903, 18.206528], [-65.63903, 18.205973], [-65.639305, 18.205973], [-65.639305, 18.205139], [-65.63958, 18.205139], [-65.63958, 18.204584], [-65.639862, 18.204584], [-65.639862, 18.203751], [-65.640137, 18.203751], [-65.640137, 18.20347], [-65.640694, 18.20347], [-65.640694, 18.202917], [-65.640976, 18.202917], [-65.640976, 18.202084], [-65.641251, 18.202084], [-65.641251, 18.20153], [-65.640976, 18.20153], [-65.640976, 18.200972], [-65.640694, 18.200972], [-65.640694, 18.200697], [-65.640137, 18.200697], [-65.640137, 18.200417], [-65.639862, 18.200417], [-65.639862, 18.200136], [-65.640137, 18.200136], [-65.640137, 18.199862], [-65.640694, 18.199862], [-65.640694, 18.199583], [-65.641525, 18.199583], [-65.641525, 18.200136], [-65.642365, 18.200136], [-65.642365, 18.200417], [-65.642639, 18.200417], [-65.642639, 18.200136], [-65.642914, 18.200136], [-65.642914, 18.199583], [-65.643196, 18.199583], [-65.643196, 18.199308], [-65.643471, 18.199308], [-65.643471, 18.198195], [-65.643753, 18.198195], [-65.643753, 18.197914], [-65.644859, 18.197914], [-65.644859, 18.198195], [-65.645416, 18.198195], [-65.645416, 18.198473], [-65.645691, 18.198473], [-65.645691, 18.19875], [-65.645973, 18.19875], [-65.645973, 18.199026], [-65.64653, 18.199026], [-65.64653, 18.199308], [-65.647362, 18.199308], [-65.647362, 18.199583], [-65.648476, 18.199583], [-65.648476, 18.200136], [-65.64875, 18.200136], [-65.64875, 18.200417], [-65.649864, 18.200417], [-65.649864, 18.200136], [-65.651123, 18.200136], [-65.651802, 18.200136], [-65.651802, 18.200417], [-65.652084, 18.200417], [-65.652084, 18.200697], [-65.652359, 18.200697], [-65.652359, 18.201433], [-65.652359, 18.201805], [-65.652641, 18.201805], [-65.652641, 18.202362], [-65.652916, 18.202362], [-65.652916, 18.202917], [-65.653198, 18.202917], [-65.653198, 18.203194], [-65.653473, 18.203194], [-65.653473, 18.20347], [-65.65403, 18.20347], [-65.65403, 18.203751], [-65.654305, 18.203751], [-65.654305, 18.204027], [-65.654587, 18.204027], [-65.654587, 18.204584], [-65.654861, 18.204584], [-65.654861, 18.204863], [-65.655136, 18.204863], [-65.655136, 18.205139], [-65.655693, 18.205139], [-65.655693, 18.205416], [-65.655975, 18.205416], [-65.655975, 18.205694], [-65.656433, 18.205694], [-65.656845, 18.205694], [-65.657082, 18.205694], [-65.657082, 18.205973], [-65.658195, 18.205973], [-65.658195, 18.206249], [-65.659027, 18.206249], [-65.659027, 18.206528], [-65.660049, 18.206528], [-65.660416, 18.206528], [-65.660416, 18.206249], [-65.66153, 18.206249], [-65.66153, 18.206806], [-65.662361, 18.206806], [-65.662361, 18.207083], [-65.663475, 18.207083], [-65.663475, 18.206806], [-65.664307, 18.206806], [-65.664307, 18.206528], [-65.664581, 18.206528], [-65.664581, 18.205973], [-65.664864, 18.205973], [-65.664864, 18.205694], [-65.665138, 18.205694], [-65.665138, 18.205416], [-65.665695, 18.205416], [-65.665695, 18.205139], [-65.66597, 18.205139], [-65.66597, 18.204584], [-65.666252, 18.204584], [-65.666252, 18.204306], [-65.666809, 18.204306], [-65.666809, 18.204027], [-65.667084, 18.204027], [-65.667084, 18.203751], [-65.667358, 18.203751], [-65.667358, 18.20347], [-65.668198, 18.20347], [-65.668198, 18.202084], [-65.668472, 18.202084], [-65.668472, 18.20153], [-65.668747, 18.20153], [-65.668747, 18.201248], [-65.669304, 18.201248], [-65.669304, 18.200972], [-65.670135, 18.200972], [-65.670135, 18.200417], [-65.670692, 18.200417], [-65.670692, 18.200136], [-65.670975, 18.200136], [-65.670975, 18.199583], [-65.672081, 18.199583], [-65.672081, 18.199862], [-65.67292, 18.199862], [-65.67292, 18.200136], [-65.673195, 18.200136], [-65.673195, 18.200417], [-65.673752, 18.200417], [-65.673752, 18.200697], [-65.674858, 18.200697], [-65.674858, 18.200417], [-65.67514, 18.200417], [-65.67514, 18.199862], [-65.676529, 18.199862], [-65.676529, 18.199583], [-65.676804, 18.199583], [-65.676804, 18.199308], [-65.677086, 18.199308], [-65.677086, 18.199026], [-65.677361, 18.199026], [-65.677361, 18.198473], [-65.677917, 18.198473], [-65.677917, 18.198195], [-65.678192, 18.198195], [-65.678192, 18.197639], [-65.678474, 18.197639], [-65.678474, 18.197083], [-65.679306, 18.197083], [-65.679306, 18.197639], [-65.679581, 18.197639], [-65.679581, 18.198473], [-65.680695, 18.198473], [-65.680695, 18.19875], [-65.682358, 18.19875], [-65.682358, 18.198473], [-65.683472, 18.198473], [-65.683472, 18.198195], [-65.684029, 18.198195], [-65.684029, 18.197914], [-65.68486, 18.197914], [-65.68486, 18.197639], [-65.685974, 18.197639], [-65.685974, 18.197361], [-65.68708, 18.197361], [-65.68708, 18.196804], [-65.687637, 18.196804], [-65.687637, 18.196527], [-65.688194, 18.196527], [-65.688194, 18.196251], [-65.689026, 18.196251], [-65.689026, 18.195972], [-65.689583, 18.195972], [-65.689583, 18.195696], [-65.689857, 18.195696], [-65.689857, 18.195139], [-65.69014, 18.195139], [-65.69014, 18.19486], [-65.690414, 18.19486], [-65.690414, 18.194584], [-65.690697, 18.194584], [-65.690697, 18.19375], [-65.690971, 18.19375], [-65.690971, 18.193474], [-65.691254, 18.193474], [-65.691254, 18.192638], [-65.691528, 18.192638], [-65.691528, 18.192083], [-65.691803, 18.192083], [-65.691803, 18.191805], [-65.692085, 18.191805], [-65.692085, 18.191528], [-65.69236, 18.191528], [-65.69236, 18.191252], [-65.692642, 18.191252], [-65.692642, 18.190969], [-65.692917, 18.190969], [-65.692917, 18.190695], [-65.693192, 18.190695], [-65.693192, 18.190142], [-65.693474, 18.190142], [-65.693474, 18.189859], [-65.692917, 18.189859], [-65.692917, 18.188747], [-65.693192, 18.188747], [-65.693192, 18.188473], [-65.693748, 18.188473], [-65.693748, 18.188194], [-65.694305, 18.188194], [-65.694305, 18.187916], [-65.694862, 18.187916], [-65.694862, 18.187361], [-65.69458, 18.187361], [-65.69458, 18.186806], [-65.694305, 18.186806], [-65.694305, 18.186525], [-65.693748, 18.186525], [-65.693748, 18.186251], [-65.693474, 18.186251], [-65.693474, 18.185415], [-65.693748, 18.185415], [-65.693748, 18.184305], [-65.693474, 18.184305], [-65.693474, 18.184029], [-65.692917, 18.184029], [-65.692917, 18.18375], [-65.692642, 18.18375], [-65.692642, 18.183472], [-65.69236, 18.183472], [-65.69236, 18.183193], [-65.692085, 18.183193], [-65.692085, 18.182917], [-65.691803, 18.182917], [-65.691803, 18.182638], [-65.691528, 18.182638], [-65.691528, 18.180973], [-65.691254, 18.180973], [-65.691254, 18.180416], [-65.690971, 18.180416], [-65.690971, 18.179583], [-65.690697, 18.179583], [-65.690697, 18.178473], [-65.691254, 18.178473], [-65.691254, 18.178194], [-65.69458, 18.178194], [-65.69458, 18.178473], [-65.694862, 18.178473], [-65.694862, 18.178749], [-65.695137, 18.178749], [-65.695137, 18.179028], [-65.695419, 18.179028], [-65.695419, 18.179306], [-65.695694, 18.179306], [-65.695694, 18.179583], [-65.695969, 18.179583], [-65.695969, 18.179861], [-65.696251, 18.179861], [-65.696251, 18.18014], [-65.696526, 18.18014], [-65.696526, 18.180416], [-65.696808, 18.180416], [-65.696808, 18.183193], [-65.697083, 18.183193], [-65.697083, 18.183472], [-65.697639, 18.183472], [-65.697639, 18.18375], [-65.697914, 18.18375], [-65.697914, 18.184029], [-65.698471, 18.184029], [-65.698471, 18.18375], [-65.698753, 18.18375], [-65.698753, 18.183193], [-65.699028, 18.183193], [-65.699028, 18.182362], [-65.699303, 18.182362], [-65.699303, 18.181805], [-65.699585, 18.181805], [-65.699585, 18.18125], [-65.70153, 18.18125], [-65.70153, 18.182083], [-65.70208, 18.182083], [-65.70208, 18.183193], [-65.702362, 18.183193], [-65.702362, 18.18375], [-65.702919, 18.18375], [-65.702919, 18.183193], [-65.704865, 18.183193], [-65.704865, 18.18375], [-65.705414, 18.18375], [-65.705414, 18.184029], [-65.705971, 18.184029], [-65.705971, 18.184305], [-65.706802, 18.184305], [-65.706802, 18.184029], [-65.707359, 18.184029], [-65.707359, 18.18375], [-65.707642, 18.18375], [-65.707642, 18.182917], [-65.707359, 18.182917], [-65.707359, 18.182083], [-65.708191, 18.182083], [-65.708191, 18.182362], [-65.708748, 18.182362], [-65.708748, 18.182638], [-65.70903, 18.182638], [-65.70903, 18.183472], [-65.709305, 18.183472], [-65.709305, 18.184029], [-65.709587, 18.184029], [-65.709587, 18.184305], [-65.709862, 18.184305], [-65.709862, 18.184584], [-65.710419, 18.184584], [-65.710419, 18.18486], [-65.710693, 18.18486], [-65.710693, 18.185139], [-65.710976, 18.185139], [-65.710976, 18.185972], [-65.71125, 18.185972], [-65.71125, 18.186251], [-65.711525, 18.186251], [-65.711525, 18.187637], [-65.711807, 18.187637], [-65.711807, 18.188473], [-65.712082, 18.188473], [-65.712082, 18.188747], [-65.712364, 18.188747], [-65.712364, 18.18903], [-65.712639, 18.18903], [-65.712639, 18.189306], [-65.714302, 18.189306], [-65.714302, 18.18903], [-65.714584, 18.18903], [-65.714584, 18.188747], [-65.71653, 18.188747], [-65.71653, 18.18903], [-65.716805, 18.18903], [-65.716805, 18.189306], [-65.717087, 18.189306], [-65.717087, 18.189583], [-65.720139, 18.189583], [-65.720139, 18.189306], [-65.721802, 18.189306], [-65.721802, 18.18903], [-65.723198, 18.18903], [-65.723198, 18.188747], [-65.723473, 18.188747], [-65.723473, 18.188473], [-65.724586, 18.188473], [-65.724586, 18.188194], [-65.725418, 18.188194], [-65.725418, 18.187916], [-65.725693, 18.187916], [-65.725693, 18.187361], [-65.725975, 18.187361], [-65.725975, 18.187084], [-65.726524, 18.187084], [-65.726524, 18.186806], [-65.727081, 18.186806], [-65.727081, 18.186525], [-65.727638, 18.186525], [-65.727638, 18.186251], [-65.72847, 18.186251], [-65.72847, 18.185972], [-65.728752, 18.185972], [-65.728752, 18.185694], [-65.729027, 18.185694], [-65.729027, 18.185415], [-65.729309, 18.185415], [-65.729309, 18.185139], [-65.729584, 18.185139], [-65.729584, 18.18486], [-65.729858, 18.18486], [-65.729858, 18.184305], [-65.730141, 18.184305], [-65.730141, 18.184029], [-65.730415, 18.184029], [-65.730415, 18.18375], [-65.730698, 18.18375], [-65.730698, 18.183472], [-65.730972, 18.183472], [-65.730972, 18.183193], [-65.731529, 18.183193], [-65.731529, 18.182917], [-65.731804, 18.182917], [-65.731804, 18.182638], [-65.732361, 18.182638], [-65.732361, 18.182362], [-65.732635, 18.182362], [-65.732635, 18.182083], [-65.732918, 18.182083], [-65.732918, 18.181805], [-65.733475, 18.181805], [-65.733475, 18.181528], [-65.734024, 18.181528], [-65.734024, 18.18125], [-65.734306, 18.18125], [-65.734306, 18.180973], [-65.734581, 18.180973], [-65.734581, 18.180416], [-65.734863, 18.180416], [-65.734863, 18.18014], [-65.735138, 18.18014], [-65.735138, 18.179861], [-65.73542, 18.179861], [-65.73542, 18.179306], [-65.735695, 18.179306], [-65.735695, 18.179028], [-65.73597, 18.179028], [-65.73597, 18.178473], [-65.736252, 18.178473], [-65.736252, 18.177917], [-65.736526, 18.177917], [-65.736526, 18.177641], [-65.736809, 18.177641], [-65.736809, 18.177359], [-65.737083, 18.177359], [-65.737083, 18.177084], [-65.737915, 18.177084], [-65.737915, 18.176529], [-65.738197, 18.176529], [-65.738197, 18.17597], [-65.738472, 18.17597], [-65.738472, 18.17514], [-65.738747, 18.17514], [-65.738747, 18.174583], [-65.739029, 18.174583], [-65.739029, 18.174305], [-65.739159, 18.174305], [-65.739304, 18.174305], [-65.739304, 18.173471], [-65.739586, 18.173471], [-65.739586, 18.172916], [-65.739861, 18.172916], [-65.739861, 18.172361], [-65.740135, 18.172361], [-65.740135, 18.171528], [-65.740417, 18.171528], [-65.740417, 18.170694], [-65.740692, 18.170694], [-65.740692, 18.166805], [-65.740974, 18.166805], [-65.740974, 18.165974], [-65.741249, 18.165974], [-65.741249, 18.165417], [-65.741531, 18.165417], [-65.741531, 18.165138], [-65.741806, 18.165138], [-65.741806, 18.164862], [-65.742081, 18.164862], [-65.742081, 18.164583], [-65.742363, 18.164583], [-65.742363, 18.164305], [-65.742638, 18.164305], [-65.742638, 18.164028], [-65.743195, 18.164028], [-65.743195, 18.163752], [-65.743752, 18.163752], [-65.743752, 18.163473], [-65.744308, 18.163473], [-65.744308, 18.163195], [-65.744583, 18.163195], [-65.744583, 18.162916], [-65.74514, 18.162916], [-65.74514, 18.162638], [-65.745415, 18.162638], [-65.745415, 18.162359], [-65.746529, 18.162359], [-65.746529, 18.162083], [-65.74736, 18.162083], [-65.74736, 18.161806], [-65.747643, 18.161806], [-65.747643, 18.16153], [-65.748474, 18.16153], [-65.748474, 18.161247], [-65.749306, 18.161247], [-65.749306, 18.160694], [-65.75042, 18.160694], [-65.75042, 18.160419], [-65.750969, 18.160419], [-65.750969, 18.160137], [-65.751526, 18.160137], [-65.751526, 18.159861], [-65.752357, 18.159861], [-65.752357, 18.159306], [-65.752914, 18.159306], [-65.752914, 18.159025], [-65.753754, 18.159025], [-65.753754, 18.158751], [-65.754303, 18.158751], [-65.754303, 18.158472], [-65.75486, 18.158472], [-65.75486, 18.158194], [-65.755142, 18.158194], [-65.755142, 18.157915], [-65.755692, 18.157915], [-65.755692, 18.157639], [-65.756531, 18.157639], [-65.756531, 18.157362], [-65.757362, 18.157362], [-65.757362, 18.157084], [-65.757637, 18.157084], [-65.757637, 18.156803], [-65.758194, 18.156803], [-65.758194, 18.156528], [-65.758469, 18.156528], [-65.758469, 18.155972], [-65.759308, 18.155972], [-65.759308, 18.155693], [-65.759583, 18.155693], [-65.759583, 18.155416], [-65.760139, 18.155416], [-65.760139, 18.155138], [-65.760414, 18.155138], [-65.760414, 18.154861], [-65.760971, 18.154861], [-65.760971, 18.154585], [-65.761253, 18.154585], [-65.761253, 18.154028], [-65.761803, 18.154028], [-65.761803, 18.153473], [-65.762085, 18.153473], [-65.762085, 18.152639], [-65.762917, 18.152639], [-65.762917, 18.152363], [-65.763191, 18.152363], [-65.763191, 18.152082], [-65.763474, 18.152082], [-65.763474, 18.151527], [-65.763748, 18.151527], [-65.763748, 18.151253], [-65.764862, 18.151253], [-65.764862, 18.150694], [-65.765137, 18.150694], [-65.765137, 18.150417], [-65.765419, 18.150417], [-65.765419, 18.150141], [-65.765694, 18.150141], [-65.765694, 18.149858], [-65.765976, 18.149858], [-65.765976, 18.149584], [-65.766525, 18.149584], [-65.766525, 18.149305], [-65.766808, 18.149305], [-65.766808, 18.149029], [-65.767082, 18.149029], [-65.767082, 18.148472], [-65.767365, 18.148472], [-65.767365, 18.147636], [-65.767639, 18.147636], [-65.879071, 18.2841], [-65.852691, 18.313062], [-65.772087, 18.401527], [-65.772087, 18.401251], [-65.771805, 18.401251], [-65.771805, 18.400972], [-65.77153, 18.400972], [-65.77153, 18.400694], [-65.771248, 18.400694], [-65.771248, 18.400139], [-65.770416, 18.400139], [-65.770416, 18.39986], [-65.769859, 18.39986], [-65.769859, 18.399584], [-65.769585, 18.399584], [-65.769585, 18.399305], [-65.769028, 18.399305], [-65.769028, 18.399027], [-65.768753, 18.399027], [-65.768753, 18.39875]]]]}}, {"type": "Feature", "properties": {"yucayeque": "MACAO (Humacao) - Humaca or Jamacao", "cacique": "Humaca or Jamacao"}, "geometry": {"type": "MultiPolygon", "coordinates": [[[[-65.767365, 18.145971], [-65.767365, 18.145695], [-65.767082, 18.145695], [-65.767082, 18.145416], [-65.766808, 18.145416], [-65.766808, 18.14514], [-65.766525, 18.14514], [-65.766525, 18.144583], [-65.766808, 18.144583], [-65.766808, 18.144028], [-65.767365, 18.144028], [-65.767365, 18.143749], [-65.767639, 18.143749], [-65.767639, 18.143473], [-65.767914, 18.143473], [-65.767914, 18.143194], [-65.768196, 18.143194], [-65.768196, 18.142916], [-65.768471, 18.142916], [-65.768471, 18.142639], [-65.768753, 18.142639], [-65.768753, 18.142361], [-65.769028, 18.142361], [-65.769028, 18.142084], [-65.769302, 18.142084], [-65.769302, 18.141806], [-65.769585, 18.141806], [-65.769585, 18.141527], [-65.769859, 18.141527], [-65.769859, 18.141251], [-65.770142, 18.141251], [-65.770142, 18.140694], [-65.770416, 18.140694], [-65.770416, 18.140417], [-65.770691, 18.140417], [-65.770691, 18.139862], [-65.770973, 18.139862], [-65.770973, 18.139305], [-65.771248, 18.139305], [-65.771248, 18.139029], [-65.77153, 18.139029], [-65.77153, 18.13875], [-65.771805, 18.13875], [-65.771805, 18.138472], [-65.772087, 18.138472], [-65.772087, 18.138195], [-65.772362, 18.138195], [-65.772362, 18.137917], [-65.772636, 18.137917], [-65.772636, 18.137638], [-65.772919, 18.137638], [-65.772919, 18.137083], [-65.773193, 18.137083], [-65.773193, 18.13653], [-65.773476, 18.13653], [-65.773476, 18.136251], [-65.77375, 18.136251], [-65.77375, 18.135973], [-65.774025, 18.135973], [-65.774025, 18.135418], [-65.774307, 18.135418], [-65.774307, 18.135138], [-65.774582, 18.135138], [-65.774582, 18.134583], [-65.774864, 18.134583], [-65.774864, 18.134029], [-65.775139, 18.134029], [-65.775139, 18.133472], [-65.775414, 18.133472], [-65.775414, 18.133194], [-65.775696, 18.133194], [-65.775696, 18.132639], [-65.77597, 18.132639], [-65.77597, 18.132084], [-65.776253, 18.132084], [-65.776253, 18.131805], [-65.776527, 18.131805], [-65.776527, 18.13125], [-65.776802, 18.13125], [-65.776802, 18.130972], [-65.777084, 18.130972], [-65.777084, 18.130138], [-65.777359, 18.130138], [-65.777359, 18.129862], [-65.777641, 18.129862], [-65.777641, 18.129583], [-65.777916, 18.129583], [-65.777916, 18.128195], [-65.778198, 18.128195], [-65.778198, 18.127916], [-65.778473, 18.127916], [-65.778473, 18.12764], [-65.778748, 18.12764], [-65.778748, 18.126249], [-65.77903, 18.126249], [-65.77903, 18.125694], [-65.779305, 18.125694], [-65.779305, 18.124584], [-65.779587, 18.124584], [-65.779587, 18.123472], [-65.779861, 18.123472], [-65.779861, 18.11875], [-65.779587, 18.11875], [-65.779587, 18.118473], [-65.779305, 18.118473], [-65.779305, 18.118195], [-65.77903, 18.118195], [-65.77903, 18.117914], [-65.778198, 18.117914], [-65.778198, 18.117361], [-65.777916, 18.117361], [-65.777916, 18.117083], [-65.777641, 18.117083], [-65.777641, 18.116804], [-65.777084, 18.116804], [-65.777084, 18.113474], [-65.777359, 18.113474], [-65.777359, 18.112917], [-65.778748, 18.112917], [-65.778748, 18.112638], [-65.779861, 18.112638], [-65.779861, 18.112364], [-65.780418, 18.112364], [-65.780418, 18.112083], [-65.78125, 18.112083], [-65.78125, 18.111252], [-65.781525, 18.111252], [-65.781525, 18.11097], [-65.781807, 18.11097], [-65.781807, 18.110695], [-65.782082, 18.110695], [-65.782082, 18.11014], [-65.782364, 18.11014], [-65.782364, 18.109306], [-65.782639, 18.109306], [-65.782639, 18.10903], [-65.782913, 18.10903], [-65.782913, 18.108473], [-65.783195, 18.108473], [-65.783195, 18.108194], [-65.783752, 18.108194], [-65.783752, 18.107637], [-65.784027, 18.107637], [-65.784027, 18.107084], [-65.784302, 18.107084], [-65.784302, 18.106251], [-65.784584, 18.106251], [-65.784584, 18.105972], [-65.784859, 18.105972], [-65.784859, 18.105694], [-65.785141, 18.105694], [-65.785141, 18.105415], [-65.785416, 18.105415], [-65.785416, 18.105139], [-65.785698, 18.105139], [-65.785698, 18.104584], [-65.785973, 18.104584], [-65.785973, 18.10375], [-65.786247, 18.10375], [-65.786247, 18.103193], [-65.78653, 18.103193], [-65.78653, 18.102917], [-65.786804, 18.102917], [-65.786804, 18.101528], [-65.787086, 18.101528], [-65.787086, 18.10125], [-65.787361, 18.10125], [-65.787361, 18.10014], [-65.787636, 18.10014], [-65.787636, 18.099583], [-65.787918, 18.099583], [-65.787918, 18.099306], [-65.788193, 18.099306], [-65.788193, 18.098749], [-65.78875, 18.098749], [-65.78875, 18.097918], [-65.789024, 18.097918], [-65.789024, 18.097639], [-65.789307, 18.097639], [-65.789307, 18.095972], [-65.789581, 18.095972], [-65.789581, 18.093472], [-65.789307, 18.093472], [-65.789307, 18.092636], [-65.789024, 18.092636], [-65.789024, 18.092361], [-65.78875, 18.092361], [-65.78875, 18.091808], [-65.788475, 18.091808], [-65.788475, 18.091249], [-65.788193, 18.091249], [-65.788193, 18.090694], [-65.787918, 18.090694], [-65.787918, 18.090139], [-65.789864, 18.090139], [-65.789864, 18.089861], [-65.791252, 18.089861], [-65.791252, 18.089582], [-65.791809, 18.089582], [-65.791809, 18.089306], [-65.792084, 18.089306], [-65.792084, 18.089027], [-65.792641, 18.089027], [-65.792641, 18.088751], [-65.792915, 18.088751], [-65.792915, 18.088472], [-65.793198, 18.088472], [-65.793198, 18.087917], [-65.793472, 18.087917], [-65.793472, 18.08736], [-65.793747, 18.08736], [-65.793747, 18.087084], [-65.794029, 18.087084], [-65.794029, 18.086805], [-65.794304, 18.086805], [-65.794304, 18.086527], [-65.794586, 18.086527], [-65.794586, 18.08625], [-65.794861, 18.08625], [-65.794861, 18.085695], [-65.795135, 18.085695], [-65.795135, 18.085417], [-65.795418, 18.085417], [-65.795418, 18.084583], [-65.795692, 18.084583], [-65.795692, 18.084028], [-65.795975, 18.084028], [-65.795975, 18.080694], [-65.795692, 18.080694], [-65.795692, 18.079861], [-65.795418, 18.079861], [-65.795418, 18.079584], [-65.795135, 18.079584], [-65.795135, 18.079306], [-65.794861, 18.079306], [-65.794861, 18.078751], [-65.794586, 18.078751], [-65.794586, 18.077915], [-65.794861, 18.077915], [-65.794861, 18.077362], [-65.795135, 18.077362], [-65.795135, 18.076805], [-65.795418, 18.076805], [-65.795418, 18.076529], [-65.795692, 18.076529], [-65.795692, 18.07625], [-65.795975, 18.07625], [-65.795975, 18.075693], [-65.796249, 18.075693], [-65.796249, 18.075138], [-65.795975, 18.075138], [-65.795975, 18.074862], [-65.795692, 18.074862], [-65.795692, 18.074306], [-65.795418, 18.074306], [-65.795418, 18.074028], [-65.794861, 18.074028], [-65.794861, 18.07375], [-65.794586, 18.07375], [-65.794586, 18.072916], [-65.794861, 18.072916], [-65.794861, 18.072363], [-65.795135, 18.072363], [-65.795135, 18.072083], [-65.795418, 18.072083], [-65.795418, 18.071527], [-65.795692, 18.071527], [-65.795692, 18.071253], [-65.796249, 18.071253], [-65.796249, 18.070972], [-65.796806, 18.070972], [-65.796806, 18.069859], [-65.796524, 18.069859], [-65.796524, 18.069584], [-65.796288, 18.069584], [-65.795135, 18.069584], [-65.795135, 18.069429], [-65.795135, 18.069305], [-65.794586, 18.069305], [-65.794586, 18.069029], [-65.794304, 18.069029], [-65.794304, 18.068472], [-65.795975, 18.068472], [-65.795975, 18.068195], [-65.796249, 18.068195], [-65.796249, 18.067636], [-65.796524, 18.067636], [-65.796524, 18.066805], [-65.796806, 18.066805], [-65.796806, 18.06625], [-65.796524, 18.06625], [-65.796524, 18.064304], [-65.797363, 18.064304], [-65.797363, 18.064583], [-65.799026, 18.064583], [-65.799026, 18.064028], [-65.799583, 18.064028], [-65.799583, 18.063194], [-65.799858, 18.063194], [-65.799858, 18.062916], [-65.799583, 18.062916], [-65.799583, 18.061806], [-65.799309, 18.061806], [-65.799309, 18.060972], [-65.800972, 18.060972], [-65.800972, 18.060139], [-65.801247, 18.060139], [-65.801247, 18.05875], [-65.801529, 18.05875], [-65.801529, 18.058195], [-65.802086, 18.058195], [-65.802086, 18.057917], [-65.802917, 18.057917], [-65.802917, 18.057638], [-65.803749, 18.057638], [-65.803749, 18.057362], [-65.807083, 18.057362], [-65.807083, 18.057083], [-65.807358, 18.057083], [-65.807358, 18.056805], [-65.80764, 18.056805], [-65.80764, 18.056528], [-65.809586, 18.056528], [-65.809586, 18.056805], [-65.810143, 18.056805], [-65.810143, 18.057083], [-65.810692, 18.057083], [-65.810692, 18.057362], [-65.810974, 18.057362], [-65.810974, 18.057638], [-65.811249, 18.057638], [-65.811249, 18.058472], [-65.811531, 18.058472], [-65.811531, 18.05875], [-65.811806, 18.05875], [-65.811806, 18.059305], [-65.81208, 18.059305], [-65.81208, 18.059584], [-65.812363, 18.059584], [-65.812363, 18.05986], [-65.813751, 18.05986], [-65.813751, 18.060139], [-65.814583, 18.060139], [-65.975329, 18.112947], [-65.980866, 18.119424], [-65.993644, 18.180133], [-65.968088, 18.244058], [-65.879071, 18.2841], [-65.767365, 18.145971]]]]}}, {"type": "Feature", "properties": {"yucayeque": "GUAYANEY (Patillas/Maunabo)", "cacique": "Guaraca or Guanaca"}, "geometry": {"type": "MultiPolygon", "coordinates": [[[[-65.866139, 18.077077], [-65.838474, 18.067988], [-65.820137, 18.061964], [-65.820137, 18.061806], [-65.820419, 18.061806], [-65.820419, 18.060972], [-65.820969, 18.060972], [-65.820969, 18.060417], [-65.821526, 18.060417], [-65.821526, 18.060139], [-65.821808, 18.060139], [-65.821808, 18.05986], [-65.822639, 18.05986], [-65.822639, 18.059584], [-65.823196, 18.059584], [-65.823196, 18.059029], [-65.823471, 18.059029], [-65.823471, 18.058472], [-65.823753, 18.058472], [-65.823753, 18.058195], [-65.824028, 18.058195], [-65.824028, 18.057638], [-65.824303, 18.057638], [-65.824303, 18.057362], [-65.824585, 18.057362], [-65.824585, 18.057083], [-65.82486, 18.057083], [-65.82486, 18.056528], [-65.825142, 18.056528], [-65.825142, 18.056252], [-65.825691, 18.056252], [-65.825691, 18.055973], [-65.825974, 18.055973], [-65.825974, 18.055695], [-65.826248, 18.055695], [-65.826248, 18.055416], [-65.82708, 18.055416], [-65.82708, 18.05514], [-65.827637, 18.05514], [-65.827637, 18.052916], [-65.827362, 18.052916], [-65.827362, 18.052637], [-65.82708, 18.052637], [-65.82708, 18.052084], [-65.828751, 18.052084], [-65.828751, 18.052637], [-65.829582, 18.052637], [-65.829582, 18.052916], [-65.829865, 18.052916], [-65.829865, 18.053194], [-65.830414, 18.053194], [-65.830414, 18.053473], [-65.830696, 18.053473], [-65.830696, 18.054308], [-65.831253, 18.054308], [-65.831253, 18.054583], [-65.831802, 18.054583], [-65.831802, 18.054859], [-65.832085, 18.054859], [-65.832085, 18.055416], [-65.832359, 18.055416], [-65.832359, 18.05514], [-65.833473, 18.05514], [-65.833473, 18.054859], [-65.833748, 18.054859], [-65.833748, 18.054308], [-65.834305, 18.054308], [-65.834305, 18.054029], [-65.834587, 18.054029], [-65.834587, 18.053747], [-65.834862, 18.053747], [-65.834862, 18.053473], [-65.835419, 18.053473], [-65.835419, 18.053194], [-65.83625, 18.053194], [-65.83625, 18.052916], [-65.836525, 18.052916], [-65.836525, 18.052361], [-65.836807, 18.052361], [-65.836807, 18.050694], [-65.836525, 18.050694], [-65.836525, 18.050138], [-65.83625, 18.050138], [-65.83625, 18.049862], [-65.835976, 18.049862], [-65.835976, 18.049583], [-65.834587, 18.049583], [-65.834587, 18.049862], [-65.834305, 18.049862], [-65.834305, 18.050138], [-65.833748, 18.050138], [-65.833748, 18.050694], [-65.833473, 18.050694], [-65.833473, 18.050972], [-65.832916, 18.050972], [-65.832916, 18.05125], [-65.832085, 18.05125], [-65.832085, 18.050972], [-65.831528, 18.050972], [-65.831528, 18.050694], [-65.831253, 18.050694], [-65.831253, 18.050138], [-65.830971, 18.050138], [-65.830971, 18.049583], [-65.831253, 18.049583], [-65.831253, 18.04875], [-65.831528, 18.04875], [-65.831528, 18.047361], [-65.831802, 18.047361], [-65.831802, 18.046806], [-65.832085, 18.046806], [-65.832085, 18.045139], [-65.832359, 18.045139], [-65.832359, 18.043194], [-65.832642, 18.043194], [-65.832642, 18.042641], [-65.832916, 18.042641], [-65.832916, 18.041248], [-65.833191, 18.041248], [-65.833191, 18.038473], [-65.832916, 18.038473], [-65.832916, 18.038195], [-65.832359, 18.038195], [-65.832359, 18.036804], [-65.832085, 18.036804], [-65.832085, 18.034861], [-65.831802, 18.034861], [-65.831802, 18.034582], [-65.831528, 18.034582], [-65.831528, 18.034306], [-65.831253, 18.034306], [-65.831253, 18.034027], [-65.830971, 18.034027], [-65.830971, 18.033194], [-65.830414, 18.033194], [-65.830414, 18.032639], [-65.830139, 18.032639], [-65.830139, 18.032364], [-65.829865, 18.032364], [-65.829865, 18.032084], [-65.829308, 18.032084], [-65.829308, 18.031805], [-65.829025, 18.031805], [-65.829025, 18.031252], [-65.828751, 18.031252], [-65.828751, 18.030972], [-65.828476, 18.030972], [-65.828476, 18.03014], [-65.829308, 18.03014], [-65.829308, 18.029583], [-65.829865, 18.029583], [-65.829865, 18.029306], [-65.830414, 18.029306], [-65.830414, 18.02903], [-65.830696, 18.02903], [-65.830696, 18.028748], [-65.831253, 18.028748], [-65.831253, 18.028473], [-65.831528, 18.028473], [-65.831528, 18.028194], [-65.831802, 18.028194], [-65.831802, 18.025415], [-65.832085, 18.025415], [-65.832085, 18.02375], [-65.832359, 18.02375], [-65.832359, 18.022083], [-65.832085, 18.022083], [-65.832085, 18.021805], [-65.830414, 18.021805], [-65.830414, 18.021528], [-65.830139, 18.021528], [-65.830139, 18.020971], [-65.829865, 18.020971], [-65.829865, 18.019861], [-65.830139, 18.019861], [-65.830139, 18.019028], [-65.830414, 18.019028], [-65.830414, 18.018749], [-65.830696, 18.018749], [-65.830696, 18.018473], [-65.830971, 18.018473], [-65.830971, 18.018194], [-65.831528, 18.018194], [-65.831528, 18.017916], [-65.832085, 18.017916], [-65.832085, 18.017361], [-65.832359, 18.017361], [-65.832359, 18.015417], [-65.832085, 18.015417], [-65.832085, 18.014027], [-65.832916, 18.014027], [-65.832916, 18.014584], [-65.833191, 18.014584], [-65.833191, 18.015141], [-65.833473, 18.015141], [-65.833473, 18.015694], [-65.83403, 18.015694], [-65.83403, 18.015972], [-65.834305, 18.015972], [-65.834305, 18.013472], [-65.83403, 18.013472], [-65.83403, 18.012362], [-65.833748, 18.012362], [-65.833748, 18.011808], [-65.83403, 18.011808], [-65.83403, 18.011526], [-65.834862, 18.011526], [-65.834862, 18.012083], [-65.835419, 18.012083], [-65.835419, 18.012362], [-65.835976, 18.012362], [-65.835976, 18.012636], [-65.836525, 18.012636], [-65.836525, 18.013197], [-65.836807, 18.013197], [-65.836807, 18.013472], [-65.837082, 18.013472], [-65.837082, 18.013748], [-65.837364, 18.013748], [-65.837364, 18.014027], [-65.837914, 18.014027], [-65.837914, 18.014305], [-65.838753, 18.014305], [-65.838753, 18.014584], [-65.840416, 18.014584], [-65.840416, 18.014862], [-65.841805, 18.014862], [-65.841805, 18.015141], [-65.842918, 18.015141], [-65.842918, 18.015417], [-65.843475, 18.015417], [-65.843475, 18.015694], [-65.844582, 18.015694], [-65.844582, 18.015417], [-65.845139, 18.015417], [-65.845139, 18.015141], [-65.845413, 18.015141], [-65.845413, 18.014862], [-65.84597, 18.014862], [-65.84597, 18.014584], [-65.846252, 18.014584], [-65.846252, 18.014305], [-65.846527, 18.014305], [-65.846527, 18.013472], [-65.846802, 18.013472], [-65.846802, 18.013197], [-65.847084, 18.013197], [-65.847084, 18.012918], [-65.847359, 18.012918], [-65.847359, 18.012636], [-65.847916, 18.012636], [-65.847916, 18.011808], [-65.848198, 18.011808], [-65.848198, 18.011526], [-65.849304, 18.011526], [-65.849304, 18.011358], [-65.849304, 18.01125], [-65.850349, 18.01125], [-65.850418, 18.010973], [-65.850693, 18.010973], [-65.850693, 18.010695], [-65.850975, 18.010695], [-65.850975, 18.010139], [-65.85125, 18.010139], [-65.85125, 18.009861], [-65.851807, 18.009861], [-65.851807, 18.009583], [-65.852081, 18.009583], [-65.852081, 18.008751], [-65.852364, 18.008751], [-65.852364, 18.007917], [-65.852638, 18.007917], [-65.852638, 18.007639], [-65.852913, 18.007639], [-65.852913, 18.00736], [-65.85347, 18.00736], [-65.85347, 18.007084], [-65.854027, 18.007084], [-65.854027, 18.006805], [-65.855141, 18.006805], [-65.855141, 18.006527], [-65.855698, 18.006527], [-65.855698, 18.005695], [-65.855972, 18.005695], [-65.855972, 18.005417], [-65.856247, 18.005417], [-65.856247, 18.005138], [-65.856529, 18.005138], [-65.856529, 18.004862], [-65.856804, 18.004862], [-65.856804, 18.004583], [-65.859024, 18.004583], [-65.859024, 18.004862], [-65.859306, 18.004862], [-65.859306, 18.005138], [-65.859863, 18.005138], [-65.859863, 18.005417], [-65.860695, 18.005417], [-65.860695, 18.005695], [-65.861809, 18.005695], [-65.861809, 18.005974], [-65.862083, 18.005974], [-65.862083, 18.00625], [-65.864029, 18.00625], [-65.864029, 18.006527], [-65.864304, 18.006527], [-65.864304, 18.006805], [-65.864861, 18.006805], [-65.864861, 18.007084], [-65.865135, 18.007084], [-65.865135, 18.006805], [-65.865692, 18.006805], [-65.865692, 18.00625], [-65.865974, 18.00625], [-65.865974, 18.005695], [-65.867081, 18.005695], [-65.867081, 18.005974], [-65.867638, 18.005974], [-65.867638, 18.00625], [-65.868195, 18.00625], [-65.868195, 18.006527], [-65.868752, 18.006527], [-65.868752, 18.006805], [-65.869858, 18.006805], [-65.869858, 18.006527], [-65.870415, 18.006527], [-65.870415, 18.00625], [-65.870697, 18.00625], [-65.870697, 18.005974], [-65.870972, 18.005974], [-65.870972, 18.005695], [-65.871246, 18.005695], [-65.871246, 18.005138], [-65.871529, 18.005138], [-65.871529, 18.004862], [-65.871803, 18.004862], [-65.871803, 18.004305], [-65.872086, 18.004305], [-65.872086, 18.004028], [-65.872643, 18.004028], [-65.872643, 18.003752], [-65.872917, 18.003752], [-65.872917, 18.003471], [-65.873192, 18.003471], [-65.873192, 18.003195], [-65.873749, 18.003195], [-65.873749, 18.002916], [-65.874306, 18.002916], [-65.874306, 18.002642], [-65.87458, 18.002642], [-65.87458, 18.002361], [-65.874863, 18.002361], [-65.874863, 18.002083], [-65.87542, 18.002083], [-65.87542, 18.00153], [-65.875694, 18.00153], [-65.875694, 18.000973], [-65.875969, 18.000973], [-65.875969, 18.000416], [-65.876251, 18.000416], [-65.876251, 18.000137], [-65.876251, 17.999861], [-65.876251, 17.999584], [-65.877083, 17.999584], [-65.877083, 17.999308], [-65.87764, 17.999308], [-65.87764, 17.999025], [-65.877914, 17.999025], [-65.877914, 17.998751], [-65.878197, 17.998751], [-65.878197, 17.998472], [-65.878471, 17.998472], [-65.878471, 17.997915], [-65.878197, 17.997915], [-65.878197, 17.99736], [-65.878471, 17.99736], [-65.878471, 17.997084], [-65.878754, 17.997084], [-65.878754, 17.99625], [-65.879028, 17.99625], [-65.879028, 17.995972], [-65.879303, 17.995972], [-65.879303, 17.995417], [-65.879585, 17.995417], [-65.879585, 17.995138], [-65.87986, 17.995138], [-65.87986, 17.994583], [-65.880142, 17.994583], [-65.880142, 17.994028], [-65.880417, 17.994028], [-65.880417, 17.993471], [-65.880692, 17.993471], [-65.880692, 17.993195], [-65.880974, 17.993195], [-65.880974, 17.992916], [-65.881248, 17.992916], [-65.881248, 17.99264], [-65.881531, 17.99264], [-65.881531, 17.992361], [-65.88208, 17.992361], [-65.88208, 17.992083], [-65.882362, 17.992083], [-65.882362, 17.991806], [-65.882637, 17.991806], [-65.882637, 17.991528], [-65.882919, 17.991528], [-65.882919, 17.990973], [-65.883194, 17.990973], [-65.883194, 17.990417], [-65.883751, 17.990417], [-65.883751, 17.990141], [-65.884026, 17.990141], [-65.884026, 17.989584], [-65.884308, 17.989584], [-65.884308, 17.987919], [-65.884026, 17.987919], [-65.884026, 17.987637], [-65.884308, 17.987637], [-65.884308, 17.987362], [-65.884583, 17.987362], [-65.884583, 17.986805], [-65.885139, 17.986805], [-65.885139, 17.987362], [-65.885696, 17.987362], [-65.885696, 17.987637], [-65.885971, 17.987637], [-65.885971, 17.987919], [-65.886253, 17.987919], [-65.886253, 17.988194], [-65.886803, 17.988194], [-65.886803, 17.98875], [-65.887085, 17.98875], [-65.887085, 17.989029], [-65.88736, 17.989029], [-65.88736, 17.989584], [-65.887642, 17.989584], [-65.887642, 17.989305], [-65.887917, 17.989305], [-65.887917, 17.989861], [-65.888474, 17.989861], [-65.888474, 17.990141], [-65.888748, 17.990141], [-65.888748, 17.990694], [-65.88903, 17.990694], [-65.88903, 17.990973], [-65.889305, 17.990973], [-65.889305, 17.991528], [-65.88958, 17.991528], [-65.88958, 17.992083], [-65.890419, 17.992083], [-65.890419, 17.991806], [-65.890976, 17.991806], [-65.890976, 17.992083], [-65.892365, 17.992083], [-65.892365, 17.991806], [-65.892914, 17.991806], [-65.892914, 17.991528], [-65.893471, 17.991528], [-65.893471, 17.991249], [-65.894028, 17.991249], [-65.894028, 17.990973], [-65.894859, 17.990973], [-65.894859, 17.990694], [-65.895691, 17.990694], [-65.895691, 17.990141], [-65.89653, 17.990141], [-65.89653, 17.990694], [-65.896805, 17.990694], [-65.896805, 17.990973], [-65.897087, 17.990973], [-65.897087, 17.989861], [-65.897362, 17.989861], [-65.897362, 17.989584], [-65.897919, 17.989584], [-65.897919, 17.989305], [-65.89875, 17.989305], [-65.89875, 17.989029], [-65.899307, 17.989029], [-65.899307, 17.98875], [-65.899582, 17.98875], [-65.899582, 17.988472], [-65.899864, 17.988472], [-65.899864, 17.988194], [-65.90097, 17.988194], [-65.90097, 17.987919], [-65.901527, 17.987919], [-65.901527, 17.987637], [-65.901802, 17.987637], [-65.901802, 17.987362], [-65.902084, 17.987362], [-65.902084, 17.987083], [-65.902359, 17.987083], [-65.902359, 17.986805], [-65.902641, 17.986805], [-65.902641, 17.986526], [-65.903198, 17.986526], [-65.903198, 17.98625], [-65.903748, 17.98625], [-65.903748, 17.985971], [-65.90403, 17.985971], [-65.90403, 17.985416], [-65.904305, 17.985416], [-65.904305, 17.985138], [-65.904861, 17.985138], [-65.904861, 17.984861], [-65.905418, 17.984861], [-65.905418, 17.984583], [-65.905693, 17.984583], [-65.905693, 17.984304], [-65.905975, 17.984304], [-65.905975, 17.984028], [-65.90625, 17.984028], [-65.90625, 17.983749], [-65.906525, 17.983749], [-65.906525, 17.983473], [-65.906807, 17.983473], [-65.906807, 17.983194], [-65.907082, 17.983194], [-65.907082, 17.982916], [-65.907364, 17.982916], [-65.907364, 17.982639], [-65.907639, 17.982639], [-65.907639, 17.982361], [-65.907913, 17.982361], [-65.907913, 17.982084], [-65.908195, 17.982084], [-65.908195, 17.981806], [-65.90847, 17.981806], [-65.90847, 17.981251], [-65.908752, 17.981251], [-65.908752, 17.980846], [-65.908752, 17.980694], [-65.909027, 17.980694], [-65.909027, 17.980417], [-65.909203, 17.980417], [-65.909302, 17.980417], [-65.909302, 17.980139], [-65.909859, 17.980139], [-65.909859, 17.97986], [-65.910141, 17.97986], [-65.910141, 17.979584], [-65.910416, 17.979584], [-65.910416, 17.979305], [-65.910973, 17.979305], [-65.910973, 17.979029], [-65.911247, 17.979029], [-65.911247, 17.97875], [-65.91153, 17.97875], [-65.91153, 17.978195], [-65.911804, 17.978195], [-65.911804, 17.977917], [-65.912086, 17.977917], [-65.912086, 17.977638], [-65.912636, 17.977638], [-65.912636, 17.977362], [-65.912918, 17.977362], [-65.912918, 17.977083], [-65.913193, 17.977083], [-65.913193, 17.976528], [-65.913475, 17.976528], [-65.913475, 17.976252], [-65.914024, 17.976252], [-65.914024, 17.975973], [-65.916527, 17.975973], [-65.916527, 17.975695], [-65.917084, 17.975695], [-65.917084, 17.975416], [-65.917641, 17.975416], [-65.917641, 17.974861], [-65.922638, 17.974861], [-65.922638, 17.97514], [-65.92292, 17.97514], [-65.92292, 17.975416], [-65.924026, 17.975416], [-65.924026, 17.975695], [-65.924309, 17.975695], [-65.924309, 17.975973], [-65.924583, 17.975973], [-65.924583, 17.976252], [-65.927361, 17.976252], [-65.927361, 17.976528], [-65.927917, 17.976528], [-65.927917, 17.976805], [-65.931252, 17.976805], [-65.931252, 17.976528], [-65.932083, 17.976528], [-65.932083, 17.976252], [-65.93264, 17.976252], [-65.93264, 17.975973], [-65.933197, 17.975973], [-65.933197, 17.975695], [-65.933746, 17.975695], [-65.933746, 17.975416], [-65.934029, 17.975416], [-65.934029, 17.97514], [-65.934303, 17.97514], [-65.934303, 17.974861], [-65.93486, 17.974861], [-65.93486, 17.974583], [-65.935143, 17.974583], [-65.935143, 17.974306], [-65.935417, 17.974306], [-65.935417, 17.97403], [-65.935974, 17.97403], [-65.935974, 17.973473], [-65.936249, 17.973473], [-65.936249, 17.972919], [-65.936531, 17.972919], [-65.936531, 17.972637], [-65.936806, 17.972637], [-65.936806, 17.972361], [-65.93792, 17.972361], [-65.93792, 17.972086], [-65.938194, 17.972086], [-65.938194, 17.971806], [-65.941803, 17.971806], [-65.941803, 17.972086], [-65.942085, 17.972086], [-65.942085, 17.972361], [-65.942642, 17.972361], [-65.942642, 17.972637], [-65.942917, 17.972637], [-65.942917, 17.972919], [-65.945419, 17.972919], [-65.945419, 17.972637], [-65.946526, 17.972637], [-65.946526, 17.972361], [-65.948196, 17.972361], [-65.948196, 17.972086], [-65.949303, 17.972086], [-65.949303, 17.971806], [-65.94986, 17.971806], [-65.94986, 17.971525], [-65.952362, 17.971525], [-65.952362, 17.971251], [-65.952919, 17.971251], [-65.952919, 17.970972], [-65.953751, 17.970972], [-65.953751, 17.970694], [-65.954025, 17.970694], [-65.954025, 17.970415], [-65.957642, 17.970415], [-65.957642, 17.970694], [-65.957916, 17.970694], [-65.957916, 17.970972], [-65.959305, 17.970972], [-65.959305, 17.971251], [-65.959862, 17.971251], [-65.959862, 17.971525], [-65.960419, 17.971525], [-65.960419, 17.971806], [-65.960976, 17.971806], [-65.960976, 17.972086], [-65.961525, 17.972086], [-65.961525, 17.972361], [-65.961807, 17.972361], [-65.961807, 17.972637], [-65.962082, 17.972637], [-65.962082, 17.972919], [-65.962364, 17.972919], [-65.962364, 17.973194], [-65.962639, 17.973194], [-65.962639, 17.973473], [-65.964302, 17.973473], [-65.964302, 17.973194], [-65.967087, 17.973194], [-65.967087, 17.973473], [-65.967361, 17.973473], [-65.967361, 17.97403], [-65.967918, 17.97403], [-65.967918, 17.974306], [-65.968193, 17.974306], [-65.968193, 17.974583], [-65.969307, 17.974583], [-65.969307, 17.97403], [-65.970139, 17.97403], [-65.970139, 17.973747], [-65.970695, 17.973747], [-65.970695, 17.973473], [-65.971252, 17.973473], [-65.971252, 17.973194], [-65.971802, 17.973194], [-65.971802, 17.972919], [-65.972084, 17.972919], [-65.972084, 17.972637], [-65.972359, 17.972637], [-65.972359, 17.972361], [-65.972641, 17.972361], [-65.972641, 17.972086], [-65.972916, 17.972086], [-65.972916, 17.971806], [-65.973198, 17.971806], [-65.973198, 17.971525], [-65.97403, 17.971525], [-65.97403, 17.971251], [-65.974304, 17.971251], [-65.974304, 17.970972], [-65.974586, 17.970972], [-65.974586, 17.970694], [-65.974861, 17.970694], [-65.974861, 17.970415], [-65.975136, 17.970415], [-65.975136, 17.969862], [-65.975418, 17.969862], [-65.975418, 17.969584], [-65.975693, 17.969584], [-65.975693, 17.969028], [-65.975975, 17.969028], [-65.975975, 17.96875], [-65.97625, 17.96875], [-65.97625, 17.968472], [-65.976524, 17.968472], [-65.976524, 17.968193], [-65.976807, 17.968193], [-65.976807, 17.967916], [-65.977081, 17.967916], [-65.977081, 17.967638], [-65.977638, 17.967638], [-65.977638, 17.967916], [-65.979309, 17.967916], [-65.979309, 17.967638], [-65.980698, 17.967638], [-65.980698, 17.967916], [-65.981247, 17.967916], [-65.981247, 17.968193], [-65.981804, 17.968193], [-65.981804, 17.968472], [-65.982918, 17.968472], [-65.982918, 17.96875], [-65.983192, 17.96875], [-65.983192, 17.969028], [-65.983749, 17.969028], [-65.983749, 17.969584], [-65.984024, 17.969584], [-65.984024, 17.969862], [-65.984306, 17.969862], [-65.984306, 17.970139], [-65.984863, 17.970139], [-65.984863, 17.970972], [-65.985138, 17.970972], [-65.985138, 17.971525], [-65.98542, 17.971525], [-65.98542, 17.972086], [-65.98597, 17.972086], [-65.98597, 17.972361], [-65.986252, 17.972361], [-65.986252, 17.972637], [-65.986809, 17.972637], [-65.986809, 17.972919], [-65.987083, 17.972919], [-65.987083, 17.973194], [-65.987358, 17.973194], [-65.987358, 17.973473], [-65.98764, 17.973473], [-65.98764, 17.973747], [-65.987915, 17.973747], [-65.987915, 17.97403], [-65.988197, 17.97403], [-65.988197, 17.974306], [-65.988747, 17.974306], [-65.988747, 17.974583], [-65.989304, 17.974583], [-65.989304, 17.974861], [-65.989586, 17.974861], [-65.989586, 17.97514], [-65.989861, 17.97514], [-65.989861, 17.975416], [-65.990135, 17.975416], [-65.990135, 17.975695], [-65.990417, 17.975695], [-65.990417, 17.975973], [-65.990974, 17.975973], [-65.990974, 17.976252], [-65.991249, 17.976252], [-65.991249, 17.976805], [-65.991531, 17.976805], [-65.991531, 17.977083], [-65.991806, 17.977083], [-65.991806, 17.977638], [-65.992363, 17.977638], [-65.992363, 17.977917], [-65.993195, 17.977917], [-65.993195, 17.978195], [-65.993752, 17.978195], [-65.993752, 17.978472], [-65.994308, 17.978472], [-65.994308, 17.97875], [-65.995415, 17.97875], [-65.995415, 17.978472], [-65.996529, 17.978472], [-65.996529, 17.97875], [-65.999031, 17.97875], [-65.999031, 17.979029], [-65.999306, 17.979029], [-65.999306, 17.97875], [-65.999863, 17.97875], [-65.999863, 17.978472], [-66.000137, 17.978472], [-66.001526, 17.978472], [-66.001526, 17.978195], [-66.003197, 17.978195], [-66.003197, 17.977917], [-66.003754, 17.977917], [-66.003754, 17.977638], [-66.004303, 17.977638], [-66.004303, 17.977917], [-66.00486, 17.977917], [-66.00486, 17.978195], [-66.005417, 17.978195], [-66.005417, 17.978472], [-66.005692, 17.978472], [-66.005692, 17.97875], [-66.005974, 17.97875], [-66.005974, 17.979029], [-66.006531, 17.979029], [-66.006531, 17.980139], [-66.006805, 17.980139], [-66.006805, 17.980417], [-66.00708, 17.980417], [-66.00708, 17.980694], [-66.008751, 17.980694], [-66.008751, 17.980417], [-66.009026, 17.980417], [-66.009026, 17.980139], [-66.010414, 17.980139], [-66.010414, 17.97986], [-66.010696, 17.97986], [-66.010696, 17.979584], [-66.012642, 17.979584], [-66.012642, 17.979305], [-66.013191, 17.979305], [-66.013191, 17.979029], [-66.013474, 17.979029], [-66.013474, 17.979305], [-66.01458, 17.979305], [-66.01458, 17.979029], [-66.017914, 17.979029], [-66.017914, 17.97875], [-66.018753, 17.97875], [-66.018753, 17.978472], [-66.019585, 17.978472], [-66.019585, 17.978195], [-66.019821, 17.978195], [-66.020691, 17.978195], [-66.026998, 17.989349], [-66.075323, 18.001295], [-66.075149, 18.040448], [-66.045665, 18.062343], [-66.046363, 18.074284], [-65.981795, 18.123837], [-65.975329, 18.112947], [-65.866139, 18.077077]]]]}}, {"type": "Feature", "properties": {"yucayeque": "GUAYAMA (Guayama)", "cacique": "Guamaní"}, "geometry": {"type": "MultiPolygon", "coordinates": [[[[-66.021248, 17.977917], [-66.021248, 17.977638], [-66.02153, 17.977638], [-66.02153, 17.977362], [-66.021932, 17.977362], [-66.022087, 17.977235], [-66.022087, 17.977083], [-66.022275, 17.977083], [-66.022362, 17.977013], [-66.022362, 17.976805], [-66.022618, 17.976805], [-66.022636, 17.97679], [-66.022636, 17.976528], [-66.022958, 17.976528], [-66.025414, 17.974535], [-66.025414, 17.974306], [-66.025696, 17.974306], [-66.025696, 17.97403], [-66.02597, 17.97403], [-66.02597, 17.973473], [-66.026527, 17.973473], [-66.026527, 17.973194], [-66.026802, 17.973194], [-66.026802, 17.972919], [-66.027084, 17.972919], [-66.027084, 17.972637], [-66.027641, 17.972637], [-66.027641, 17.972086], [-66.027916, 17.972086], [-66.027916, 17.971525], [-66.028473, 17.971525], [-66.028473, 17.971251], [-66.028748, 17.971251], [-66.028748, 17.970972], [-66.02903, 17.970972], [-66.02903, 17.970694], [-66.029305, 17.970694], [-66.029305, 17.970415], [-66.029587, 17.970415], [-66.029587, 17.970139], [-66.030136, 17.970139], [-66.030136, 17.969862], [-66.030418, 17.969862], [-66.030418, 17.969584], [-66.030693, 17.969584], [-66.030693, 17.969303], [-66.030975, 17.969303], [-66.030975, 17.96875], [-66.03125, 17.96875], [-66.03125, 17.968193], [-66.031525, 17.968193], [-66.031525, 17.967916], [-66.031807, 17.967916], [-66.031807, 17.967638], [-66.032082, 17.967638], [-66.032082, 17.967085], [-66.032364, 17.967085], [-66.032364, 17.966806], [-66.032639, 17.966806], [-66.032639, 17.966528], [-66.032913, 17.966528], [-66.032913, 17.966249], [-66.033195, 17.966249], [-66.033195, 17.965694], [-66.03347, 17.965694], [-66.03347, 17.964863], [-66.033752, 17.964863], [-66.033752, 17.964027], [-66.034027, 17.964027], [-66.034027, 17.963472], [-66.034302, 17.963472], [-66.034302, 17.962641], [-66.034584, 17.962641], [-66.034584, 17.961805], [-66.034859, 17.961805], [-66.034859, 17.961529], [-66.035698, 17.961529], [-66.035698, 17.961805], [-66.035973, 17.961805], [-66.035973, 17.962084], [-66.03653, 17.962084], [-66.03653, 17.962358], [-66.036804, 17.962358], [-66.036804, 17.962641], [-66.037918, 17.962641], [-66.037918, 17.962358], [-66.03875, 17.962358], [-66.03875, 17.962084], [-66.039581, 17.962084], [-66.039581, 17.961805], [-66.040138, 17.961805], [-66.040138, 17.961529], [-66.040413, 17.961529], [-66.040413, 17.960972], [-66.040695, 17.960972], [-66.040695, 17.960695], [-66.04097, 17.960695], [-66.04097, 17.960136], [-66.041252, 17.960136], [-66.041252, 17.959862], [-66.041527, 17.959862], [-66.041527, 17.959583], [-66.041809, 17.959583], [-66.041809, 17.959305], [-66.042084, 17.959305], [-66.042084, 17.959026], [-66.042358, 17.959026], [-66.042358, 17.95875], [-66.042641, 17.95875], [-66.042641, 17.95764], [-66.042915, 17.95764], [-66.042915, 17.955973], [-66.044029, 17.955973], [-66.044029, 17.955694], [-66.044586, 17.955694], [-66.044586, 17.955416], [-66.046249, 17.955416], [-66.046249, 17.955139], [-66.046524, 17.955139], [-66.046524, 17.953472], [-66.046806, 17.953472], [-66.046806, 17.952917], [-66.047081, 17.952917], [-66.047081, 17.952639], [-66.047363, 17.952639], [-66.047363, 17.952362], [-66.04792, 17.952362], [-66.04792, 17.952084], [-66.048195, 17.952084], [-66.048195, 17.952362], [-66.04847, 17.952362], [-66.04847, 17.952639], [-66.048752, 17.952639], [-66.048752, 17.953194], [-66.049026, 17.953194], [-66.049026, 17.954582], [-66.049309, 17.954582], [-66.049309, 17.955416], [-66.05014, 17.955416], [-66.05014, 17.955694], [-66.050415, 17.955694], [-66.050415, 17.955973], [-66.050697, 17.955973], [-66.050697, 17.956249], [-66.050972, 17.956249], [-66.050972, 17.956528], [-66.051247, 17.956528], [-66.051247, 17.956804], [-66.051804, 17.956804], [-66.051804, 17.957083], [-66.052917, 17.957083], [-66.052917, 17.957361], [-66.053749, 17.957361], [-66.053749, 17.95764], [-66.054031, 17.95764], [-66.054031, 17.958195], [-66.054306, 17.958195], [-66.054306, 17.958471], [-66.054863, 17.958471], [-66.054863, 17.95875], [-66.056252, 17.95875], [-66.056252, 17.958471], [-66.058472, 17.958471], [-66.058472, 17.95875], [-66.058746, 17.95875], [-66.058746, 17.959026], [-66.059303, 17.959026], [-66.059303, 17.959305], [-66.060143, 17.959305], [-66.060143, 17.959583], [-66.061249, 17.959583], [-66.061249, 17.959862], [-66.061806, 17.959862], [-66.061806, 17.960136], [-66.063469, 17.960136], [-66.063469, 17.960419], [-66.064308, 17.960419], [-66.064308, 17.960695], [-66.064583, 17.960695], [-66.064583, 17.961529], [-66.064308, 17.961529], [-66.064308, 17.962084], [-66.064583, 17.962084], [-66.064583, 17.962358], [-66.065971, 17.962358], [-66.065971, 17.962641], [-66.066254, 17.962641], [-66.066254, 17.963751], [-66.066528, 17.963751], [-66.066528, 17.964027], [-66.066803, 17.964027], [-66.066803, 17.964306], [-66.067085, 17.964306], [-66.067085, 17.964582], [-66.067642, 17.964582], [-66.067642, 17.965416], [-66.067917, 17.965416], [-66.067917, 17.965973], [-66.068474, 17.965973], [-66.068474, 17.966249], [-66.069031, 17.966249], [-66.069031, 17.966528], [-66.069862, 17.966528], [-66.069862, 17.966249], [-66.070244, 17.966249], [-66.070419, 17.966249], [-66.070419, 17.965973], [-66.070694, 17.965973], [-66.070694, 17.966249], [-66.070969, 17.966249], [-66.070969, 17.966528], [-66.072083, 17.966528], [-66.072083, 17.966249], [-66.072914, 17.966249], [-66.072914, 17.965973], [-66.073471, 17.965973], [-66.073471, 17.965694], [-66.074028, 17.965694], [-66.074028, 17.965416], [-66.074585, 17.965416], [-66.074585, 17.965139], [-66.075142, 17.965139], [-66.075142, 17.964863], [-66.075691, 17.964863], [-66.075691, 17.965139], [-66.075974, 17.965139], [-66.075974, 17.965416], [-66.07653, 17.965416], [-66.07653, 17.965694], [-66.076805, 17.965694], [-66.076805, 17.965973], [-66.07708, 17.965973], [-66.07708, 17.966249], [-66.077362, 17.966249], [-66.077362, 17.966806], [-66.077919, 17.966806], [-66.077919, 17.967085], [-66.078751, 17.967085], [-66.078751, 17.966806], [-66.079582, 17.966806], [-66.079582, 17.966249], [-66.081802, 17.966249], [-66.081802, 17.965973], [-66.082916, 17.965973], [-66.082916, 17.965694], [-66.083473, 17.965694], [-66.083473, 17.965416], [-66.08403, 17.965416], [-66.08403, 17.965139], [-66.084587, 17.965139], [-66.084587, 17.964863], [-66.085693, 17.964863], [-66.085693, 17.964582], [-66.08625, 17.964582], [-66.08625, 17.964027], [-66.086525, 17.964027], [-66.086525, 17.963751], [-66.087364, 17.963751], [-66.087364, 17.963472], [-66.088753, 17.963472], [-66.088753, 17.963194], [-66.089302, 17.963194], [-66.089302, 17.962917], [-66.089584, 17.962917], [-66.089584, 17.962641], [-66.090141, 17.962641], [-66.090141, 17.962358], [-66.090416, 17.962358], [-66.090416, 17.962084], [-66.090698, 17.962084], [-66.090698, 17.961805], [-66.091248, 17.961805], [-66.091248, 17.961529], [-66.091805, 17.961529], [-66.091805, 17.96125], [-66.092087, 17.96125], [-66.092087, 17.960972], [-66.092361, 17.960972], [-66.092361, 17.960695], [-66.092918, 17.960695], [-66.092918, 17.960419], [-66.093193, 17.960419], [-66.093193, 17.960136], [-66.094025, 17.960136], [-66.094025, 17.959862], [-66.094307, 17.959862], [-66.094307, 17.959583], [-66.094582, 17.959583], [-66.094582, 17.959305], [-66.094864, 17.959305], [-66.094864, 17.959026], [-66.095695, 17.959026], [-66.095695, 17.95875], [-66.096252, 17.95875], [-66.096252, 17.958471], [-66.096802, 17.958471], [-66.096802, 17.958195], [-66.097359, 17.958195], [-66.097359, 17.957914], [-66.097916, 17.957914], [-66.097916, 17.95764], [-66.098198, 17.95764], [-66.098198, 17.957361], [-66.098473, 17.957361], [-66.098473, 17.957083], [-66.09903, 17.957083], [-66.09903, 17.956804], [-66.099586, 17.956804], [-66.099586, 17.956528], [-66.100418, 17.956528], [-66.100418, 17.956249], [-66.10125, 17.956249], [-66.10125, 17.955973], [-66.101807, 17.955973], [-66.101807, 17.955694], [-66.102364, 17.955694], [-66.102364, 17.955416], [-66.102638, 17.955416], [-66.102638, 17.955139], [-66.102913, 17.955139], [-66.102913, 17.954861], [-66.103195, 17.954861], [-66.103195, 17.954582], [-66.103752, 17.954582], [-66.103752, 17.954306], [-66.104027, 17.954306], [-66.104027, 17.954027], [-66.104309, 17.954027], [-66.104309, 17.953751], [-66.104584, 17.953751], [-66.104584, 17.953472], [-66.105141, 17.953472], [-66.105141, 17.953194], [-66.105698, 17.953194], [-66.105698, 17.952917], [-66.106247, 17.952917], [-66.106247, 17.952639], [-66.106529, 17.952639], [-66.106529, 17.952362], [-66.107086, 17.952362], [-66.107086, 17.952084], [-66.107635, 17.952084], [-66.107635, 17.951805], [-66.108192, 17.951805], [-66.108192, 17.951529], [-66.108475, 17.951529], [-66.108475, 17.95125], [-66.109306, 17.95125], [-66.109306, 17.950972], [-66.109581, 17.950972], [-66.109581, 17.950695], [-66.109863, 17.950695], [-66.109863, 17.950417], [-66.110138, 17.950417], [-66.110138, 17.950138], [-66.11042, 17.950138], [-66.11042, 17.949862], [-66.111526, 17.949862], [-66.111526, 17.949306], [-66.112083, 17.949306], [-66.112083, 17.94903], [-66.112358, 17.94903], [-66.112358, 17.948748], [-66.11264, 17.948748], [-66.11264, 17.948473], [-66.112915, 17.948473], [-66.112915, 17.948195], [-66.113747, 17.948195], [-66.113747, 17.948748], [-66.116806, 17.948748], [-66.116806, 17.948473], [-66.117638, 17.948473], [-66.117638, 17.948195], [-66.118752, 17.948195], [-66.118752, 17.947918], [-66.121803, 17.947918], [-66.121803, 17.947639], [-66.12236, 17.947639], [-66.12236, 17.947359], [-66.123749, 17.947359], [-66.123749, 17.947083], [-66.12458, 17.947083], [-66.12458, 17.946808], [-66.124863, 17.946808], [-66.124863, 17.946529], [-66.12542, 17.946529], [-66.12542, 17.946251], [-66.125694, 17.946251], [-66.125694, 17.946529], [-66.126526, 17.946529], [-66.126526, 17.946808], [-66.128754, 17.946808], [-66.128754, 17.946529], [-66.12986, 17.946529], [-66.12986, 17.946251], [-66.130142, 17.946251], [-66.130142, 17.945694], [-66.130692, 17.945694], [-66.130692, 17.945139], [-66.130974, 17.945139], [-66.130974, 17.944584], [-66.131248, 17.944584], [-66.131248, 17.944305], [-66.13208, 17.944305], [-66.13208, 17.944027], [-66.132362, 17.944027], [-66.132362, 17.94375], [-66.132637, 17.94375], [-66.132637, 17.943472], [-66.132919, 17.943472], [-66.132919, 17.943195], [-66.133194, 17.943195], [-66.133194, 17.942362], [-66.133469, 17.942362], [-66.133469, 17.942083], [-66.134583, 17.942083], [-66.134583, 17.941805], [-66.134865, 17.941805], [-66.134865, 17.941528], [-66.135414, 17.941528], [-66.135414, 17.94125], [-66.136253, 17.94125], [-66.136253, 17.940971], [-66.136803, 17.940971], [-66.136803, 17.940695], [-66.137085, 17.940695], [-66.137085, 17.940416], [-66.13736, 17.940416], [-66.13736, 17.940695], [-66.138191, 17.940695], [-66.138191, 17.940971], [-66.13903, 17.940971], [-66.13903, 17.94125], [-66.13958, 17.94125], [-66.13958, 17.941528], [-66.140419, 17.941528], [-66.140419, 17.94125], [-66.140976, 17.94125], [-66.140976, 17.940971], [-66.141525, 17.940971], [-66.141525, 17.940695], [-66.141808, 17.940695], [-66.141808, 17.940416], [-66.142082, 17.940416], [-66.142082, 17.939583], [-66.142639, 17.939583], [-66.142639, 17.939028], [-66.142914, 17.939028], [-66.142914, 17.938473], [-66.143196, 17.938473], [-66.143196, 17.938194], [-66.143753, 17.938194], [-66.143753, 17.937916], [-66.144028, 17.937916], [-66.144028, 17.937363], [-66.144302, 17.937363], [-66.144302, 17.937084], [-66.144585, 17.937084], [-66.144585, 17.936527], [-66.144859, 17.936527], [-66.144859, 17.936251], [-66.145142, 17.936251], [-66.145142, 17.935694], [-66.145416, 17.935694], [-66.145416, 17.935417], [-66.145973, 17.935417], [-66.145973, 17.935141], [-66.146248, 17.935141], [-66.146248, 17.934858], [-66.14653, 17.934858], [-66.14653, 17.934584], [-66.146805, 17.934584], [-66.146805, 17.934305], [-66.147087, 17.934305], [-66.147087, 17.934029], [-66.147362, 17.934029], [-66.147362, 17.933748], [-66.14875, 17.933748], [-66.14875, 17.933472], [-66.149025, 17.933472], [-66.149025, 17.933195], [-66.149307, 17.933195], [-66.149307, 17.932919], [-66.149582, 17.932919], [-66.149582, 17.932636], [-66.150414, 17.932636], [-66.150414, 17.932362], [-66.150696, 17.932362], [-66.150696, 17.932083], [-66.151253, 17.932083], [-66.151253, 17.931805], [-66.151527, 17.931805], [-66.151527, 17.931526], [-66.151802, 17.931526], [-66.151802, 17.93125], [-66.152641, 17.93125], [-66.152641, 17.930973], [-66.152916, 17.930973], [-66.152916, 17.930695], [-66.153198, 17.930695], [-66.153198, 17.930414], [-66.153748, 17.930414], [-66.153748, 17.93014], [-66.15403, 17.93014], [-66.15403, 17.929861], [-66.154305, 17.929861], [-66.154305, 17.929583], [-66.154861, 17.929583], [-66.154861, 17.929304], [-66.155418, 17.929304], [-66.155418, 17.929583], [-66.15847, 17.929583], [-66.15847, 17.929028], [-66.158752, 17.929028], [-66.158752, 17.928473], [-66.159027, 17.928473], [-66.159027, 17.928192], [-66.159302, 17.928192], [-66.159302, 17.927917], [-66.159584, 17.927917], [-66.159584, 17.927639], [-66.160141, 17.927639], [-66.160141, 17.928192], [-66.159859, 17.928192], [-66.159859, 17.928473], [-66.159584, 17.928473], [-66.159584, 17.928749], [-66.159302, 17.928749], [-66.159302, 17.929028], [-66.159027, 17.929028], [-66.159027, 17.929583], [-66.158752, 17.929583], [-66.158752, 17.929861], [-66.15847, 17.929861], [-66.15847, 17.93014], [-66.158195, 17.93014], [-66.158195, 17.930414], [-66.15847, 17.930414], [-66.15847, 17.931526], [-66.158195, 17.931526], [-66.158195, 17.931805], [-66.157913, 17.931805], [-66.157913, 17.932083], [-66.157639, 17.932083], [-66.157639, 17.932362], [-66.157364, 17.932362], [-66.157364, 17.932636], [-66.157082, 17.932636], [-66.157082, 17.932919], [-66.156807, 17.932919], [-66.156807, 17.933472], [-66.156525, 17.933472], [-66.156525, 17.934305], [-66.15625, 17.934305], [-66.15625, 17.934858], [-66.155975, 17.934858], [-66.155975, 17.936251], [-66.15625, 17.936251], [-66.15625, 17.936806], [-66.156525, 17.936806], [-66.156525, 17.937084], [-66.157082, 17.937084], [-66.157082, 17.937363], [-66.158752, 17.937363], [-66.158752, 17.937084], [-66.159302, 17.937084], [-66.159302, 17.936806], [-66.159584, 17.936806], [-66.159584, 17.936527], [-66.159859, 17.936527], [-66.159859, 17.935972], [-66.160141, 17.935972], [-66.160141, 17.935141], [-66.160416, 17.935141], [-66.160416, 17.931805], [-66.16153, 17.931805], [-66.16153, 17.932083], [-66.161804, 17.932083], [-66.161804, 17.931805], [-66.163193, 17.931805], [-66.163193, 17.932083], [-66.164307, 17.932083], [-66.164307, 17.932362], [-66.164581, 17.932362], [-66.164581, 17.932636], [-66.167084, 17.932636], [-66.167084, 17.932919], [-66.167915, 17.932919], [-66.167915, 17.933195], [-66.168198, 17.933195], [-66.168198, 17.933472], [-66.168747, 17.933472], [-66.168747, 17.933748], [-66.169304, 17.933748], [-66.169304, 17.934029], [-66.169861, 17.934029], [-66.169861, 17.934305], [-66.170135, 17.934305], [-66.170135, 17.934584], [-66.170692, 17.934584], [-66.170692, 17.934858], [-66.170975, 17.934858], [-66.170975, 17.935141], [-66.171524, 17.935141], [-66.171524, 17.935417], [-66.172081, 17.935417], [-66.172081, 17.935694], [-66.172638, 17.935694], [-66.172638, 17.935972], [-66.17292, 17.935972], [-66.17292, 17.936527], [-66.173752, 17.936527], [-66.173752, 17.936806], [-66.174858, 17.936806], [-66.174858, 17.936527], [-66.176247, 17.936527], [-66.176247, 17.936251], [-66.177361, 17.936251], [-66.177361, 17.935972], [-66.177635, 17.935972], [-66.177635, 17.935694], [-66.177917, 17.935694], [-66.177917, 17.935417], [-66.178192, 17.935417], [-66.178192, 17.935694], [-66.179031, 17.935694], [-66.179031, 17.935417], [-66.180138, 17.935417], [-66.180138, 17.935694], [-66.183472, 17.935694], [-66.183472, 17.935417], [-66.183746, 17.935417], [-66.183746, 17.935141], [-66.184586, 17.935141], [-66.184586, 17.935417], [-66.18486, 17.935417], [-66.18486, 17.935141], [-66.185143, 17.935141], [-66.185143, 17.935417], [-66.185417, 17.935417], [-66.185417, 17.935694], [-66.186249, 17.935694], [-66.186249, 17.935972], [-66.186806, 17.935972], [-66.186806, 17.936251], [-66.187363, 17.936251], [-66.187363, 17.936527], [-66.18792, 17.936527], [-66.18792, 17.936806], [-66.188469, 17.936806], [-66.188469, 17.937084], [-66.189308, 17.937084], [-66.189308, 17.937363], [-66.19014, 17.937363], [-66.19014, 17.937639], [-66.190697, 17.937639], [-66.190697, 17.937916], [-66.192085, 17.937916], [-66.192085, 17.937639], [-66.192642, 17.937639], [-66.192642, 17.937363], [-66.193192, 17.937363], [-66.193192, 17.937084], [-66.193748, 17.937084], [-66.193748, 17.936806], [-66.194862, 17.936806], [-66.194862, 17.936527], [-66.195137, 17.936527], [-66.195137, 17.936251], [-66.195419, 17.936251], [-66.195419, 17.935972], [-66.195969, 17.935972], [-66.195969, 17.935694], [-66.196526, 17.935694], [-66.196526, 17.935141], [-66.196808, 17.935141], [-66.196808, 17.932919], [-66.197083, 17.932919], [-66.197083, 17.932636], [-66.197365, 17.932636], [-66.197365, 17.932083], [-66.197639, 17.932083], [-66.197639, 17.931805], [-66.197914, 17.931805], [-66.197914, 17.931526], [-66.198196, 17.931526], [-66.198196, 17.930695], [-66.198471, 17.930695], [-66.198471, 17.930414], [-66.198753, 17.930414], [-66.198753, 17.93014], [-66.199028, 17.93014], [-66.199028, 17.929861], [-66.199303, 17.929861], [-66.199303, 17.929583], [-66.19986, 17.929583], [-66.19986, 17.929304], [-66.201248, 17.929304], [-66.201248, 17.929028], [-66.20153, 17.929028], [-66.20153, 17.928192], [-66.201805, 17.928192], [-66.201805, 17.927917], [-66.204025, 17.927917], [-66.204025, 17.927639], [-66.204308, 17.927639], [-66.204308, 17.926805], [-66.204582, 17.926805], [-66.204582, 17.926527], [-66.205971, 17.926527], [-66.205971, 17.926805], [-66.206253, 17.926805], [-66.206253, 17.926527], [-66.206528, 17.926527], [-66.206528, 17.92625], [-66.206802, 17.92625], [-66.206802, 17.925974], [-66.207085, 17.925974], [-66.207085, 17.925417], [-66.207359, 17.925417], [-66.207359, 17.925138], [-66.208191, 17.925138], [-66.208191, 17.924862], [-66.208748, 17.924862], [-66.208748, 17.924583], [-66.210419, 17.924583], [-66.210419, 17.923195], [-66.210693, 17.923195], [-66.210693, 17.922916], [-66.211525, 17.922916], [-66.211525, 17.92264], [-66.212082, 17.92264], [-66.212082, 17.922361], [-66.212364, 17.922361], [-66.212364, 17.922083], [-66.212639, 17.922083], [-66.212639, 17.921806], [-66.212914, 17.921806], [-66.212914, 17.92153], [-66.213196, 17.92153], [-66.213196, 17.921247], [-66.21347, 17.921247], [-66.21347, 17.920973], [-66.215416, 17.920973], [-66.215416, 17.921247], [-66.21653, 17.921247], [-66.21653, 17.92153], [-66.217361, 17.92153], [-66.217361, 17.921806], [-66.217636, 17.921806], [-66.217636, 17.922083], [-66.217361, 17.922083], [-66.217361, 17.922361], [-66.217087, 17.922361], [-66.217087, 17.92264], [-66.216805, 17.92264], [-66.216805, 17.923195], [-66.21653, 17.923195], [-66.21653, 17.923471], [-66.216248, 17.923471], [-66.216248, 17.923195], [-66.215698, 17.923195], [-66.215698, 17.923752], [-66.215416, 17.923752], [-66.215416, 17.924305], [-66.215141, 17.924305], [-66.215141, 17.924583], [-66.214584, 17.924583], [-66.214584, 17.924028], [-66.214302, 17.924028], [-66.214302, 17.923752], [-66.213753, 17.923752], [-66.213753, 17.924583], [-66.21347, 17.924583], [-66.21347, 17.924862], [-66.213196, 17.924862], [-66.213196, 17.925138], [-66.212639, 17.925138], [-66.212639, 17.925417], [-66.212364, 17.925417], [-66.212364, 17.92625], [-66.212639, 17.92625], [-66.212639, 17.927082], [-66.212364, 17.927082], [-66.212364, 17.926805], [-66.211807, 17.926805], [-66.211807, 17.926527], [-66.21125, 17.926527], [-66.21125, 17.927082], [-66.210976, 17.927082], [-66.210976, 17.928192], [-66.210693, 17.928192], [-66.210693, 17.928749], [-66.210419, 17.928749], [-66.210419, 17.929583], [-66.209587, 17.929583], [-66.209587, 17.929861], [-66.209305, 17.929861], [-66.209305, 17.93014], [-66.209587, 17.93014], [-66.209587, 17.930695], [-66.209862, 17.930695], [-66.209862, 17.93125], [-66.209587, 17.93125], [-66.209587, 17.931526], [-66.208473, 17.931526], [-66.208473, 17.931805], [-66.207916, 17.931805], [-66.207916, 17.932083], [-66.207642, 17.932083], [-66.207642, 17.932362], [-66.207359, 17.932362], [-66.207359, 17.932636], [-66.208473, 17.932636], [-66.208473, 17.932362], [-66.209305, 17.932362], [-66.209305, 17.931805], [-66.210136, 17.931805], [-66.210136, 17.932362], [-66.210419, 17.932362], [-66.210419, 17.933195], [-66.209862, 17.933195], [-66.209862, 17.933472], [-66.209587, 17.933472], [-66.209587, 17.933748], [-66.208748, 17.933748], [-66.208748, 17.934029], [-66.207916, 17.934029], [-66.207916, 17.934305], [-66.207642, 17.934305], [-66.207642, 17.935141], [-66.207916, 17.935141], [-66.207916, 17.935417], [-66.208191, 17.935417], [-66.208191, 17.935972], [-66.208473, 17.935972], [-66.208473, 17.936527], [-66.208748, 17.936527], [-66.208748, 17.937084], [-66.20903, 17.937084], [-66.20903, 17.937363], [-66.209587, 17.937363], [-66.209587, 17.937916], [-66.210136, 17.937916], [-66.210136, 17.938194], [-66.210419, 17.938194], [-66.210419, 17.938473], [-66.210693, 17.938473], [-66.210693, 17.939028], [-66.210976, 17.939028], [-66.210976, 17.939306], [-66.21125, 17.939306], [-66.21125, 17.939583], [-66.211525, 17.939583], [-66.211525, 17.939861], [-66.211807, 17.939861], [-66.211807, 17.94014], [-66.212082, 17.94014], [-66.212082, 17.940416], [-66.212639, 17.940416], [-66.212639, 17.940695], [-66.212914, 17.940695], [-66.212914, 17.940971], [-66.213196, 17.940971], [-66.213196, 17.94375], [-66.21347, 17.94375], [-66.21347, 17.94486], [-66.212914, 17.94486], [-66.212914, 17.945139], [-66.212639, 17.945139], [-66.212639, 17.94486], [-66.210976, 17.94486], [-66.210976, 17.944584], [-66.210136, 17.944584], [-66.210136, 17.944027], [-66.208473, 17.944027], [-66.208473, 17.944584], [-66.206802, 17.944584], [-66.206802, 17.94486], [-66.205971, 17.94486], [-66.205971, 17.945139], [-66.202919, 17.945139], [-66.202919, 17.945415], [-66.202637, 17.945415], [-66.202637, 17.945694], [-66.202362, 17.945694], [-66.202362, 17.945415], [-66.20208, 17.945415], [-66.20208, 17.945139], [-66.201805, 17.945139], [-66.201805, 17.94375], [-66.200974, 17.94375], [-66.200974, 17.944305], [-66.200142, 17.944305], [-66.200142, 17.944027], [-66.199585, 17.944027], [-66.199585, 17.94375], [-66.199028, 17.94375], [-66.199028, 17.943472], [-66.198753, 17.943472], [-66.198753, 17.943195], [-66.198196, 17.943195], [-66.198196, 17.942917], [-66.197083, 17.942917], [-66.197083, 17.942638], [-66.195694, 17.942638], [-66.195694, 17.942362], [-66.194862, 17.942362], [-66.194862, 17.942083], [-66.194305, 17.942083], [-66.194305, 17.941805], [-66.193474, 17.941805], [-66.193474, 17.941528], [-66.19236, 17.941528], [-66.19236, 17.94125], [-66.191528, 17.94125], [-66.191528, 17.940971], [-66.189583, 17.940971], [-66.189583, 17.940695], [-66.188751, 17.940695], [-66.188751, 17.940416], [-66.188469, 17.940416], [-66.188469, 17.939583], [-66.188194, 17.939583], [-66.188194, 17.939306], [-66.187637, 17.939306], [-66.187637, 17.939028], [-66.185417, 17.939028], [-66.185417, 17.938749], [-66.185143, 17.938749], [-66.185143, 17.938473], [-66.184586, 17.938473], [-66.184586, 17.938194], [-66.184303, 17.938194], [-66.184303, 17.937916], [-66.184029, 17.937916], [-66.184029, 17.937639], [-66.183472, 17.937639], [-66.183472, 17.938194], [-66.184029, 17.938194], [-66.184029, 17.939028], [-66.183746, 17.939028], [-66.183746, 17.939583], [-66.183197, 17.939583], [-66.183197, 17.939861], [-66.182358, 17.939861], [-66.182358, 17.94014], [-66.181526, 17.94014], [-66.181526, 17.941805], [-66.182083, 17.941805], [-66.182083, 17.942083], [-66.182358, 17.942083], [-66.182358, 17.943195], [-66.182083, 17.943195], [-66.182083, 17.94375], [-66.181808, 17.94375], [-66.181808, 17.944027], [-66.181526, 17.944027], [-66.181526, 17.944305], [-66.181252, 17.944305], [-66.181252, 17.944584], [-66.180969, 17.944584], [-66.180969, 17.94486], [-66.180695, 17.94486], [-66.180695, 17.945139], [-66.179306, 17.945139], [-66.179306, 17.945415], [-66.178749, 17.945415], [-66.178749, 17.945139], [-66.177361, 17.945139], [-66.177361, 17.945415], [-66.176804, 17.945415], [-66.176804, 17.945694], [-66.17514, 17.945694], [-66.17514, 17.945972], [-66.174858, 17.945972], [-66.174858, 17.947083], [-66.17514, 17.947083], [-66.17514, 17.948195], [-66.175415, 17.948195], [-66.175415, 17.948473], [-66.175697, 17.948473], [-66.175697, 17.948748], [-66.175972, 17.948748], [-66.175972, 17.949306], [-66.176247, 17.949306], [-66.176247, 17.949583], [-66.176529, 17.949583], [-66.176529, 17.949862], [-66.176804, 17.949862], [-66.176804, 17.950138], [-66.177361, 17.950138], [-66.177361, 17.950417], [-66.180138, 17.950417], [-66.180138, 17.950138], [-66.18042, 17.950138], [-66.18042, 17.949862], [-66.181252, 17.949862], [-66.181252, 17.950138], [-66.181526, 17.950138], [-66.181526, 17.950417], [-66.181808, 17.950417], [-66.181808, 17.950695], [-66.182358, 17.950695], [-66.182358, 17.950972], [-66.18264, 17.950972], [-66.18264, 17.95125], [-66.183746, 17.95125], [-66.183746, 17.950972], [-66.184029, 17.950972], [-66.184029, 17.950695], [-66.18486, 17.950695], [-66.18486, 17.950972], [-66.185143, 17.950972], [-66.185143, 17.95125], [-66.185417, 17.95125], [-66.185417, 17.951529], [-66.185692, 17.951529], [-66.185692, 17.951805], [-66.186249, 17.951805], [-66.186249, 17.952084], [-66.186806, 17.952084], [-66.186806, 17.952362], [-66.18708, 17.952362], [-66.18708, 17.952639], [-66.188194, 17.952639], [-66.188194, 17.952917], [-66.189308, 17.952917], [-66.189308, 17.953194], [-66.189857, 17.953194], [-66.189857, 17.953472], [-66.190414, 17.953472], [-66.190414, 17.953751], [-66.190697, 17.953751], [-66.190697, 17.954027], [-66.191254, 17.954027], [-66.191254, 17.954306], [-66.191528, 17.954306], [-66.191528, 17.954582], [-66.191803, 17.954582], [-66.191803, 17.954861], [-66.192085, 17.954861], [-66.192085, 17.955139], [-66.192642, 17.955139], [-66.192642, 17.955416], [-66.192917, 17.955416], [-66.192917, 17.955694], [-66.193474, 17.955694], [-66.193474, 17.955973], [-66.193748, 17.955973], [-66.193748, 17.956249], [-66.194305, 17.956249], [-66.194305, 17.956528], [-66.19458, 17.956528], [-66.19458, 17.956804], [-66.195137, 17.956804], [-66.195137, 17.957083], [-66.195419, 17.957083], [-66.195419, 17.957361], [-66.195969, 17.957361], [-66.195969, 17.95764], [-66.196526, 17.95764], [-66.196526, 17.957914], [-66.196808, 17.957914], [-66.196808, 17.958195], [-66.197083, 17.958195], [-66.197083, 17.958471], [-66.197365, 17.958471], [-66.197365, 17.95875], [-66.197639, 17.95875], [-66.197639, 17.959305], [-66.197914, 17.959305], [-66.197914, 17.959583], [-66.198196, 17.959583], [-66.198196, 17.959862], [-66.198753, 17.959862], [-66.198753, 17.960136], [-66.199028, 17.960136], [-66.199028, 17.960419], [-66.19986, 17.960419], [-66.19986, 17.960695], [-66.200142, 17.960695], [-66.200142, 17.960972], [-66.20153, 17.960972], [-66.20153, 17.96125], [-66.20208, 17.96125], [-66.20208, 17.961529], [-66.203751, 17.961529], [-66.203751, 17.961805], [-66.204308, 17.961805], [-66.204308, 17.962084], [-66.205696, 17.962084], [-66.205696, 17.962358], [-66.205971, 17.962358], [-66.205971, 17.962641], [-66.206161, 17.962641], [-66.206802, 17.962641], [-66.206802, 17.962358], [-66.207085, 17.962358], [-66.207085, 17.962084], [-66.207642, 17.962084], [-66.207642, 17.961805], [-66.209862, 17.961805], [-66.209862, 17.96125], [-66.210136, 17.96125], [-66.210136, 17.960695], [-66.210419, 17.960695], [-66.210419, 17.960419], [-66.210693, 17.960419], [-66.210693, 17.960136], [-66.210976, 17.960136], [-66.210976, 17.959862], [-66.21125, 17.959862], [-66.21125, 17.959305], [-66.212082, 17.959305], [-66.212082, 17.959583], [-66.212364, 17.959583], [-66.212364, 17.959862], [-66.21347, 17.959862], [-66.21347, 17.960136], [-66.214584, 17.960136], [-66.214584, 17.959862], [-66.215416, 17.959862], [-66.215416, 17.959305], [-66.215698, 17.959305], [-66.215698, 17.95875], [-66.215416, 17.95875], [-66.215416, 17.958471], [-66.214859, 17.958471], [-66.214859, 17.958195], [-66.214584, 17.958195], [-66.214584, 17.957914], [-66.214302, 17.957914], [-66.214302, 17.95764], [-66.214027, 17.95764], [-66.214027, 17.957361], [-66.213753, 17.957361], [-66.213753, 17.956804], [-66.21347, 17.956804], [-66.21347, 17.955416], [-66.214859, 17.955416], [-66.214859, 17.955694], [-66.215141, 17.955694], [-66.215141, 17.955973], [-66.215416, 17.955973], [-66.215416, 17.956249], [-66.215698, 17.956249], [-66.215698, 17.956528], [-66.215973, 17.956528], [-66.215973, 17.956804], [-66.21653, 17.956804], [-66.21653, 17.957083], [-66.217087, 17.957083], [-66.217087, 17.957361], [-66.217918, 17.957361], [-66.217918, 17.956528], [-66.217636, 17.956528], [-66.217636, 17.955694], [-66.217918, 17.955694], [-66.217918, 17.955139], [-66.21875, 17.955139], [-66.21875, 17.954861], [-66.219025, 17.954861], [-66.219025, 17.954582], [-66.219307, 17.954582], [-66.219307, 17.954027], [-66.219864, 17.954027], [-66.219864, 17.953751], [-66.220139, 17.953751], [-66.220139, 17.953472], [-66.221252, 17.953472], [-66.221252, 17.953194], [-66.221527, 17.953194], [-66.221527, 17.952639], [-66.221802, 17.952639], [-66.221802, 17.950417], [-66.222084, 17.950417], [-66.222084, 17.95125], [-66.222359, 17.95125], [-66.222359, 17.952639], [-66.224586, 17.952639], [-66.224586, 17.952362], [-66.224861, 17.952362], [-66.224861, 17.952084], [-66.225136, 17.952084], [-66.225136, 17.951805], [-66.225418, 17.951805], [-66.225418, 17.951529], [-66.225693, 17.951529], [-66.225693, 17.95125], [-66.22625, 17.95125], [-66.22625, 17.950972], [-66.226524, 17.950972], [-66.226524, 17.950417], [-66.22625, 17.950417], [-66.22625, 17.949862], [-66.225975, 17.949862], [-66.225975, 17.949583], [-66.225693, 17.949583], [-66.225693, 17.948195], [-66.225418, 17.948195], [-66.225418, 17.947918], [-66.225693, 17.947918], [-66.225693, 17.947639], [-66.225975, 17.947639], [-66.225975, 17.947359], [-66.22625, 17.947359], [-66.22625, 17.947083], [-66.226524, 17.947083], [-66.226524, 17.947359], [-66.227081, 17.947359], [-66.227081, 17.947639], [-66.227638, 17.947639], [-66.227638, 17.947918], [-66.227913, 17.947918], [-66.227913, 17.948195], [-66.22847, 17.948195], [-66.22847, 17.947918], [-66.229309, 17.947918], [-66.229309, 17.947639], [-66.230698, 17.947639], [-66.230698, 17.947359], [-66.231804, 17.947359], [-66.231804, 17.947083], [-66.232361, 17.947083], [-66.232361, 17.946808], [-66.232918, 17.946808], [-66.232918, 17.946529], [-66.233192, 17.946529], [-66.233192, 17.946251], [-66.233475, 17.946251], [-66.233475, 17.945694], [-66.233749, 17.945694], [-66.233749, 17.94486], [-66.231529, 17.94486], [-66.231529, 17.944305], [-66.231247, 17.944305], [-66.231247, 17.944027], [-66.230972, 17.944027], [-66.230972, 17.942083], [-66.230698, 17.942083], [-66.230698, 17.941528], [-66.230972, 17.941528], [-66.230972, 17.940971], [-66.231247, 17.940971], [-66.231247, 17.940416], [-66.230972, 17.940416], [-66.230972, 17.94014], [-66.231247, 17.94014], [-66.231247, 17.939583], [-66.230972, 17.939583], [-66.230972, 17.939306], [-66.230698, 17.939306], [-66.230698, 17.939028], [-66.230415, 17.939028], [-66.230415, 17.938749], [-66.229858, 17.938749], [-66.229858, 17.938473], [-66.229584, 17.938473], [-66.229584, 17.937363], [-66.229858, 17.937363], [-66.229858, 17.935972], [-66.229584, 17.935972], [-66.229584, 17.935694], [-66.229309, 17.935694], [-66.229309, 17.935417], [-66.228752, 17.935417], [-66.228752, 17.935141], [-66.22847, 17.935141], [-66.22847, 17.934858], [-66.228752, 17.934858], [-66.228752, 17.934305], [-66.229027, 17.934305], [-66.229027, 17.933472], [-66.229309, 17.933472], [-66.229309, 17.932919], [-66.229584, 17.932919], [-66.229584, 17.932636], [-66.229858, 17.932636], [-66.229858, 17.932362], [-66.230415, 17.932362], [-66.230415, 17.932083], [-66.230698, 17.932083], [-66.230698, 17.931805], [-66.231247, 17.931805], [-66.231247, 17.931526], [-66.231529, 17.931526], [-66.231529, 17.93125], [-66.231804, 17.93125], [-66.231804, 17.930973], [-66.232361, 17.930973], [-66.232361, 17.93125], [-66.232635, 17.93125], [-66.232635, 17.931526], [-66.232918, 17.931526], [-66.232918, 17.931805], [-66.233192, 17.931805], [-66.233192, 17.932362], [-66.233475, 17.932362], [-66.233475, 17.932636], [-66.234581, 17.932636], [-66.234581, 17.932919], [-66.234863, 17.932919], [-66.234863, 17.933195], [-66.235138, 17.933195], [-66.235138, 17.933472], [-66.23542, 17.933472], [-66.23542, 17.933748], [-66.235695, 17.933748], [-66.235695, 17.934029], [-66.23597, 17.934029], [-66.23597, 17.934305], [-66.236252, 17.934305], [-66.236252, 17.934584], [-66.237915, 17.934584], [-66.237915, 17.934029], [-66.23764, 17.934029], [-66.23764, 17.933748], [-66.237358, 17.933748], [-66.237358, 17.933472], [-66.236809, 17.933472], [-66.236809, 17.933195], [-66.236526, 17.933195], [-66.236526, 17.932919], [-66.23597, 17.932919], [-66.23597, 17.932636], [-66.235695, 17.932636], [-66.235695, 17.932362], [-66.23542, 17.932362], [-66.23542, 17.932083], [-66.235138, 17.932083], [-66.235138, 17.931805], [-66.234863, 17.931805], [-66.234863, 17.931526], [-66.234581, 17.931526], [-66.234581, 17.93125], [-66.234306, 17.93125], [-66.234306, 17.929304], [-66.234581, 17.929304], [-66.234581, 17.929028], [-66.235138, 17.929028], [-66.235138, 17.928749], [-66.23542, 17.928749], [-66.23542, 17.928473], [-66.235695, 17.928473], [-66.235695, 17.927917], [-66.23597, 17.927917], [-66.23597, 17.927639], [-66.236252, 17.927639], [-66.236252, 17.927361], [-66.236526, 17.927361], [-66.236526, 17.927082], [-66.236809, 17.927082], [-66.236809, 17.926805], [-66.237083, 17.926805], [-66.237083, 17.926527], [-66.23764, 17.926527], [-66.23764, 17.92625], [-66.238197, 17.92625], [-66.238197, 17.925974], [-66.239304, 17.925974], [-66.239304, 17.927639], [-66.239029, 17.927639], [-66.239029, 17.928473], [-66.240135, 17.928473], [-66.240135, 17.928749], [-66.240417, 17.928749], [-66.240417, 17.929304], [-66.240692, 17.929304], [-66.240692, 17.929583], [-66.240417, 17.929583], [-66.240417, 17.929861], [-66.239304, 17.929861], [-66.239304, 17.929583], [-66.239029, 17.929583], [-66.239029, 17.929304], [-66.238472, 17.929304], [-66.238472, 17.929861], [-66.238197, 17.929861], [-66.238197, 17.931526], [-66.237915, 17.931526], [-66.237915, 17.932083], [-66.23764, 17.932083], [-66.23764, 17.932362], [-66.237915, 17.932362], [-66.237915, 17.932636], [-66.238197, 17.932636], [-66.238197, 17.932919], [-66.238747, 17.932919], [-66.238747, 17.933195], [-66.239586, 17.933195], [-66.239586, 17.933748], [-66.240135, 17.933748], [-66.240135, 17.935417], [-66.240417, 17.935417], [-66.240417, 17.935694], [-66.240692, 17.935694], [-66.240692, 17.937084], [-66.240417, 17.937084], [-66.240417, 17.937363], [-66.240135, 17.937363], [-66.240135, 17.937639], [-66.239304, 17.937639], [-66.239304, 17.937916], [-66.239586, 17.937916], [-66.239586, 17.938194], [-66.241249, 17.938194], [-66.241249, 17.937916], [-66.241531, 17.937916], [-66.241531, 17.938194], [-66.242363, 17.938194], [-66.242363, 17.938473], [-66.243195, 17.938473], [-66.243195, 17.938749], [-66.243469, 17.938749], [-66.243469, 17.939028], [-66.243752, 17.939028], [-66.243752, 17.939583], [-66.244583, 17.939583], [-66.244583, 17.939028], [-66.24514, 17.939028], [-66.24514, 17.938749], [-66.245415, 17.938749], [-66.245415, 17.938473], [-66.245972, 17.938473], [-66.245972, 17.938749], [-66.246529, 17.938749], [-66.246529, 17.938473], [-66.247086, 17.938473], [-66.247086, 17.938749], [-66.247917, 17.938749], [-66.247917, 17.937639], [-66.248192, 17.937639], [-66.248192, 17.937363], [-66.246803, 17.937363], [-66.246803, 17.937084], [-66.246529, 17.937084], [-66.246529, 17.936806], [-66.244858, 17.936806], [-66.244858, 17.936251], [-66.244583, 17.936251], [-66.244583, 17.935972], [-66.244026, 17.935972], [-66.244026, 17.935141], [-66.244308, 17.935141], [-66.244308, 17.934858], [-66.24514, 17.934858], [-66.24514, 17.934584], [-66.245697, 17.934584], [-66.245697, 17.934305], [-66.245972, 17.934305], [-66.245972, 17.933472], [-66.245415, 17.933472], [-66.245415, 17.933195], [-66.24514, 17.933195], [-66.24514, 17.932919], [-66.244583, 17.932919], [-66.244583, 17.933195], [-66.244026, 17.933195], [-66.244026, 17.932919], [-66.243469, 17.932919], [-66.243469, 17.932636], [-66.243195, 17.932636], [-66.243195, 17.932362], [-66.24292, 17.932362], [-66.24292, 17.93125], [-66.242638, 17.93125], [-66.242638, 17.930973], [-66.24292, 17.930973], [-66.24292, 17.930414], [-66.244026, 17.930414], [-66.244026, 17.930695], [-66.244308, 17.930695], [-66.244308, 17.930973], [-66.244026, 17.930973], [-66.244026, 17.931526], [-66.244308, 17.931526], [-66.244308, 17.931805], [-66.244858, 17.931805], [-66.244858, 17.93125], [-66.24514, 17.93125], [-66.24514, 17.930973], [-66.245415, 17.930973], [-66.245415, 17.930695], [-66.246246, 17.930695], [-66.246246, 17.930414], [-66.246529, 17.930414], [-66.246529, 17.93014], [-66.247086, 17.93014], [-66.247086, 17.930414], [-66.24736, 17.930414], [-66.24736, 17.930695], [-66.247917, 17.930695], [-66.247917, 17.930973], [-66.248474, 17.930973], [-66.248474, 17.93125], [-66.249031, 17.93125], [-66.249031, 17.931526], [-66.249306, 17.931526], [-66.249306, 17.932083], [-66.249863, 17.932083], [-66.249863, 17.932362], [-66.25042, 17.932362], [-66.25042, 17.932636], [-66.250969, 17.932636], [-66.250969, 17.932362], [-66.251251, 17.932362], [-66.251251, 17.932083], [-66.251526, 17.932083], [-66.251526, 17.932362], [-66.25264, 17.932362], [-66.25264, 17.932636], [-66.253754, 17.932636], [-66.253754, 17.932919], [-66.254028, 17.932919], [-66.254028, 17.934029], [-66.253754, 17.934029], [-66.253754, 17.934584], [-66.254028, 17.934584], [-66.254028, 17.934858], [-66.254303, 17.934858], [-66.254303, 17.934584], [-66.256248, 17.934584], [-66.256248, 17.934858], [-66.256531, 17.934858], [-66.256531, 17.935141], [-66.256805, 17.935141], [-66.256805, 17.935417], [-66.25708, 17.935417], [-66.25708, 17.935694], [-66.257637, 17.935694], [-66.257637, 17.935417], [-66.258751, 17.935417], [-66.258751, 17.935694], [-66.260971, 17.935694], [-66.260971, 17.936251], [-66.261253, 17.936251], [-66.261253, 17.936527], [-66.261528, 17.936527], [-66.261528, 17.936806], [-66.261803, 17.936806], [-66.261803, 17.937084], [-66.26236, 17.937084], [-66.26236, 17.937363], [-66.262917, 17.937363], [-66.262917, 17.937639], [-66.263191, 17.937639], [-66.263191, 17.938194], [-66.263748, 17.938194], [-66.263748, 17.938473], [-66.26403, 17.938473], [-66.26403, 17.939028], [-66.264305, 17.939028], [-66.264305, 17.939583], [-66.26458, 17.939583], [-66.26458, 17.940695], [-66.264862, 17.940695], [-66.264862, 17.940971], [-66.264305, 17.940971], [-66.264305, 17.940695], [-66.263748, 17.940695], [-66.263748, 17.940416], [-66.263474, 17.940416], [-66.263474, 17.94014], [-66.263191, 17.94014], [-66.263191, 17.939861], [-66.26236, 17.939861], [-66.26236, 17.94014], [-66.261803, 17.94014], [-66.261803, 17.940695], [-66.262085, 17.940695], [-66.262085, 17.940971], [-66.26236, 17.940971], [-66.26236, 17.942083], [-66.262642, 17.942083], [-66.262642, 17.942362], [-66.263191, 17.942362], [-66.263191, 17.942638], [-66.263474, 17.942638], [-66.263474, 17.942917], [-66.263748, 17.942917], [-66.263748, 17.943195], [-66.26403, 17.943195], [-66.26403, 17.943472], [-66.264305, 17.943472], [-66.264305, 17.94375], [-66.264862, 17.94375], [-66.264862, 17.944027], [-66.265694, 17.944027], [-66.265694, 17.944305], [-66.265976, 17.944305], [-66.265976, 17.944584], [-66.266251, 17.944584], [-66.266251, 17.94486], [-66.266525, 17.94486], [-66.266525, 17.945139], [-66.359937, 18.068411], [-66.301159, 18.080154], [-66.254308, 18.079749], [-66.252178, 18.087846], [-66.161031, 18.084202], [-66.160605, 18.09311], [-66.109068, 18.094729], [-66.046363, 18.074284], [-66.045949, 18.067201], [-66.045665, 18.062343], [-66.075149, 18.040448], [-66.075323, 18.001295], [-66.026998, 17.989349], [-66.020691, 17.978195], [-66.020691, 17.977917], [-66.021248, 17.977917]]]]}}, {"type": "Feature", "properties": {"yucayeque": "GUANÍA (Approximately from Cabo Rojo to Ponce) ", "cacique": "Agüeybaná"}, "geometry": {"type": "MultiPolygon", "coordinates": [[[[-66.261253, 17.936527], [-66.261528, 17.936527], [-66.261528, 17.936806], [-66.261803, 17.936806], [-66.261803, 17.937084], [-66.26236, 17.937084], [-66.26236, 17.937363], [-66.262917, 17.937363], [-66.262917, 17.937639], [-66.263191, 17.937639], [-66.263191, 17.938194], [-66.263748, 17.938194], [-66.263748, 17.938473], [-66.26403, 17.938473], [-66.26403, 17.939028], [-66.264305, 17.939028], [-66.264305, 17.939583], [-66.26458, 17.939583], [-66.26458, 17.940624], [-66.261253, 17.936527]]], [[[-66.26458, 17.940624], [-66.264637, 17.940695], [-66.26458, 17.940695], [-66.26458, 17.940624]]], [[[-66.264637, 17.940695], [-66.264862, 17.940695], [-66.264862, 17.940971], [-66.264637, 17.940695]]], [[[-66.490184, 18.159624], [-66.359937, 18.068411], [-66.326913, 18.024841], [-66.266525, 17.945139], [-66.267639, 17.945139], [-66.267639, 17.945415], [-66.268196, 17.945415], [-66.268196, 17.945694], [-66.268471, 17.945694], [-66.268471, 17.945972], [-66.269302, 17.945972], [-66.269302, 17.946251], [-66.270142, 17.946251], [-66.270142, 17.946529], [-66.270691, 17.946529], [-66.270691, 17.946808], [-66.271248, 17.946808], [-66.271248, 17.947083], [-66.273193, 17.947083], [-66.273193, 17.946808], [-66.273476, 17.946808], [-66.273476, 17.946529], [-66.274307, 17.946529], [-66.274307, 17.946808], [-66.274582, 17.946808], [-66.274582, 17.947083], [-66.274864, 17.947083], [-66.274864, 17.947918], [-66.275139, 17.947918], [-66.275139, 17.948473], [-66.275414, 17.948473], [-66.275414, 17.948748], [-66.276253, 17.948748], [-66.276253, 17.948473], [-66.276802, 17.948473], [-66.276802, 17.948195], [-66.277084, 17.948195], [-66.277084, 17.947918], [-66.277359, 17.947918], [-66.277359, 17.947359], [-66.277641, 17.947359], [-66.277641, 17.946808], [-66.278473, 17.946808], [-66.278473, 17.947083], [-66.279861, 17.947083], [-66.279861, 17.946808], [-66.280136, 17.946808], [-66.280136, 17.946529], [-66.280418, 17.946529], [-66.280418, 17.946251], [-66.280693, 17.946251], [-66.280693, 17.945694], [-66.281525, 17.945694], [-66.281525, 17.945415], [-66.282082, 17.945415], [-66.282082, 17.945694], [-66.282913, 17.945694], [-66.282913, 17.945415], [-66.284302, 17.945415], [-66.284302, 17.945139], [-66.284584, 17.945139], [-66.284584, 17.94486], [-66.284859, 17.94486], [-66.284859, 17.944305], [-66.285141, 17.944305], [-66.285141, 17.944027], [-66.285698, 17.944027], [-66.285698, 17.94375], [-66.286247, 17.94375], [-66.286247, 17.943195], [-66.28653, 17.943195], [-66.28653, 17.942917], [-66.287361, 17.942917], [-66.287361, 17.942638], [-66.287918, 17.942638], [-66.287918, 17.942362], [-66.288193, 17.942362], [-66.288193, 17.942083], [-66.288475, 17.942083], [-66.288475, 17.941805], [-66.289024, 17.941805], [-66.289024, 17.942083], [-66.289307, 17.942083], [-66.289307, 17.942638], [-66.289581, 17.942638], [-66.289581, 17.942917], [-66.289864, 17.942917], [-66.289864, 17.944027], [-66.290413, 17.944027], [-66.290413, 17.944584], [-66.290695, 17.944584], [-66.290695, 17.945415], [-66.29097, 17.945415], [-66.29097, 17.945694], [-66.291252, 17.945694], [-66.291252, 17.946808], [-66.29097, 17.946808], [-66.29097, 17.947359], [-66.290695, 17.947359], [-66.290695, 17.947639], [-66.290413, 17.947639], [-66.290413, 17.948195], [-66.290138, 17.948195], [-66.290138, 17.948473], [-66.289864, 17.948473], [-66.289864, 17.949306], [-66.289581, 17.949306], [-66.289581, 17.950972], [-66.289864, 17.950972], [-66.289864, 17.952084], [-66.290138, 17.952084], [-66.290138, 17.952362], [-66.290413, 17.952362], [-66.290413, 17.952917], [-66.290695, 17.952917], [-66.290695, 17.953194], [-66.29097, 17.953194], [-66.29097, 17.954306], [-66.290695, 17.954306], [-66.290695, 17.954582], [-66.290138, 17.954582], [-66.290138, 17.95764], [-66.290413, 17.95764], [-66.290413, 17.95875], [-66.290695, 17.95875], [-66.290695, 17.959026], [-66.29097, 17.959026], [-66.29097, 17.960695], [-66.291252, 17.960695], [-66.291252, 17.961529], [-66.291527, 17.961529], [-66.291527, 17.961805], [-66.291809, 17.961805], [-66.291809, 17.962084], [-66.292915, 17.962084], [-66.292915, 17.962358], [-66.294029, 17.962358], [-66.294029, 17.962084], [-66.294304, 17.962084], [-66.294304, 17.961805], [-66.294861, 17.961805], [-66.294861, 17.960972], [-66.294586, 17.960972], [-66.294586, 17.960695], [-66.294304, 17.960695], [-66.294304, 17.960136], [-66.294029, 17.960136], [-66.294029, 17.959862], [-66.293747, 17.959862], [-66.293747, 17.959583], [-66.293472, 17.959583], [-66.293472, 17.958471], [-66.293747, 17.958471], [-66.293747, 17.957914], [-66.294586, 17.957914], [-66.294586, 17.958471], [-66.294861, 17.958471], [-66.294861, 17.95875], [-66.295975, 17.95875], [-66.295975, 17.958471], [-66.296524, 17.958471], [-66.296524, 17.95875], [-66.29792, 17.95875], [-66.29792, 17.959305], [-66.298195, 17.959305], [-66.298195, 17.959583], [-66.298752, 17.959583], [-66.298752, 17.959862], [-66.299026, 17.959862], [-66.299026, 17.960419], [-66.299309, 17.960419], [-66.299309, 17.960695], [-66.299858, 17.960695], [-66.299858, 17.960972], [-66.30014, 17.960972], [-66.30014, 17.96125], [-66.300415, 17.96125], [-66.300415, 17.961529], [-66.300697, 17.961529], [-66.300697, 17.961805], [-66.301247, 17.961805], [-66.301247, 17.962084], [-66.301804, 17.962084], [-66.301804, 17.962641], [-66.302361, 17.962641], [-66.302361, 17.962917], [-66.302635, 17.962917], [-66.302635, 17.963194], [-66.302917, 17.963194], [-66.302917, 17.963472], [-66.303474, 17.963472], [-66.303474, 17.963751], [-66.304031, 17.963751], [-66.304031, 17.964027], [-66.304581, 17.964027], [-66.304581, 17.964582], [-66.305138, 17.964582], [-66.305138, 17.964863], [-66.305695, 17.964863], [-66.305695, 17.965139], [-66.306252, 17.965139], [-66.306252, 17.965416], [-66.306526, 17.965416], [-66.306526, 17.965694], [-66.30764, 17.965694], [-66.30764, 17.965973], [-66.307915, 17.965973], [-66.307915, 17.966249], [-66.308472, 17.966249], [-66.308472, 17.966528], [-66.309029, 17.966528], [-66.309029, 17.966806], [-66.309586, 17.966806], [-66.309586, 17.967085], [-66.310143, 17.967085], [-66.310143, 17.967361], [-66.310692, 17.967361], [-66.310692, 17.967638], [-66.311531, 17.967638], [-66.311531, 17.967916], [-66.312363, 17.967916], [-66.312363, 17.968193], [-66.312637, 17.968193], [-66.312637, 17.968472], [-66.313469, 17.968472], [-66.313469, 17.969303], [-66.313751, 17.969303], [-66.313751, 17.969584], [-66.314026, 17.969584], [-66.314026, 17.969862], [-66.314308, 17.969862], [-66.314308, 17.970972], [-66.314583, 17.970972], [-66.314583, 17.971525], [-66.314857, 17.971525], [-66.314857, 17.972086], [-66.31514, 17.972086], [-66.31514, 17.972637], [-66.315414, 17.972637], [-66.315414, 17.973747], [-66.315697, 17.973747], [-66.315697, 17.974583], [-66.315971, 17.974583], [-66.315971, 17.975416], [-66.316254, 17.975416], [-66.316254, 17.975695], [-66.316528, 17.975695], [-66.316528, 17.976252], [-66.316803, 17.976252], [-66.316803, 17.976805], [-66.317085, 17.976805], [-66.317085, 17.977083], [-66.317917, 17.977083], [-66.317917, 17.977362], [-66.318748, 17.977362], [-66.318748, 17.977638], [-66.31958, 17.977638], [-66.31958, 17.977917], [-66.320137, 17.977917], [-66.320137, 17.978195], [-66.321808, 17.978195], [-66.321808, 17.978472], [-66.322914, 17.978472], [-66.322914, 17.97875], [-66.324585, 17.97875], [-66.324585, 17.978472], [-66.325417, 17.978472], [-66.325417, 17.978195], [-66.325974, 17.978195], [-66.325974, 17.977917], [-66.32708, 17.977917], [-66.32708, 17.977638], [-66.327362, 17.977638], [-66.327362, 17.977917], [-66.328194, 17.977917], [-66.328194, 17.977638], [-66.328476, 17.977638], [-66.328476, 17.977917], [-66.330414, 17.977917], [-66.330414, 17.977638], [-66.330696, 17.977638], [-66.330696, 17.977917], [-66.330971, 17.977917], [-66.330971, 17.977638], [-66.332359, 17.977638], [-66.332359, 17.977362], [-66.333191, 17.977362], [-66.333191, 17.977083], [-66.33403, 17.977083], [-66.33403, 17.976805], [-66.334862, 17.976805], [-66.334862, 17.976528], [-66.335136, 17.976528], [-66.335136, 17.976805], [-66.335693, 17.976805], [-66.335693, 17.976528], [-66.337967, 17.976528], [-66.338081, 17.976528], [-66.339027, 17.976528], [-66.339027, 17.976252], [-66.339302, 17.976252], [-66.339302, 17.975973], [-66.339859, 17.975973], [-66.339859, 17.975695], [-66.340416, 17.975695], [-66.340416, 17.975416], [-66.340698, 17.975416], [-66.340698, 17.97514], [-66.34153, 17.97514], [-66.34153, 17.974861], [-66.342087, 17.974861], [-66.342087, 17.974583], [-66.342361, 17.974583], [-66.342361, 17.974306], [-66.342636, 17.974306], [-66.342636, 17.97403], [-66.342918, 17.97403], [-66.342918, 17.973747], [-66.343193, 17.973747], [-66.343193, 17.973194], [-66.34375, 17.973194], [-66.34375, 17.972919], [-66.344025, 17.972919], [-66.344025, 17.972637], [-66.344307, 17.972637], [-66.344307, 17.972361], [-66.344582, 17.972361], [-66.344582, 17.972086], [-66.344864, 17.972086], [-66.344864, 17.971806], [-66.345139, 17.971806], [-66.345139, 17.971525], [-66.345413, 17.971525], [-66.345413, 17.971251], [-66.346527, 17.971251], [-66.346527, 17.970972], [-66.347084, 17.970972], [-66.347084, 17.970694], [-66.347359, 17.970694], [-66.347359, 17.970415], [-66.348198, 17.970415], [-66.348198, 17.970139], [-66.348473, 17.970139], [-66.348473, 17.969862], [-66.349304, 17.969862], [-66.349304, 17.969584], [-66.349861, 17.969584], [-66.349861, 17.969303], [-66.350136, 17.969303], [-66.350136, 17.969028], [-66.350693, 17.969028], [-66.350693, 17.96875], [-66.35125, 17.96875], [-66.35125, 17.968472], [-66.351807, 17.968472], [-66.351807, 17.968193], [-66.352081, 17.968193], [-66.352081, 17.967916], [-66.352364, 17.967916], [-66.352364, 17.967638], [-66.352638, 17.967638], [-66.352638, 17.967361], [-66.353195, 17.967361], [-66.353195, 17.967085], [-66.35347, 17.967085], [-66.35347, 17.966806], [-66.353752, 17.966806], [-66.353752, 17.965973], [-66.354027, 17.965973], [-66.354027, 17.965694], [-66.354309, 17.965694], [-66.354309, 17.965416], [-66.354858, 17.965416], [-66.354858, 17.965139], [-66.355972, 17.965139], [-66.355972, 17.965416], [-66.356804, 17.965416], [-66.356804, 17.965139], [-66.357361, 17.965139], [-66.357361, 17.964863], [-66.357918, 17.964863], [-66.357918, 17.965416], [-66.358192, 17.965416], [-66.358192, 17.966806], [-66.357918, 17.966806], [-66.357918, 17.967916], [-66.358192, 17.967916], [-66.358192, 17.968193], [-66.358475, 17.968193], [-66.358475, 17.968472], [-66.359024, 17.968472], [-66.359024, 17.96875], [-66.361526, 17.96875], [-66.361526, 17.968472], [-66.362083, 17.968472], [-66.362083, 17.968193], [-66.363197, 17.968193], [-66.363197, 17.967916], [-66.363472, 17.967916], [-66.363472, 17.967638], [-66.363747, 17.967638], [-66.363747, 17.967361], [-66.364029, 17.967361], [-66.364029, 17.967085], [-66.364304, 17.967085], [-66.364304, 17.966806], [-66.364586, 17.966806], [-66.364586, 17.966249], [-66.364861, 17.966249], [-66.364861, 17.964582], [-66.364586, 17.964582], [-66.364586, 17.964027], [-66.364304, 17.964027], [-66.364304, 17.963472], [-66.364029, 17.963472], [-66.364029, 17.963194], [-66.363747, 17.963194], [-66.363747, 17.962917], [-66.363472, 17.962917], [-66.363472, 17.962641], [-66.36264, 17.962641], [-66.36264, 17.962358], [-66.36042, 17.962358], [-66.36042, 17.962084], [-66.359863, 17.962084], [-66.359863, 17.961805], [-66.359581, 17.961805], [-66.359581, 17.960972], [-66.359863, 17.960972], [-66.359863, 17.960419], [-66.360138, 17.960419], [-66.360138, 17.959862], [-66.36042, 17.959862], [-66.36042, 17.959305], [-66.360695, 17.959305], [-66.360695, 17.958471], [-66.361526, 17.958471], [-66.361526, 17.958195], [-66.361809, 17.958195], [-66.361809, 17.95764], [-66.362083, 17.95764], [-66.362083, 17.957361], [-66.362358, 17.957361], [-66.362358, 17.957083], [-66.36264, 17.957083], [-66.36264, 17.956804], [-66.364029, 17.956804], [-66.364029, 17.956528], [-66.364304, 17.956528], [-66.364304, 17.957083], [-66.364586, 17.957083], [-66.364586, 17.957361], [-66.364861, 17.957361], [-66.364861, 17.957914], [-66.365135, 17.957914], [-66.365135, 17.95875], [-66.365417, 17.95875], [-66.365417, 17.959026], [-66.365692, 17.959026], [-66.365692, 17.959305], [-66.365974, 17.959305], [-66.365974, 17.959583], [-66.366249, 17.959583], [-66.366249, 17.960136], [-66.366531, 17.960136], [-66.366531, 17.960695], [-66.366806, 17.960695], [-66.366806, 17.960972], [-66.367081, 17.960972], [-66.367081, 17.96125], [-66.367363, 17.96125], [-66.367363, 17.961529], [-66.368469, 17.961529], [-66.368469, 17.96125], [-66.369308, 17.96125], [-66.369308, 17.960972], [-66.369583, 17.960972], [-66.369583, 17.960695], [-66.369858, 17.960695], [-66.369858, 17.960419], [-66.37014, 17.960419], [-66.37014, 17.959305], [-66.369583, 17.959305], [-66.369583, 17.959026], [-66.369858, 17.959026], [-66.369858, 17.958471], [-66.369583, 17.958471], [-66.369583, 17.958195], [-66.369026, 17.958195], [-66.369026, 17.957914], [-66.368752, 17.957914], [-66.368752, 17.95764], [-66.368469, 17.95764], [-66.368469, 17.957361], [-66.368195, 17.957361], [-66.368195, 17.955694], [-66.36792, 17.955694], [-66.36792, 17.954306], [-66.367638, 17.954306], [-66.367638, 17.953751], [-66.367363, 17.953751], [-66.367363, 17.953194], [-66.367638, 17.953194], [-66.367638, 17.952917], [-66.36792, 17.952917], [-66.36792, 17.952362], [-66.368752, 17.952362], [-66.368752, 17.952084], [-66.369026, 17.952084], [-66.369026, 17.951529], [-66.369308, 17.951529], [-66.369308, 17.950972], [-66.369583, 17.950972], [-66.369583, 17.950695], [-66.370415, 17.950695], [-66.370415, 17.950972], [-66.370972, 17.950972], [-66.370972, 17.95125], [-66.371529, 17.95125], [-66.371529, 17.951529], [-66.371803, 17.951529], [-66.371803, 17.951805], [-66.372086, 17.951805], [-66.372086, 17.952084], [-66.37236, 17.952084], [-66.37236, 17.952362], [-66.372086, 17.952362], [-66.372086, 17.952917], [-66.371803, 17.952917], [-66.371803, 17.953194], [-66.371529, 17.953194], [-66.371529, 17.953751], [-66.371246, 17.953751], [-66.371246, 17.954306], [-66.371529, 17.954306], [-66.371529, 17.954861], [-66.372086, 17.954861], [-66.372086, 17.955139], [-66.372643, 17.955139], [-66.372643, 17.955416], [-66.372917, 17.955416], [-66.372917, 17.955694], [-66.374306, 17.955694], [-66.374306, 17.955139], [-66.375137, 17.955139], [-66.375137, 17.955416], [-66.375969, 17.955416], [-66.375969, 17.955694], [-66.376251, 17.955694], [-66.376251, 17.955416], [-66.376526, 17.955416], [-66.376526, 17.955139], [-66.376808, 17.955139], [-66.376808, 17.954582], [-66.376526, 17.954582], [-66.376526, 17.954027], [-66.376251, 17.954027], [-66.376251, 17.953751], [-66.375694, 17.953751], [-66.375694, 17.954027], [-66.37542, 17.954027], [-66.37542, 17.953751], [-66.375137, 17.953751], [-66.375137, 17.953472], [-66.374863, 17.953472], [-66.374863, 17.951805], [-66.375137, 17.951805], [-66.375137, 17.951529], [-66.37542, 17.951529], [-66.37542, 17.950972], [-66.375694, 17.950972], [-66.375694, 17.950417], [-66.375969, 17.950417], [-66.375969, 17.949862], [-66.376251, 17.949862], [-66.376251, 17.94903], [-66.377083, 17.94903], [-66.377083, 17.948473], [-66.376526, 17.948473], [-66.376526, 17.948195], [-66.376251, 17.948195], [-66.376251, 17.946808], [-66.376526, 17.946808], [-66.376526, 17.946251], [-66.376808, 17.946251], [-66.376808, 17.945972], [-66.377083, 17.945972], [-66.377083, 17.945415], [-66.377357, 17.945415], [-66.377357, 17.94486], [-66.37764, 17.94486], [-66.37764, 17.944305], [-66.378197, 17.944305], [-66.378197, 17.944027], [-66.379028, 17.944027], [-66.379028, 17.944305], [-66.380142, 17.944305], [-66.380142, 17.944027], [-66.380417, 17.944027], [-66.380417, 17.94375], [-66.380692, 17.94375], [-66.380692, 17.943195], [-66.380417, 17.943195], [-66.380417, 17.942638], [-66.380142, 17.942638], [-66.380142, 17.941528], [-66.380417, 17.941528], [-66.380417, 17.94125], [-66.380974, 17.94125], [-66.380974, 17.940971], [-66.381805, 17.940971], [-66.381805, 17.940695], [-66.382362, 17.940695], [-66.382362, 17.940416], [-66.382919, 17.940416], [-66.382919, 17.94014], [-66.383194, 17.94014], [-66.383194, 17.939861], [-66.383751, 17.939861], [-66.383751, 17.939583], [-66.384026, 17.939583], [-66.384026, 17.939028], [-66.384308, 17.939028], [-66.384308, 17.938749], [-66.384583, 17.938749], [-66.384583, 17.938473], [-66.384865, 17.938473], [-66.384865, 17.938194], [-66.385139, 17.938194], [-66.385139, 17.937916], [-66.385414, 17.937916], [-66.385414, 17.937639], [-66.385696, 17.937639], [-66.385696, 17.937363], [-66.386803, 17.937363], [-66.386803, 17.937639], [-66.387085, 17.937639], [-66.387085, 17.938473], [-66.38736, 17.938473], [-66.38736, 17.939028], [-66.387642, 17.939028], [-66.387642, 17.939306], [-66.387917, 17.939306], [-66.387917, 17.939583], [-66.388191, 17.939583], [-66.388191, 17.94014], [-66.388748, 17.94014], [-66.388748, 17.939306], [-66.390419, 17.939306], [-66.390419, 17.939583], [-66.390694, 17.939583], [-66.390694, 17.940416], [-66.390976, 17.940416], [-66.390976, 17.940971], [-66.391251, 17.940971], [-66.391251, 17.94125], [-66.391525, 17.94125], [-66.391525, 17.941805], [-66.391808, 17.941805], [-66.391808, 17.942083], [-66.393196, 17.942083], [-66.393196, 17.942362], [-66.393753, 17.942362], [-66.393753, 17.942638], [-66.394028, 17.942638], [-66.394028, 17.942917], [-66.394302, 17.942917], [-66.394302, 17.943195], [-66.394585, 17.943195], [-66.394585, 17.943472], [-66.394859, 17.943472], [-66.394859, 17.94375], [-66.395142, 17.94375], [-66.395142, 17.944027], [-66.395691, 17.944027], [-66.395691, 17.944305], [-66.395973, 17.944305], [-66.395973, 17.944584], [-66.396248, 17.944584], [-66.396248, 17.94486], [-66.39653, 17.94486], [-66.39653, 17.945139], [-66.396805, 17.945139], [-66.396805, 17.945415], [-66.397087, 17.945415], [-66.397087, 17.945694], [-66.397362, 17.945694], [-66.397362, 17.945972], [-66.398193, 17.945972], [-66.398193, 17.946251], [-66.397919, 17.946251], [-66.397919, 17.946529], [-66.398193, 17.946529], [-66.398193, 17.946808], [-66.399307, 17.946808], [-66.399307, 17.947083], [-66.399582, 17.947083], [-66.399582, 17.947359], [-66.399864, 17.947359], [-66.399864, 17.947639], [-66.400414, 17.947639], [-66.400414, 17.948195], [-66.401527, 17.948195], [-66.401527, 17.948473], [-66.402084, 17.948473], [-66.402084, 17.94903], [-66.402359, 17.94903], [-66.402359, 17.949862], [-66.401802, 17.949862], [-66.401802, 17.949583], [-66.401253, 17.949583], [-66.401253, 17.949306], [-66.40097, 17.949306], [-66.40097, 17.948748], [-66.400414, 17.948748], [-66.400414, 17.94903], [-66.400139, 17.94903], [-66.400139, 17.948748], [-66.399864, 17.948748], [-66.399864, 17.948195], [-66.399582, 17.948195], [-66.399582, 17.947918], [-66.39875, 17.947918], [-66.39875, 17.947639], [-66.397919, 17.947639], [-66.397919, 17.947359], [-66.396248, 17.947359], [-66.396248, 17.947083], [-66.395973, 17.947083], [-66.395973, 17.946251], [-66.395691, 17.946251], [-66.395691, 17.945972], [-66.395416, 17.945972], [-66.395416, 17.945694], [-66.394859, 17.945694], [-66.394859, 17.945415], [-66.394585, 17.945415], [-66.394585, 17.945139], [-66.394302, 17.945139], [-66.394302, 17.94486], [-66.393753, 17.94486], [-66.393753, 17.945415], [-66.393196, 17.945415], [-66.393196, 17.945972], [-66.392639, 17.945972], [-66.392639, 17.945415], [-66.392365, 17.945415], [-66.392365, 17.945139], [-66.392639, 17.945139], [-66.392639, 17.94375], [-66.392365, 17.94375], [-66.392365, 17.943195], [-66.392082, 17.943195], [-66.392082, 17.942917], [-66.390694, 17.942917], [-66.390694, 17.942638], [-66.390976, 17.942638], [-66.390976, 17.941805], [-66.390694, 17.941805], [-66.390694, 17.941528], [-66.390419, 17.941528], [-66.390419, 17.940971], [-66.38958, 17.940971], [-66.38958, 17.941528], [-66.389862, 17.941528], [-66.389862, 17.942917], [-66.390137, 17.942917], [-66.390137, 17.94375], [-66.390419, 17.94375], [-66.390419, 17.944584], [-66.390694, 17.944584], [-66.390694, 17.94486], [-66.390976, 17.94486], [-66.390976, 17.945139], [-66.391251, 17.945139], [-66.391251, 17.945694], [-66.391525, 17.945694], [-66.391525, 17.945972], [-66.391808, 17.945972], [-66.391808, 17.946251], [-66.392082, 17.946251], [-66.392082, 17.946529], [-66.392639, 17.946529], [-66.392639, 17.946251], [-66.393471, 17.946251], [-66.393471, 17.946808], [-66.393753, 17.946808], [-66.393753, 17.947083], [-66.394028, 17.947083], [-66.394028, 17.947359], [-66.394859, 17.947359], [-66.394859, 17.947639], [-66.395691, 17.947639], [-66.395691, 17.947918], [-66.396248, 17.947918], [-66.396248, 17.948195], [-66.397636, 17.948195], [-66.397636, 17.948473], [-66.397919, 17.948473], [-66.397919, 17.94903], [-66.398476, 17.94903], [-66.398476, 17.949583], [-66.39875, 17.949583], [-66.39875, 17.949862], [-66.399025, 17.949862], [-66.399025, 17.950695], [-66.399582, 17.950695], [-66.399582, 17.950972], [-66.400414, 17.950972], [-66.400414, 17.95125], [-66.401527, 17.95125], [-66.401527, 17.951529], [-66.402359, 17.951529], [-66.402359, 17.951805], [-66.402641, 17.951805], [-66.402641, 17.952084], [-66.402916, 17.952084], [-66.402916, 17.952362], [-66.403198, 17.952362], [-66.403198, 17.952639], [-66.404305, 17.952639], [-66.404305, 17.952084], [-66.404587, 17.952084], [-66.404587, 17.952639], [-66.405136, 17.952639], [-66.405136, 17.952917], [-66.405693, 17.952917], [-66.405693, 17.953194], [-66.405975, 17.953194], [-66.405975, 17.953472], [-66.406525, 17.953472], [-66.406525, 17.953751], [-66.409027, 17.953751], [-66.409027, 17.954027], [-66.409584, 17.954027], [-66.409584, 17.953751], [-66.410141, 17.953751], [-66.410141, 17.954027], [-66.410416, 17.954027], [-66.410416, 17.954582], [-66.410698, 17.954582], [-66.410698, 17.956528], [-66.411247, 17.956528], [-66.411247, 17.957083], [-66.41153, 17.957083], [-66.41153, 17.957361], [-66.412086, 17.957361], [-66.412086, 17.95764], [-66.413475, 17.95764], [-66.413475, 17.957914], [-66.414024, 17.957914], [-66.414024, 17.958195], [-66.414581, 17.958195], [-66.414581, 17.958471], [-66.414864, 17.958471], [-66.414864, 17.95875], [-66.415695, 17.95875], [-66.415695, 17.959026], [-66.416527, 17.959026], [-66.416527, 17.959305], [-66.417641, 17.959305], [-66.417641, 17.959583], [-66.418198, 17.959583], [-66.418198, 17.959862], [-66.420418, 17.959862], [-66.420418, 17.959583], [-66.424026, 17.959583], [-66.424026, 17.959305], [-66.42514, 17.959305], [-66.42514, 17.959026], [-66.425415, 17.959026], [-66.425415, 17.95875], [-66.425697, 17.95875], [-66.425697, 17.958195], [-66.425972, 17.958195], [-66.425972, 17.958471], [-66.426247, 17.958471], [-66.426247, 17.95875], [-66.426804, 17.95875], [-66.426804, 17.959026], [-66.427361, 17.959026], [-66.427361, 17.959305], [-66.427635, 17.959305], [-66.427635, 17.959583], [-66.427917, 17.959583], [-66.427917, 17.959862], [-66.428474, 17.959862], [-66.428474, 17.960136], [-66.429031, 17.960136], [-66.429031, 17.960419], [-66.429581, 17.960419], [-66.429581, 17.960972], [-66.429863, 17.960972], [-66.429863, 17.96125], [-66.43042, 17.96125], [-66.43042, 17.962084], [-66.430969, 17.962084], [-66.430969, 17.962641], [-66.431252, 17.962641], [-66.431252, 17.962917], [-66.431808, 17.962917], [-66.431808, 17.963472], [-66.432083, 17.963472], [-66.432083, 17.963751], [-66.432358, 17.963751], [-66.432358, 17.964306], [-66.43264, 17.964306], [-66.43264, 17.964863], [-66.432915, 17.964863], [-66.432915, 17.965139], [-66.433197, 17.965139], [-66.433197, 17.965416], [-66.433746, 17.965416], [-66.433746, 17.965973], [-66.434029, 17.965973], [-66.434029, 17.966528], [-66.434303, 17.966528], [-66.434303, 17.966806], [-66.434586, 17.966806], [-66.434586, 17.967916], [-66.43486, 17.967916], [-66.43486, 17.968193], [-66.435143, 17.968193], [-66.435143, 17.968472], [-66.435417, 17.968472], [-66.435417, 17.969028], [-66.435692, 17.969028], [-66.435692, 17.969584], [-66.435974, 17.969584], [-66.435974, 17.969862], [-66.436249, 17.969862], [-66.436249, 17.970139], [-66.436531, 17.970139], [-66.436531, 17.970415], [-66.436806, 17.970415], [-66.436806, 17.970694], [-66.43708, 17.970694], [-66.43708, 17.970972], [-66.437363, 17.970972], [-66.437363, 17.971251], [-66.437637, 17.971251], [-66.437637, 17.971525], [-66.43792, 17.971525], [-66.43792, 17.971806], [-66.438194, 17.971806], [-66.438194, 17.972361], [-66.438469, 17.972361], [-66.438469, 17.972637], [-66.439026, 17.972637], [-66.439026, 17.973194], [-66.439308, 17.973194], [-66.439308, 17.973473], [-66.439583, 17.973473], [-66.439583, 17.97403], [-66.439857, 17.97403], [-66.439857, 17.974583], [-66.44014, 17.974583], [-66.44014, 17.974861], [-66.440414, 17.974861], [-66.440414, 17.97514], [-66.440971, 17.97514], [-66.440971, 17.975695], [-66.441254, 17.975695], [-66.441254, 17.976252], [-66.441528, 17.976252], [-66.441528, 17.976528], [-66.442085, 17.976528], [-66.442085, 17.976805], [-66.44236, 17.976805], [-66.44236, 17.977083], [-66.442917, 17.977083], [-66.442917, 17.977362], [-66.443192, 17.977362], [-66.443192, 17.977638], [-66.443474, 17.977638], [-66.443474, 17.977917], [-66.443748, 17.977917], [-66.443748, 17.978195], [-66.444031, 17.978195], [-66.444031, 17.978472], [-66.444305, 17.978472], [-66.444305, 17.97875], [-66.44458, 17.97875], [-66.44458, 17.979029], [-66.444862, 17.979029], [-66.444862, 17.979305], [-66.445137, 17.979305], [-66.445137, 17.979584], [-66.445694, 17.979584], [-66.445694, 17.97986], [-66.446526, 17.97986], [-66.446526, 17.980139], [-66.447083, 17.980139], [-66.447083, 17.980417], [-66.448196, 17.980417], [-66.448196, 17.980694], [-66.449028, 17.980694], [-66.449028, 17.980972], [-66.449303, 17.980972], [-66.449303, 17.981251], [-66.451805, 17.981251], [-66.451805, 17.981527], [-66.452126, 17.981527], [-66.452255, 17.981527], [-66.452637, 17.981527], [-66.452637, 17.981806], [-66.453194, 17.981806], [-66.453194, 17.982084], [-66.453476, 17.982084], [-66.453476, 17.982361], [-66.453751, 17.982361], [-66.453751, 17.984583], [-66.454025, 17.984583], [-66.454025, 17.985416], [-66.454308, 17.985416], [-66.454308, 17.986805], [-66.454865, 17.986805], [-66.454865, 17.987083], [-66.455696, 17.987083], [-66.455696, 17.987362], [-66.455971, 17.987362], [-66.455971, 17.987637], [-66.456253, 17.987637], [-66.456253, 17.987919], [-66.456802, 17.987919], [-66.456802, 17.988194], [-66.457359, 17.988194], [-66.457359, 17.988472], [-66.457642, 17.988472], [-66.457642, 17.98875], [-66.458191, 17.98875], [-66.458191, 17.989029], [-66.458748, 17.989029], [-66.458748, 17.989305], [-66.459305, 17.989305], [-66.459305, 17.989584], [-66.460136, 17.989584], [-66.460136, 17.989861], [-66.460976, 17.989861], [-66.460976, 17.990141], [-66.462639, 17.990141], [-66.462639, 17.990417], [-66.464859, 17.990417], [-66.464859, 17.990694], [-66.469025, 17.990694], [-66.469025, 17.990417], [-66.470695, 17.990417], [-66.470695, 17.990141], [-66.47097, 17.990141], [-66.47097, 17.989861], [-66.471527, 17.989861], [-66.471527, 17.989584], [-66.471802, 17.989584], [-66.471802, 17.989305], [-66.473473, 17.989305], [-66.473473, 17.989029], [-66.475693, 17.989029], [-66.475693, 17.988472], [-66.475975, 17.988472], [-66.475975, 17.988194], [-66.47625, 17.988194], [-66.47625, 17.987919], [-66.476807, 17.987919], [-66.476807, 17.987637], [-66.47847, 17.987637], [-66.47847, 17.987083], [-66.479309, 17.987083], [-66.479309, 17.987362], [-66.479858, 17.987362], [-66.479858, 17.988194], [-66.480141, 17.988194], [-66.480141, 17.988472], [-66.480415, 17.988472], [-66.480415, 17.98875], [-66.480698, 17.98875], [-66.480698, 17.989029], [-66.481247, 17.989029], [-66.481247, 17.989305], [-66.481804, 17.989305], [-66.481804, 17.989584], [-66.482086, 17.989584], [-66.482086, 17.989861], [-66.482635, 17.989861], [-66.482635, 17.990141], [-66.483749, 17.990141], [-66.483749, 17.990417], [-66.485138, 17.990417], [-66.485138, 17.990141], [-66.485695, 17.990141], [-66.485695, 17.990417], [-66.490135, 17.990417], [-66.490135, 17.990141], [-66.490417, 17.990141], [-66.490417, 17.989861], [-66.490692, 17.989861], [-66.490692, 17.990141], [-66.491249, 17.990141], [-66.491249, 17.989861], [-66.495415, 17.989861], [-66.495415, 17.989584], [-66.496246, 17.989584], [-66.496246, 17.989305], [-66.497643, 17.989305], [-66.497643, 17.989029], [-66.499031, 17.989029], [-66.499031, 17.98875], [-66.49958, 17.98875], [-66.49958, 17.988472], [-66.500137, 17.988472], [-66.500137, 17.988194], [-66.501251, 17.988194], [-66.501251, 17.987919], [-66.50264, 17.987919], [-66.50264, 17.987637], [-66.50486, 17.987637], [-66.50486, 17.987362], [-66.505142, 17.987362], [-66.505142, 17.987083], [-66.505692, 17.987083], [-66.505692, 17.986805], [-66.505974, 17.986805], [-66.505974, 17.986526], [-66.506805, 17.986526], [-66.506805, 17.98625], [-66.507362, 17.98625], [-66.507362, 17.986526], [-66.507637, 17.986526], [-66.507637, 17.98625], [-66.508469, 17.98625], [-66.508469, 17.985971], [-66.509026, 17.985971], [-66.509026, 17.985697], [-66.509865, 17.985697], [-66.509865, 17.985416], [-66.511803, 17.985416], [-66.511803, 17.985138], [-66.512642, 17.985138], [-66.512642, 17.984861], [-66.512917, 17.984861], [-66.512917, 17.984583], [-66.513748, 17.984583], [-66.513748, 17.984304], [-66.514305, 17.984304], [-66.514305, 17.984028], [-66.514862, 17.984028], [-66.514862, 17.983749], [-66.515694, 17.983749], [-66.515694, 17.983473], [-66.516251, 17.983473], [-66.516251, 17.983194], [-66.516808, 17.983194], [-66.516808, 17.982916], [-66.517914, 17.982916], [-66.517914, 17.982639], [-66.518471, 17.982639], [-66.518471, 17.982361], [-66.519302, 17.982361], [-66.519302, 17.982084], [-66.520691, 17.982084], [-66.520691, 17.981806], [-66.520973, 17.981806], [-66.520973, 17.981527], [-66.522362, 17.981527], [-66.522362, 17.980972], [-66.522919, 17.980972], [-66.522919, 17.980694], [-66.52375, 17.980694], [-66.52375, 17.980417], [-66.524025, 17.980417], [-66.524025, 17.980139], [-66.525139, 17.980139], [-66.525139, 17.97986], [-66.525414, 17.97986], [-66.525414, 17.979584], [-66.526253, 17.979584], [-66.526253, 17.979305], [-66.526802, 17.979305], [-66.526802, 17.979029], [-66.527359, 17.979029], [-66.527359, 17.97875], [-66.527916, 17.97875], [-66.527916, 17.978472], [-66.52903, 17.978472], [-66.52903, 17.978195], [-66.529587, 17.978195], [-66.529587, 17.977917], [-66.529861, 17.977917], [-66.529861, 17.977638], [-66.530693, 17.977638], [-66.530693, 17.977362], [-66.531525, 17.977362], [-66.531525, 17.977083], [-66.532082, 17.977083], [-66.532082, 17.976805], [-66.532639, 17.976805], [-66.532639, 17.976528], [-66.533752, 17.976528], [-66.533752, 17.975973], [-66.534584, 17.975973], [-66.534584, 17.975695], [-66.535698, 17.975695], [-66.535698, 17.975416], [-66.535973, 17.975416], [-66.535973, 17.974861], [-66.53653, 17.974861], [-66.53653, 17.974583], [-66.537086, 17.974583], [-66.537086, 17.974306], [-66.537636, 17.974306], [-66.537636, 17.97403], [-66.538193, 17.97403], [-66.538193, 17.973747], [-66.538666, 17.973747], [-66.539307, 17.973747], [-66.539864, 17.973747], [-66.539864, 17.973473], [-66.541252, 17.973473], [-66.541252, 17.973194], [-66.541809, 17.973194], [-66.541809, 17.973473], [-66.543472, 17.973473], [-66.543472, 17.974306], [-66.544304, 17.974306], [-66.544304, 17.974583], [-66.547081, 17.974583], [-66.547081, 17.974306], [-66.549309, 17.974306], [-66.549309, 17.97403], [-66.549583, 17.97403], [-66.549583, 17.973747], [-66.550697, 17.973747], [-66.550697, 17.973473], [-66.551247, 17.973473], [-66.551247, 17.973194], [-66.551529, 17.973194], [-66.551529, 17.972919], [-66.552086, 17.972919], [-66.552086, 17.972637], [-66.552917, 17.972637], [-66.552917, 17.972361], [-66.553474, 17.972361], [-66.553474, 17.972086], [-66.554031, 17.972086], [-66.554031, 17.971806], [-66.554306, 17.971806], [-66.554306, 17.971525], [-66.555138, 17.971525], [-66.555138, 17.970972], [-66.555695, 17.970972], [-66.555695, 17.970694], [-66.556252, 17.970694], [-66.556252, 17.970415], [-66.556526, 17.970415], [-66.556526, 17.970139], [-66.556808, 17.970139], [-66.556808, 17.969862], [-66.557083, 17.969862], [-66.557083, 17.969584], [-66.557358, 17.969584], [-66.557358, 17.969303], [-66.55764, 17.969303], [-66.55764, 17.969028], [-66.557915, 17.969028], [-66.557915, 17.96875], [-66.558197, 17.96875], [-66.558197, 17.968193], [-66.558746, 17.968193], [-66.558746, 17.967916], [-66.559029, 17.967916], [-66.559029, 17.967638], [-66.560417, 17.967638], [-66.560417, 17.967916], [-66.560692, 17.967916], [-66.560692, 17.967638], [-66.56208, 17.967638], [-66.56208, 17.967361], [-66.564026, 17.967361], [-66.564026, 17.967085], [-66.564583, 17.967085], [-66.564583, 17.966806], [-66.566803, 17.966806], [-66.566803, 17.967085], [-66.56736, 17.967085], [-66.56736, 17.966806], [-66.568192, 17.966806], [-66.568192, 17.966528], [-66.569305, 17.966528], [-66.569305, 17.966249], [-66.56958, 17.966249], [-66.56958, 17.965973], [-66.569862, 17.965973], [-66.569862, 17.966249], [-66.570137, 17.966249], [-66.570137, 17.965973], [-66.570694, 17.965973], [-66.570694, 17.965694], [-66.571251, 17.965694], [-66.571251, 17.965416], [-66.572083, 17.965416], [-66.572083, 17.965139], [-66.572914, 17.965139], [-66.572914, 17.964863], [-66.573471, 17.964863], [-66.573471, 17.964582], [-66.573753, 17.964582], [-66.573753, 17.964306], [-66.574028, 17.964306], [-66.574028, 17.964027], [-66.574303, 17.964027], [-66.574303, 17.963751], [-66.57486, 17.963751], [-66.57486, 17.963472], [-66.575142, 17.963472], [-66.575142, 17.963194], [-66.575417, 17.963194], [-66.575417, 17.962917], [-66.576248, 17.962917], [-66.576248, 17.962641], [-66.576805, 17.962641], [-66.576805, 17.962358], [-66.577637, 17.962358], [-66.577637, 17.962084], [-66.578194, 17.962084], [-66.578194, 17.961805], [-66.578476, 17.961805], [-66.578476, 17.961529], [-66.580139, 17.961529], [-66.580139, 17.961805], [-66.581253, 17.961805], [-66.581253, 17.961529], [-66.582085, 17.961529], [-66.582085, 17.96125], [-66.582916, 17.96125], [-66.582916, 17.960695], [-66.583473, 17.960695], [-66.583473, 17.96125], [-66.584305, 17.96125], [-66.584305, 17.961805], [-66.584587, 17.961805], [-66.584587, 17.963194], [-66.584862, 17.963194], [-66.584862, 17.963751], [-66.585136, 17.963751], [-66.585136, 17.965416], [-66.585419, 17.965416], [-66.585419, 17.966249], [-66.585693, 17.966249], [-66.585693, 17.966528], [-66.585976, 17.966528], [-66.585976, 17.966806], [-66.58625, 17.966806], [-66.58625, 17.967085], [-66.586525, 17.967085], [-66.586525, 17.967361], [-66.586807, 17.967361], [-66.586807, 17.967638], [-66.587082, 17.967638], [-66.587082, 17.967916], [-66.587364, 17.967916], [-66.587364, 17.968193], [-66.587914, 17.968193], [-66.587914, 17.968472], [-66.588753, 17.968472], [-66.588753, 17.96875], [-66.589027, 17.96875], [-66.589027, 17.969028], [-66.589584, 17.969028], [-66.589584, 17.969303], [-66.590141, 17.969303], [-66.590141, 17.969584], [-66.591248, 17.969584], [-66.591248, 17.969862], [-66.591805, 17.969862], [-66.591805, 17.970139], [-66.592087, 17.970139], [-66.592087, 17.970415], [-66.593193, 17.970415], [-66.593193, 17.970694], [-66.59375, 17.970694], [-66.59375, 17.970972], [-66.594025, 17.970972], [-66.594025, 17.971251], [-66.594864, 17.971251], [-66.594864, 17.970972], [-66.595695, 17.970972], [-66.595695, 17.970694], [-66.596252, 17.970694], [-66.596252, 17.970415], [-66.596527, 17.970415], [-66.596527, 17.970139], [-66.596802, 17.970139], [-66.596802, 17.969862], [-66.597084, 17.969862], [-66.597084, 17.969303], [-66.597359, 17.969303], [-66.597359, 17.969028], [-66.598198, 17.969028], [-66.598198, 17.96875], [-66.598747, 17.96875], [-66.598747, 17.968472], [-66.59903, 17.968472], [-66.59903, 17.967361], [-66.599586, 17.967361], [-66.599586, 17.968472], [-66.600418, 17.968472], [-66.600418, 17.96875], [-66.600975, 17.96875], [-66.600975, 17.969303], [-66.601524, 17.969303], [-66.601524, 17.969028], [-66.601807, 17.969028], [-66.601807, 17.969303], [-66.602913, 17.969303], [-66.602913, 17.969028], [-66.604309, 17.969028], [-66.604309, 17.96875], [-66.605972, 17.96875], [-66.605972, 17.968472], [-66.606804, 17.968472], [-66.606804, 17.968193], [-66.607361, 17.968193], [-66.607361, 17.967916], [-66.607918, 17.967916], [-66.607918, 17.967638], [-66.608192, 17.967638], [-66.608192, 17.967361], [-66.608475, 17.967361], [-66.608475, 17.967085], [-66.608749, 17.967085], [-66.608749, 17.966528], [-66.609024, 17.966528], [-66.609024, 17.966249], [-66.609581, 17.966249], [-66.609581, 17.965416], [-66.609306, 17.965416], [-66.609306, 17.965139], [-66.609581, 17.965139], [-66.609581, 17.964863], [-66.609863, 17.964863], [-66.609863, 17.964582], [-66.610138, 17.964582], [-66.610138, 17.963472], [-66.611526, 17.963472], [-66.611526, 17.963751], [-66.61264, 17.963751], [-66.61264, 17.962917], [-66.612915, 17.962917], [-66.612915, 17.962641], [-66.613197, 17.962641], [-66.613197, 17.962358], [-66.615417, 17.962358], [-66.615417, 17.962084], [-66.619308, 17.962084], [-66.619308, 17.962358], [-66.619858, 17.962358], [-66.619858, 17.962641], [-66.619583, 17.962641], [-66.619583, 17.962917], [-66.619308, 17.962917], [-66.619308, 17.963751], [-66.619026, 17.963751], [-66.619026, 17.964306], [-66.618752, 17.964306], [-66.618752, 17.964582], [-66.618469, 17.964582], [-66.618469, 17.964863], [-66.618195, 17.964863], [-66.618195, 17.965139], [-66.61792, 17.965139], [-66.61792, 17.965416], [-66.617638, 17.965416], [-66.617638, 17.965694], [-66.617363, 17.965694], [-66.617363, 17.966528], [-66.617638, 17.966528], [-66.617638, 17.967085], [-66.61792, 17.967085], [-66.61792, 17.967361], [-66.618469, 17.967361], [-66.618469, 17.967638], [-66.619026, 17.967638], [-66.619026, 17.967916], [-66.619583, 17.967916], [-66.619583, 17.967638], [-66.62014, 17.967638], [-66.62014, 17.967085], [-66.620415, 17.967085], [-66.620415, 17.966806], [-66.620697, 17.966806], [-66.620697, 17.966528], [-66.620972, 17.966528], [-66.620972, 17.968472], [-66.620697, 17.968472], [-66.620697, 17.969028], [-66.620415, 17.969028], [-66.620415, 17.969303], [-66.62014, 17.969303], [-66.62014, 17.969584], [-66.619858, 17.969584], [-66.619858, 17.969862], [-66.619308, 17.969862], [-66.619308, 17.970139], [-66.619026, 17.970139], [-66.619026, 17.970694], [-66.618752, 17.970694], [-66.618752, 17.970972], [-66.617363, 17.970972], [-66.617363, 17.971251], [-66.616806, 17.971251], [-66.616806, 17.971525], [-66.616249, 17.971525], [-66.616249, 17.972086], [-66.616531, 17.972086], [-66.616531, 17.972361], [-66.616806, 17.972361], [-66.616806, 17.972637], [-66.617081, 17.972637], [-66.617081, 17.973194], [-66.617638, 17.973194], [-66.617638, 17.973473], [-66.618195, 17.973473], [-66.618195, 17.973747], [-66.618469, 17.973747], [-66.618469, 17.97403], [-66.618752, 17.97403], [-66.618752, 17.975695], [-66.618469, 17.975695], [-66.618469, 17.976252], [-66.618195, 17.976252], [-66.618195, 17.976528], [-66.61792, 17.976528], [-66.61792, 17.976805], [-66.617638, 17.976805], [-66.617638, 17.977083], [-66.617363, 17.977083], [-66.617363, 17.977638], [-66.617638, 17.977638], [-66.617638, 17.977917], [-66.618195, 17.977917], [-66.618195, 17.978195], [-66.619308, 17.978195], [-66.619308, 17.978472], [-66.62014, 17.978472], [-66.62014, 17.97875], [-66.620697, 17.97875], [-66.620697, 17.979029], [-66.621246, 17.979029], [-66.621246, 17.979305], [-66.621803, 17.979305], [-66.621803, 17.97986], [-66.622086, 17.97986], [-66.622086, 17.980417], [-66.62236, 17.980417], [-66.62236, 17.980694], [-66.622643, 17.980694], [-66.622643, 17.980972], [-66.623749, 17.980972], [-66.623749, 17.981251], [-66.62458, 17.981251], [-66.62458, 17.981527], [-66.625137, 17.981527], [-66.625137, 17.981806], [-66.625694, 17.981806], [-66.625694, 17.982084], [-66.626808, 17.982084], [-66.626808, 17.982361], [-66.627083, 17.982361], [-66.627083, 17.982639], [-66.628471, 17.982639], [-66.628471, 17.982361], [-66.628754, 17.982361], [-66.628754, 17.982084], [-66.629303, 17.982084], [-66.629303, 17.982639], [-66.630974, 17.982639], [-66.630974, 17.982361], [-66.634308, 17.982361], [-66.634308, 17.982084], [-66.635414, 17.982084], [-66.635414, 17.981806], [-66.638191, 17.981806], [-66.638191, 17.981527], [-66.63903, 17.981527], [-66.63903, 17.981251], [-66.642365, 17.981251], [-66.642365, 17.980417], [-66.642082, 17.980417], [-66.642082, 17.97986], [-66.642365, 17.97986], [-66.642365, 17.979584], [-66.642639, 17.979584], [-66.642639, 17.97986], [-66.642914, 17.97986], [-66.642914, 17.980694], [-66.643196, 17.980694], [-66.643196, 17.980972], [-66.644302, 17.980972], [-66.644302, 17.980694], [-66.644585, 17.980694], [-66.644585, 17.980417], [-66.646248, 17.980417], [-66.646248, 17.980139], [-66.647919, 17.980139], [-66.647919, 17.97986], [-66.649582, 17.97986], [-66.649582, 17.979584], [-66.649864, 17.979584], [-66.649864, 17.979305], [-66.650139, 17.979305], [-66.650139, 17.979029], [-66.650414, 17.979029], [-66.650414, 17.97875], [-66.651527, 17.97875], [-66.651527, 17.978472], [-66.651802, 17.978472], [-66.651802, 17.977917], [-66.652916, 17.977917], [-66.652916, 17.977638], [-66.653473, 17.977638], [-66.653473, 17.977362], [-66.65403, 17.977362], [-66.65403, 17.977083], [-66.654305, 17.977083], [-66.654305, 17.976805], [-66.654861, 17.976805], [-66.654861, 17.976528], [-66.655136, 17.976528], [-66.655136, 17.976252], [-66.655418, 17.976252], [-66.655418, 17.975973], [-66.655975, 17.975973], [-66.655975, 17.975695], [-66.656807, 17.975695], [-66.656807, 17.975416], [-66.657082, 17.975416], [-66.657082, 17.97514], [-66.657364, 17.97514], [-66.657364, 17.974861], [-66.657639, 17.974861], [-66.657639, 17.974583], [-66.657913, 17.974583], [-66.657913, 17.974306], [-66.658195, 17.974306], [-66.658195, 17.97403], [-66.658752, 17.97403], [-66.658752, 17.973747], [-66.659302, 17.973747], [-66.659302, 17.973473], [-66.659584, 17.973473], [-66.659584, 17.973194], [-66.660141, 17.973194], [-66.660141, 17.972919], [-66.660416, 17.972919], [-66.660416, 17.972637], [-66.660698, 17.972637], [-66.660698, 17.972361], [-66.661247, 17.972361], [-66.661247, 17.971806], [-66.66153, 17.971806], [-66.66153, 17.971251], [-66.661804, 17.971251], [-66.661804, 17.970694], [-66.662086, 17.970694], [-66.662086, 17.970415], [-66.662361, 17.970415], [-66.662361, 17.970139], [-66.662918, 17.970139], [-66.662918, 17.970415], [-66.663475, 17.970415], [-66.663475, 17.970694], [-66.66375, 17.970694], [-66.66375, 17.970972], [-66.664307, 17.970972], [-66.664307, 17.970415], [-66.664024, 17.970415], [-66.664024, 17.970139], [-66.66375, 17.970139], [-66.66375, 17.969862], [-66.663475, 17.969862], [-66.663475, 17.969584], [-66.662918, 17.969584], [-66.662918, 17.969303], [-66.662636, 17.969303], [-66.662636, 17.969028], [-66.662361, 17.969028], [-66.662361, 17.968472], [-66.662918, 17.968472], [-66.662918, 17.968193], [-66.663475, 17.968193], [-66.663475, 17.967916], [-66.664581, 17.967916], [-66.664581, 17.968472], [-66.665138, 17.968472], [-66.665138, 17.96875], [-66.666809, 17.96875], [-66.666809, 17.968193], [-66.667084, 17.968193], [-66.667084, 17.967361], [-66.667641, 17.967361], [-66.667641, 17.967085], [-66.667915, 17.967085], [-66.667915, 17.966806], [-66.668198, 17.966806], [-66.668198, 17.967085], [-66.669029, 17.967085], [-66.669029, 17.966806], [-66.670975, 17.966806], [-66.670975, 17.966249], [-66.671249, 17.966249], [-66.671249, 17.965973], [-66.672363, 17.965973], [-66.672363, 17.966249], [-66.67292, 17.966249], [-66.67292, 17.966528], [-66.67347, 17.966528], [-66.67347, 17.966806], [-66.673752, 17.966806], [-66.673752, 17.967085], [-66.674583, 17.967085], [-66.674583, 17.967916], [-66.674309, 17.967916], [-66.674309, 17.968193], [-66.674026, 17.968193], [-66.674026, 17.968472], [-66.674309, 17.968472], [-66.674309, 17.96875], [-66.674583, 17.96875], [-66.674583, 17.969028], [-66.674858, 17.969028], [-66.674858, 17.969303], [-66.67514, 17.969303], [-66.67514, 17.969862], [-66.675415, 17.969862], [-66.675415, 17.970139], [-66.675697, 17.970139], [-66.675697, 17.970415], [-66.676529, 17.970415], [-66.676529, 17.970694], [-66.677086, 17.970694], [-66.677086, 17.971251], [-66.677361, 17.971251], [-66.677361, 17.971806], [-66.677635, 17.971806], [-66.677635, 17.972086], [-66.678192, 17.972086], [-66.678192, 17.972361], [-66.678749, 17.972361], [-66.678749, 17.972637], [-66.679031, 17.972637], [-66.679031, 17.972919], [-66.679581, 17.972919], [-66.679581, 17.973194], [-66.68042, 17.973194], [-66.68042, 17.973473], [-66.682083, 17.973473], [-66.682083, 17.973194], [-66.682915, 17.973194], [-66.682915, 17.972919], [-66.684586, 17.972919], [-66.684586, 17.972637], [-66.68486, 17.972637], [-66.68486, 17.972919], [-66.685417, 17.972919], [-66.685417, 17.973747], [-66.685974, 17.973747], [-66.685974, 17.973473], [-66.688751, 17.973473], [-66.688751, 17.97403], [-66.689308, 17.97403], [-66.689308, 17.974306], [-66.689583, 17.974306], [-66.689583, 17.974583], [-66.690971, 17.974583], [-66.690971, 17.974861], [-66.691803, 17.974861], [-66.691803, 17.97514], [-66.694305, 17.97514], [-66.694305, 17.974583], [-66.694862, 17.974583], [-66.694862, 17.974861], [-66.695137, 17.974861], [-66.695137, 17.97514], [-66.695694, 17.97514], [-66.695694, 17.975416], [-66.695969, 17.975416], [-66.695969, 17.975695], [-66.696526, 17.975695], [-66.696526, 17.975973], [-66.696808, 17.975973], [-66.696808, 17.976252], [-66.697083, 17.976252], [-66.697083, 17.976528], [-66.697639, 17.976528], [-66.697639, 17.976805], [-66.697914, 17.976805], [-66.697914, 17.977083], [-66.698692, 17.977083], [-66.700417, 17.977083], [-66.700417, 17.977362], [-66.701248, 17.977362], [-66.701248, 17.977638], [-66.701805, 17.977638], [-66.701805, 17.978472], [-66.70208, 17.978472], [-66.70208, 17.97875], [-66.703194, 17.97875], [-66.703194, 17.979029], [-66.703476, 17.979029], [-66.703476, 17.97986], [-66.703751, 17.97986], [-66.703751, 17.980139], [-66.704025, 17.980139], [-66.704025, 17.980417], [-66.704308, 17.980417], [-66.704308, 17.980694], [-66.704582, 17.980694], [-66.704582, 17.980972], [-66.705971, 17.980972], [-66.705971, 17.980139], [-66.706253, 17.980139], [-66.706253, 17.980417], [-66.707359, 17.980417], [-66.707359, 17.980139], [-66.708191, 17.980139], [-66.708191, 17.97986], [-66.708473, 17.97986], [-66.708473, 17.979584], [-66.708748, 17.979584], [-66.708748, 17.97986], [-66.709305, 17.97986], [-66.709305, 17.980139], [-66.710136, 17.980139], [-66.710136, 17.980417], [-66.710693, 17.980417], [-66.710693, 17.980694], [-66.71125, 17.980694], [-66.71125, 17.980972], [-66.711525, 17.980972], [-66.711525, 17.981251], [-66.711807, 17.981251], [-66.711807, 17.981806], [-66.712082, 17.981806], [-66.712082, 17.982916], [-66.711807, 17.982916], [-66.711807, 17.983194], [-66.712082, 17.983194], [-66.712082, 17.983473], [-66.711807, 17.983473], [-66.711807, 17.983749], [-66.712082, 17.983749], [-66.712082, 17.984861], [-66.71347, 17.984861], [-66.71347, 17.985138], [-66.713753, 17.985138], [-66.713753, 17.985416], [-66.714027, 17.985416], [-66.714027, 17.98625], [-66.714584, 17.98625], [-66.714584, 17.986526], [-66.714859, 17.986526], [-66.714859, 17.987637], [-66.714584, 17.987637], [-66.714584, 17.987919], [-66.714302, 17.987919], [-66.714302, 17.988194], [-66.714859, 17.988194], [-66.714859, 17.988472], [-66.715416, 17.988472], [-66.715416, 17.988194], [-66.715698, 17.988194], [-66.715698, 17.988472], [-66.715973, 17.988472], [-66.715973, 17.98875], [-66.716248, 17.98875], [-66.716248, 17.989584], [-66.71653, 17.989584], [-66.71653, 17.989861], [-66.718475, 17.989861], [-66.718475, 17.989584], [-66.71875, 17.989584], [-66.71875, 17.989305], [-66.719025, 17.989305], [-66.719025, 17.989029], [-66.719307, 17.989029], [-66.719307, 17.989305], [-66.719582, 17.989305], [-66.719582, 17.989584], [-66.720139, 17.989584], [-66.720139, 17.989861], [-66.721527, 17.989861], [-66.721527, 17.990417], [-66.722084, 17.990417], [-66.722084, 17.990694], [-66.722641, 17.990694], [-66.722641, 17.990973], [-66.722916, 17.990973], [-66.722916, 17.991249], [-66.723198, 17.991249], [-66.723198, 17.991528], [-66.725136, 17.991528], [-66.725136, 17.991806], [-66.725693, 17.991806], [-66.725693, 17.991528], [-66.725975, 17.991528], [-66.725975, 17.990973], [-66.727364, 17.990973], [-66.727364, 17.991528], [-66.727913, 17.991528], [-66.727913, 17.991806], [-66.730415, 17.991806], [-66.730415, 17.991528], [-66.730698, 17.991528], [-66.730698, 17.991249], [-66.730972, 17.991249], [-66.730972, 17.986805], [-66.731529, 17.986805], [-66.731529, 17.988472], [-66.731804, 17.988472], [-66.731804, 17.990973], [-66.732635, 17.990973], [-66.732635, 17.991249], [-66.733192, 17.991249], [-66.733192, 17.990973], [-66.733749, 17.990973], [-66.733749, 17.990694], [-66.734024, 17.990694], [-66.734024, 17.990417], [-66.734306, 17.990417], [-66.734306, 17.989861], [-66.734581, 17.989861], [-66.734581, 17.989584], [-66.735138, 17.989584], [-66.735138, 17.989305], [-66.73542, 17.989305], [-66.73542, 17.989029], [-66.735695, 17.989029], [-66.735695, 17.98875], [-66.737083, 17.98875], [-66.737083, 17.989029], [-66.73764, 17.989029], [-66.73764, 17.989305], [-66.738197, 17.989305], [-66.738197, 17.989584], [-66.738472, 17.989584], [-66.738472, 17.989861], [-66.738747, 17.989861], [-66.738747, 17.990141], [-66.739029, 17.990141], [-66.739029, 17.990417], [-66.740692, 17.990417], [-66.740692, 17.990141], [-66.741249, 17.990141], [-66.741249, 17.989861], [-66.741806, 17.989861], [-66.741806, 17.990141], [-66.745697, 17.990141], [-66.745697, 17.989861], [-66.746529, 17.989861], [-66.746529, 17.989584], [-66.747086, 17.989584], [-66.747086, 17.989305], [-66.747643, 17.989305], [-66.747643, 17.989029], [-66.748749, 17.989029], [-66.748749, 17.988472], [-66.749031, 17.988472], [-66.749031, 17.988194], [-66.749863, 17.988194], [-66.749863, 17.987919], [-66.75042, 17.987919], [-66.75042, 17.987637], [-66.750969, 17.987637], [-66.750969, 17.987362], [-66.751251, 17.987362], [-66.751251, 17.987083], [-66.751808, 17.987083], [-66.751808, 17.98625], [-66.75264, 17.98625], [-66.75264, 17.986526], [-66.753197, 17.986526], [-66.753197, 17.98625], [-66.752914, 17.98625], [-66.752914, 17.984304], [-66.753197, 17.984304], [-66.753197, 17.983749], [-66.753471, 17.983749], [-66.753471, 17.980972], [-66.753754, 17.980972], [-66.753754, 17.980694], [-66.754028, 17.980694], [-66.754028, 17.980139], [-66.754303, 17.980139], [-66.754303, 17.979584], [-66.754585, 17.979584], [-66.754585, 17.979029], [-66.754303, 17.979029], [-66.754303, 17.978195], [-66.754585, 17.978195], [-66.754585, 17.976805], [-66.75486, 17.976805], [-66.75486, 17.976528], [-66.755142, 17.976528], [-66.755142, 17.976252], [-66.755974, 17.976252], [-66.755974, 17.976805], [-66.756248, 17.976805], [-66.756248, 17.977083], [-66.756805, 17.977083], [-66.756805, 17.976252], [-66.75708, 17.976252], [-66.75708, 17.975695], [-66.757637, 17.975695], [-66.757637, 17.976252], [-66.758194, 17.976252], [-66.758194, 17.975973], [-66.758469, 17.975973], [-66.758469, 17.975695], [-66.758751, 17.975695], [-66.758751, 17.975416], [-66.759026, 17.975416], [-66.759026, 17.97514], [-66.759308, 17.97514], [-66.759308, 17.974861], [-66.759583, 17.974861], [-66.759583, 17.974583], [-66.759865, 17.974583], [-66.759865, 17.97403], [-66.760139, 17.97403], [-66.760139, 17.973747], [-66.760414, 17.973747], [-66.760414, 17.973473], [-66.760696, 17.973473], [-66.760696, 17.973194], [-66.761253, 17.973194], [-66.761253, 17.971806], [-66.761803, 17.971806], [-66.761803, 17.972361], [-66.762085, 17.972361], [-66.762085, 17.97403], [-66.761803, 17.97403], [-66.761803, 17.974583], [-66.761528, 17.974583], [-66.761528, 17.974861], [-66.761253, 17.974861], [-66.761253, 17.97403], [-66.760696, 17.97403], [-66.760696, 17.974306], [-66.760414, 17.974306], [-66.760414, 17.974583], [-66.760139, 17.974583], [-66.760139, 17.974861], [-66.759865, 17.974861], [-66.759865, 17.975416], [-66.759583, 17.975416], [-66.759583, 17.975695], [-66.759308, 17.975695], [-66.759308, 17.975973], [-66.759026, 17.975973], [-66.759026, 17.976252], [-66.758751, 17.976252], [-66.758751, 17.976528], [-66.759026, 17.976528], [-66.759026, 17.977083], [-66.759308, 17.977083], [-66.759308, 17.978195], [-66.759583, 17.978195], [-66.759583, 17.97875], [-66.759865, 17.97875], [-66.759865, 17.979305], [-66.760414, 17.979305], [-66.760414, 17.979584], [-66.760696, 17.979584], [-66.760696, 17.97986], [-66.761253, 17.97986], [-66.761253, 17.980139], [-66.762917, 17.980139], [-66.762917, 17.97986], [-66.763191, 17.97986], [-66.763191, 17.980139], [-66.763474, 17.980139], [-66.763474, 17.980417], [-66.763748, 17.980417], [-66.763748, 17.980972], [-66.763474, 17.980972], [-66.763474, 17.982084], [-66.763748, 17.982084], [-66.763748, 17.983473], [-66.763191, 17.983473], [-66.763191, 17.984304], [-66.762642, 17.984304], [-66.762642, 17.984583], [-66.762085, 17.984583], [-66.762085, 17.984861], [-66.761803, 17.984861], [-66.761803, 17.984583], [-66.761253, 17.984583], [-66.761253, 17.984304], [-66.761528, 17.984304], [-66.761528, 17.983194], [-66.761253, 17.983194], [-66.761253, 17.982916], [-66.760971, 17.982916], [-66.760971, 17.982639], [-66.760139, 17.982639], [-66.760139, 17.982361], [-66.759865, 17.982361], [-66.759865, 17.982084], [-66.759583, 17.982084], [-66.759583, 17.981806], [-66.758751, 17.981806], [-66.758751, 17.982084], [-66.758469, 17.982084], [-66.758469, 17.982639], [-66.758194, 17.982639], [-66.758194, 17.982916], [-66.757919, 17.982916], [-66.757919, 17.983473], [-66.757637, 17.983473], [-66.757637, 17.983749], [-66.757362, 17.983749], [-66.757362, 17.984028], [-66.75708, 17.984028], [-66.75708, 17.984583], [-66.756805, 17.984583], [-66.756805, 17.985416], [-66.756531, 17.985416], [-66.756531, 17.985697], [-66.756248, 17.985697], [-66.756248, 17.98625], [-66.755974, 17.98625], [-66.755974, 17.986805], [-66.755692, 17.986805], [-66.755692, 17.987637], [-66.755974, 17.987637], [-66.755974, 17.988194], [-66.756248, 17.988194], [-66.756248, 17.990141], [-66.756805, 17.990141], [-66.756805, 17.991249], [-66.75708, 17.991249], [-66.75708, 17.991806], [-66.757362, 17.991806], [-66.757362, 17.993471], [-66.757637, 17.993471], [-66.757637, 17.99375], [-66.757919, 17.99375], [-66.757919, 17.994028], [-66.758469, 17.994028], [-66.758469, 17.994305], [-66.759308, 17.994305], [-66.759308, 17.994028], [-66.760696, 17.994028], [-66.760696, 17.993471], [-66.761528, 17.993471], [-66.761528, 17.994028], [-66.763748, 17.994028], [-66.763748, 17.994583], [-66.764305, 17.994583], [-66.764305, 17.995417], [-66.76458, 17.995417], [-66.76458, 17.995693], [-66.764862, 17.995693], [-66.764862, 17.996529], [-66.76403, 17.996529], [-66.76403, 17.99625], [-66.763748, 17.99625], [-66.763748, 17.995972], [-66.762917, 17.995972], [-66.762917, 17.995417], [-66.761803, 17.995417], [-66.761803, 17.995138], [-66.761253, 17.995138], [-66.761253, 17.994862], [-66.760696, 17.994862], [-66.760696, 17.995138], [-66.760414, 17.995138], [-66.760414, 17.994862], [-66.759026, 17.994862], [-66.759026, 17.995417], [-66.758469, 17.995417], [-66.758469, 17.995693], [-66.757637, 17.995693], [-66.757637, 17.995972], [-66.756805, 17.995972], [-66.756805, 17.99625], [-66.756531, 17.99625], [-66.756531, 17.996529], [-66.755974, 17.996529], [-66.755974, 17.996805], [-66.755692, 17.996805], [-66.755692, 17.997084], [-66.755417, 17.997084], [-66.755417, 17.997639], [-66.755142, 17.997639], [-66.755142, 17.998751], [-66.75486, 17.998751], [-66.75486, 17.998968], [-66.75486, 17.999584], [-66.755142, 17.999584], [-66.75515, 17.999861], [-66.755157, 18.000137], [-66.755142, 18.000416], [-66.754585, 18.000416], [-66.754585, 18.000973], [-66.755142, 18.000973], [-66.755142, 18.001247], [-66.757362, 18.001247], [-66.757362, 18.000973], [-66.757637, 18.000973], [-66.757637, 18.000694], [-66.758194, 18.000694], [-66.758194, 18.000416], [-66.759583, 18.000416], [-66.759583, 18.000294], [-66.759583, 17.999861], [-66.760139, 17.999861], [-66.760139, 17.999584], [-66.760696, 17.999584], [-66.760696, 17.999308], [-66.761528, 17.999308], [-66.761528, 17.999584], [-66.762642, 17.999584], [-66.762642, 17.999308], [-66.763748, 17.999308], [-66.763748, 17.999861], [-66.763191, 17.999861], [-66.763191, 18.000137], [-66.763191, 18.000416], [-66.763474, 18.000416], [-66.763474, 18.003195], [-66.763748, 18.003195], [-66.763748, 18.004305], [-66.76403, 18.004305], [-66.76403, 18.004583], [-66.76458, 18.004583], [-66.76458, 18.004862], [-66.764862, 18.004862], [-66.764862, 18.005138], [-66.765694, 18.005138], [-66.765694, 18.004862], [-66.766525, 18.004862], [-66.766525, 18.003752], [-66.767082, 18.003752], [-66.767082, 18.005695], [-66.766808, 18.005695], [-66.766808, 18.005974], [-66.769585, 18.005974], [-66.769585, 18.005695], [-66.769859, 18.005695], [-66.769859, 18.005974], [-66.770142, 18.005974], [-66.770142, 18.005695], [-66.770691, 18.005695], [-66.770691, 18.005417], [-66.771248, 18.005417], [-66.771248, 18.005138], [-66.77153, 18.005138], [-66.77153, 18.004862], [-66.771805, 18.004862], [-66.771805, 18.004583], [-66.772362, 18.004583], [-66.772362, 18.004028], [-66.772636, 18.004028], [-66.772636, 18.003471], [-66.772919, 18.003471], [-66.772919, 18.003195], [-66.773193, 18.003195], [-66.773193, 18.002916], [-66.773476, 18.002916], [-66.773476, 18.002361], [-66.774025, 18.002361], [-66.774025, 18.001806], [-66.774307, 18.001806], [-66.774307, 18.00153], [-66.774582, 18.00153], [-66.774582, 18.001247], [-66.775414, 18.001247], [-66.775414, 18.000973], [-66.775696, 18.000973], [-66.775696, 18.000694], [-66.77597, 18.000694], [-66.77597, 18.000416], [-66.776802, 18.000416], [-66.776802, 18.000137], [-66.777641, 18.000137], [-66.777641, 18.000416], [-66.779861, 18.000416], [-66.779861, 18.000137], [-66.779861, 17.999861], [-66.780975, 17.999861], [-66.780975, 17.999308], [-66.781525, 17.999308], [-66.781525, 17.999025], [-66.781807, 17.999025], [-66.781807, 17.998751], [-66.782082, 17.998751], [-66.782082, 17.998472], [-66.782364, 17.998472], [-66.782364, 17.998194], [-66.782639, 17.998194], [-66.782639, 17.997915], [-66.782913, 17.997915], [-66.782913, 17.99736], [-66.783195, 17.99736], [-66.783195, 17.996529], [-66.783752, 17.996529], [-66.783752, 17.99625], [-66.784027, 17.99625], [-66.784027, 17.995693], [-66.784302, 17.995693], [-66.784302, 17.995417], [-66.784584, 17.995417], [-66.784584, 17.995138], [-66.785141, 17.995138], [-66.785141, 17.994862], [-66.787361, 17.994862], [-66.787361, 17.995138], [-66.787918, 17.995138], [-66.787918, 17.994862], [-66.788193, 17.994862], [-66.788193, 17.994583], [-66.788475, 17.994583], [-66.788475, 17.994305], [-66.78875, 17.994305], [-66.78875, 17.994028], [-66.789024, 17.994028], [-66.789024, 17.99375], [-66.789307, 17.99375], [-66.789307, 17.993471], [-66.789581, 17.993471], [-66.789581, 17.993195], [-66.789864, 17.993195], [-66.789864, 17.992916], [-66.790138, 17.992916], [-66.790138, 17.99264], [-66.790413, 17.99264], [-66.790413, 17.992361], [-66.794029, 17.992361], [-66.794029, 17.99264], [-66.794861, 17.99264], [-66.794861, 17.992916], [-66.795135, 17.992916], [-66.795135, 17.993195], [-66.795418, 17.993195], [-66.795418, 17.993471], [-66.795692, 17.993471], [-66.795692, 17.99375], [-66.796249, 17.99375], [-66.796249, 17.994028], [-66.796806, 17.994028], [-66.796806, 17.994305], [-66.797363, 17.994305], [-66.797363, 17.994028], [-66.79792, 17.994028], [-66.79792, 17.993471], [-66.79847, 17.993471], [-66.79847, 17.993195], [-66.798752, 17.993195], [-66.798752, 17.99264], [-66.799026, 17.99264], [-66.799026, 17.991249], [-66.798752, 17.991249], [-66.798752, 17.990417], [-66.79847, 17.990417], [-66.79847, 17.989305], [-66.798195, 17.989305], [-66.798195, 17.989029], [-66.79792, 17.989029], [-66.79792, 17.987083], [-66.797638, 17.987083], [-66.797638, 17.986805], [-66.797363, 17.986805], [-66.797363, 17.986526], [-66.797081, 17.986526], [-66.797081, 17.98625], [-66.796806, 17.98625], [-66.796806, 17.985971], [-66.796524, 17.985971], [-66.796524, 17.985697], [-66.796249, 17.985697], [-66.796249, 17.985138], [-66.795975, 17.985138], [-66.795975, 17.983749], [-66.796524, 17.983749], [-66.796524, 17.983473], [-66.796806, 17.983473], [-66.796806, 17.982916], [-66.797081, 17.982916], [-66.797081, 17.982361], [-66.797363, 17.982361], [-66.797363, 17.981806], [-66.797638, 17.981806], [-66.797638, 17.981527], [-66.798195, 17.981527], [-66.798195, 17.981251], [-66.799858, 17.981251], [-66.799858, 17.980972], [-66.800697, 17.980972], [-66.800697, 17.981251], [-66.801247, 17.981251], [-66.801247, 17.982361], [-66.801529, 17.982361], [-66.801529, 17.982916], [-66.801804, 17.982916], [-66.801804, 17.983194], [-66.802086, 17.983194], [-66.802086, 17.983473], [-66.802361, 17.983473], [-66.802361, 17.983749], [-66.803474, 17.983749], [-66.803474, 17.984028], [-66.804031, 17.984028], [-66.804031, 17.984304], [-66.805138, 17.984304], [-66.805138, 17.984028], [-66.80542, 17.984028], [-66.80542, 17.983749], [-66.805969, 17.983749], [-66.805969, 17.983473], [-66.806526, 17.983473], [-66.806526, 17.982639], [-66.806808, 17.982639], [-66.806808, 17.982084], [-66.807083, 17.982084], [-66.807083, 17.981251], [-66.807358, 17.981251], [-66.807358, 17.980417], [-66.807083, 17.980417], [-66.807083, 17.980139], [-66.807358, 17.980139], [-66.807358, 17.977917], [-66.807083, 17.977917], [-66.807083, 17.977083], [-66.806808, 17.977083], [-66.806808, 17.976528], [-66.806526, 17.976528], [-66.806526, 17.975973], [-66.806252, 17.975973], [-66.806252, 17.975695], [-66.805695, 17.975695], [-66.805695, 17.975416], [-66.805138, 17.975416], [-66.805138, 17.975695], [-66.804031, 17.975695], [-66.804031, 17.975973], [-66.803474, 17.975973], [-66.803474, 17.976252], [-66.802917, 17.976252], [-66.802917, 17.976528], [-66.802635, 17.976528], [-66.802635, 17.976805], [-66.79792, 17.976805], [-66.79792, 17.976528], [-66.796806, 17.976528], [-66.796806, 17.977083], [-66.795692, 17.977083], [-66.795692, 17.977362], [-66.794304, 17.977362], [-66.794304, 17.977638], [-66.793198, 17.977638], [-66.793198, 17.977917], [-66.792641, 17.977917], [-66.792641, 17.978195], [-66.792358, 17.978195], [-66.792358, 17.978472], [-66.792084, 17.978472], [-66.792084, 17.97875], [-66.791809, 17.97875], [-66.791809, 17.979029], [-66.791252, 17.979029], [-66.791252, 17.979305], [-66.79097, 17.979305], [-66.79097, 17.979584], [-66.790695, 17.979584], [-66.790695, 17.97986], [-66.790413, 17.97986], [-66.790413, 17.980417], [-66.790138, 17.980417], [-66.790138, 17.980694], [-66.789864, 17.980694], [-66.789864, 17.980972], [-66.789581, 17.980972], [-66.789581, 17.981527], [-66.789307, 17.981527], [-66.789307, 17.981806], [-66.789024, 17.981806], [-66.789024, 17.982084], [-66.78875, 17.982084], [-66.78875, 17.982639], [-66.788475, 17.982639], [-66.788475, 17.983194], [-66.788193, 17.983194], [-66.788193, 17.983749], [-66.787918, 17.983749], [-66.787918, 17.984028], [-66.787636, 17.984028], [-66.787636, 17.984583], [-66.787361, 17.984583], [-66.787361, 17.984861], [-66.787086, 17.984861], [-66.787086, 17.985138], [-66.786804, 17.985138], [-66.786804, 17.985697], [-66.78653, 17.985697], [-66.78653, 17.985971], [-66.785973, 17.985971], [-66.785973, 17.98625], [-66.784584, 17.98625], [-66.784584, 17.985971], [-66.784027, 17.985971], [-66.784027, 17.985697], [-66.783752, 17.985697], [-66.783752, 17.985416], [-66.78347, 17.985416], [-66.78347, 17.984861], [-66.783195, 17.984861], [-66.783195, 17.982916], [-66.78347, 17.982916], [-66.78347, 17.982639], [-66.783752, 17.982639], [-66.783752, 17.981251], [-66.783195, 17.981251], [-66.783195, 17.979584], [-66.78347, 17.979584], [-66.78347, 17.979305], [-66.783752, 17.979305], [-66.783752, 17.97875], [-66.784027, 17.97875], [-66.784027, 17.978472], [-66.784302, 17.978472], [-66.784302, 17.978195], [-66.784584, 17.978195], [-66.784584, 17.977638], [-66.784859, 17.977638], [-66.784859, 17.977083], [-66.785141, 17.977083], [-66.785141, 17.976528], [-66.785416, 17.976528], [-66.785416, 17.976252], [-66.785698, 17.976252], [-66.785698, 17.975695], [-66.785973, 17.975695], [-66.785973, 17.975416], [-66.786247, 17.975416], [-66.786247, 17.97514], [-66.78653, 17.97514], [-66.78653, 17.97403], [-66.786804, 17.97403], [-66.786804, 17.972637], [-66.787361, 17.972637], [-66.787361, 17.972361], [-66.787636, 17.972361], [-66.787636, 17.972086], [-66.788193, 17.972086], [-66.788193, 17.971806], [-66.788475, 17.971806], [-66.788475, 17.971525], [-66.789307, 17.971525], [-66.789307, 17.971251], [-66.790138, 17.971251], [-66.790138, 17.970972], [-66.790695, 17.970972], [-66.790695, 17.970694], [-66.791252, 17.970694], [-66.791252, 17.970415], [-66.791527, 17.970415], [-66.791527, 17.970139], [-66.791809, 17.970139], [-66.791809, 17.969862], [-66.792084, 17.969862], [-66.792084, 17.969303], [-66.792641, 17.969303], [-66.792641, 17.969028], [-66.793198, 17.969028], [-66.793198, 17.969303], [-66.796249, 17.969303], [-66.796249, 17.969028], [-66.796524, 17.969028], [-66.796524, 17.96875], [-66.797638, 17.96875], [-66.797638, 17.968472], [-66.799309, 17.968472], [-66.799309, 17.968193], [-66.799858, 17.968193], [-66.799858, 17.967916], [-66.800415, 17.967916], [-66.800415, 17.967638], [-66.800972, 17.967638], [-66.800972, 17.967361], [-66.801247, 17.967361], [-66.801247, 17.967085], [-66.802635, 17.967085], [-66.802635, 17.966806], [-66.803192, 17.966806], [-66.803192, 17.966528], [-66.803749, 17.966528], [-66.803749, 17.966249], [-66.804581, 17.966249], [-66.804581, 17.965973], [-66.80542, 17.965973], [-66.80542, 17.965694], [-66.805969, 17.965694], [-66.805969, 17.965416], [-66.806252, 17.965416], [-66.806252, 17.965694], [-66.80764, 17.965694], [-66.80764, 17.965416], [-66.808197, 17.965416], [-66.808197, 17.965139], [-66.808472, 17.965139], [-66.808472, 17.964863], [-66.808746, 17.964863], [-66.808746, 17.964582], [-66.809029, 17.964582], [-66.809029, 17.964306], [-66.809586, 17.964306], [-66.809586, 17.964027], [-66.80986, 17.964027], [-66.80986, 17.962358], [-66.810417, 17.962358], [-66.810417, 17.962084], [-66.811249, 17.962084], [-66.811249, 17.961805], [-66.811806, 17.961805], [-66.811806, 17.961529], [-66.81208, 17.961529], [-66.81208, 17.96125], [-66.812637, 17.96125], [-66.812637, 17.960972], [-66.813194, 17.960972], [-66.813194, 17.960695], [-66.813469, 17.960695], [-66.813469, 17.960136], [-66.814308, 17.960136], [-66.814308, 17.959026], [-66.814583, 17.959026], [-66.814583, 17.959305], [-66.815414, 17.959305], [-66.815414, 17.959026], [-66.815971, 17.959026], [-66.815971, 17.95875], [-66.816803, 17.95875], [-66.816803, 17.958195], [-66.817085, 17.958195], [-66.817085, 17.957361], [-66.81736, 17.957361], [-66.81736, 17.955973], [-66.817642, 17.955973], [-66.817642, 17.955416], [-66.817917, 17.955416], [-66.817917, 17.954861], [-66.819305, 17.954861], [-66.819305, 17.955139], [-66.819862, 17.955139], [-66.819862, 17.955416], [-66.820969, 17.955416], [-66.820969, 17.955139], [-66.821251, 17.955139], [-66.821251, 17.954861], [-66.822083, 17.954861], [-66.822083, 17.954306], [-66.822365, 17.954306], [-66.822365, 17.954027], [-66.822914, 17.954027], [-66.822914, 17.953472], [-66.823753, 17.953472], [-66.823753, 17.953751], [-66.824028, 17.953751], [-66.824028, 17.954027], [-66.825417, 17.954027], [-66.825417, 17.954861], [-66.826248, 17.954861], [-66.826248, 17.954582], [-66.82653, 17.954582], [-66.82653, 17.953751], [-66.826805, 17.953751], [-66.826805, 17.953194], [-66.827362, 17.953194], [-66.827362, 17.952917], [-66.828476, 17.952917], [-66.828476, 17.953472], [-66.829582, 17.953472], [-66.829582, 17.953194], [-66.829865, 17.953194], [-66.829865, 17.952917], [-66.830139, 17.952917], [-66.830139, 17.952362], [-66.830696, 17.952362], [-66.830696, 17.952084], [-66.830971, 17.952084], [-66.830971, 17.951805], [-66.831253, 17.951805], [-66.831253, 17.951529], [-66.832642, 17.951529], [-66.832642, 17.95125], [-66.833191, 17.95125], [-66.833191, 17.950972], [-66.83403, 17.950972], [-66.83403, 17.950695], [-66.834587, 17.950695], [-66.834587, 17.950417], [-66.834862, 17.950417], [-66.834862, 17.950695], [-66.835419, 17.950695], [-66.835419, 17.950417], [-66.835693, 17.950417], [-66.835693, 17.949862], [-66.835976, 17.949862], [-66.835976, 17.949583], [-66.83625, 17.949583], [-66.83625, 17.950138], [-66.836525, 17.950138], [-66.836525, 17.950417], [-66.837082, 17.950417], [-66.837082, 17.950138], [-66.837639, 17.950138], [-66.837639, 17.949862], [-66.838196, 17.949862], [-66.838196, 17.949583], [-66.83847, 17.949583], [-66.83847, 17.949306], [-66.839584, 17.949306], [-66.839584, 17.949862], [-66.841248, 17.949862], [-66.841248, 17.950138], [-66.841805, 17.950138], [-66.841805, 17.950417], [-66.844025, 17.950417], [-66.844025, 17.949862], [-66.845413, 17.949862], [-66.845413, 17.950138], [-66.845139, 17.950138], [-66.845139, 17.95125], [-66.844864, 17.95125], [-66.844864, 17.951529], [-66.845139, 17.951529], [-66.845139, 17.951805], [-66.845413, 17.951805], [-66.845413, 17.952362], [-66.845695, 17.952362], [-66.845695, 17.952639], [-66.848198, 17.952639], [-66.848198, 17.952362], [-66.84903, 17.952362], [-66.84903, 17.952639], [-66.849861, 17.952639], [-66.849861, 17.952917], [-66.850136, 17.952917], [-66.850136, 17.953194], [-66.852913, 17.953194], [-66.852913, 17.954254], [-66.852913, 17.954582], [-66.853195, 17.954582], [-66.853195, 17.954861], [-66.85347, 17.954861], [-66.85347, 17.955139], [-66.853752, 17.955139], [-66.853752, 17.955416], [-66.854027, 17.955416], [-66.854027, 17.955694], [-66.854584, 17.955694], [-66.854584, 17.955973], [-66.854858, 17.955973], [-66.854858, 17.955694], [-66.857361, 17.955694], [-66.857361, 17.955139], [-66.857635, 17.955139], [-66.857635, 17.954861], [-66.858475, 17.954861], [-66.858475, 17.954582], [-66.859024, 17.954582], [-66.859024, 17.954306], [-66.859123, 17.954306], [-66.859306, 17.954306], [-66.859306, 17.954027], [-66.859863, 17.954027], [-66.859863, 17.953751], [-66.86042, 17.953751], [-66.86042, 17.953472], [-66.860695, 17.953472], [-66.860695, 17.953194], [-66.86097, 17.953194], [-66.86097, 17.952917], [-66.861526, 17.952917], [-66.861526, 17.952639], [-66.861809, 17.952639], [-66.861809, 17.952084], [-66.862083, 17.952084], [-66.862083, 17.951805], [-66.862358, 17.951805], [-66.862358, 17.95125], [-66.86264, 17.95125], [-66.86264, 17.950695], [-66.862915, 17.950695], [-66.862915, 17.950138], [-66.863197, 17.950138], [-66.863197, 17.947639], [-66.862915, 17.947639], [-66.862915, 17.947359], [-66.863197, 17.947359], [-66.863197, 17.945694], [-66.863472, 17.945694], [-66.863472, 17.945415], [-66.864029, 17.945415], [-66.864029, 17.945139], [-66.865417, 17.945139], [-66.865417, 17.94486], [-66.865692, 17.94486], [-66.865692, 17.943472], [-66.866249, 17.943472], [-66.866249, 17.943195], [-66.866531, 17.943195], [-66.866531, 17.943472], [-66.867363, 17.943472], [-66.867363, 17.94375], [-66.869026, 17.94375], [-66.869026, 17.944027], [-66.869308, 17.944027], [-66.869308, 17.944584], [-66.869858, 17.944584], [-66.869858, 17.945139], [-66.869026, 17.945139], [-66.869026, 17.945415], [-66.868469, 17.945415], [-66.868469, 17.945694], [-66.868195, 17.945694], [-66.868195, 17.945972], [-66.86792, 17.945972], [-66.86792, 17.946251], [-66.867638, 17.946251], [-66.867638, 17.946529], [-66.867363, 17.946529], [-66.867363, 17.947359], [-66.868195, 17.947359], [-66.868195, 17.947639], [-66.868469, 17.947639], [-66.868469, 17.948195], [-66.868752, 17.948195], [-66.868752, 17.94903], [-66.869026, 17.94903], [-66.869026, 17.949583], [-66.869308, 17.949583], [-66.869308, 17.949862], [-66.869583, 17.949862], [-66.869583, 17.950138], [-66.869858, 17.950138], [-66.869858, 17.950417], [-66.870415, 17.950417], [-66.870415, 17.950695], [-66.870972, 17.950695], [-66.870972, 17.950972], [-66.871246, 17.950972], [-66.871246, 17.95125], [-66.871529, 17.95125], [-66.871529, 17.951529], [-66.871803, 17.951529], [-66.871803, 17.952084], [-66.87236, 17.952084], [-66.87236, 17.951805], [-66.872643, 17.951805], [-66.872643, 17.95125], [-66.872917, 17.95125], [-66.872917, 17.950417], [-66.873192, 17.950417], [-66.873192, 17.949862], [-66.873474, 17.949862], [-66.873474, 17.949583], [-66.873749, 17.949583], [-66.873749, 17.949306], [-66.874306, 17.949306], [-66.874306, 17.94903], [-66.87458, 17.94903], [-66.87458, 17.948748], [-66.875137, 17.948748], [-66.875137, 17.948473], [-66.875969, 17.948473], [-66.875969, 17.947918], [-66.876808, 17.947918], [-66.876808, 17.947639], [-66.877083, 17.947639], [-66.877083, 17.947359], [-66.877357, 17.947359], [-66.877357, 17.947083], [-66.878471, 17.947083], [-66.878471, 17.947359], [-66.878754, 17.947359], [-66.878754, 17.947639], [-66.879028, 17.947639], [-66.879028, 17.947918], [-66.879303, 17.947918], [-66.879303, 17.948195], [-66.879585, 17.948195], [-66.879585, 17.948473], [-66.879303, 17.948473], [-66.879303, 17.948748], [-66.879028, 17.948748], [-66.879028, 17.949306], [-66.878754, 17.949306], [-66.878754, 17.950138], [-66.878471, 17.950138], [-66.878471, 17.95125], [-66.878754, 17.95125], [-66.878754, 17.951529], [-66.879585, 17.951529], [-66.879585, 17.951805], [-66.880142, 17.951805], [-66.880142, 17.952084], [-66.880692, 17.952084], [-66.880692, 17.952362], [-66.881531, 17.952362], [-66.881531, 17.952639], [-66.882362, 17.952639], [-66.882362, 17.952917], [-66.882637, 17.952917], [-66.882637, 17.952639], [-66.884026, 17.952639], [-66.884026, 17.952362], [-66.884308, 17.952362], [-66.884308, 17.952084], [-66.884583, 17.952084], [-66.884583, 17.951805], [-66.885139, 17.951805], [-66.885139, 17.951529], [-66.885414, 17.951529], [-66.885414, 17.95125], [-66.886253, 17.95125], [-66.886253, 17.950972], [-66.889862, 17.950972], [-66.889862, 17.950695], [-66.891525, 17.950695], [-66.891525, 17.950972], [-66.892082, 17.950972], [-66.892082, 17.95125], [-66.892365, 17.95125], [-66.892365, 17.950972], [-66.892639, 17.950972], [-66.892639, 17.950138], [-66.892914, 17.950138], [-66.892914, 17.949862], [-66.893753, 17.949862], [-66.893753, 17.949583], [-66.895142, 17.949583], [-66.895142, 17.949306], [-66.895691, 17.949306], [-66.895691, 17.94903], [-66.897087, 17.94903], [-66.897087, 17.949306], [-66.897362, 17.949306], [-66.897362, 17.94903], [-66.897919, 17.94903], [-66.897919, 17.948748], [-66.898193, 17.948748], [-66.898193, 17.948473], [-66.898476, 17.948473], [-66.898476, 17.948195], [-66.900414, 17.948195], [-66.900414, 17.948473], [-66.900696, 17.948473], [-66.900696, 17.948748], [-66.901527, 17.948748], [-66.901527, 17.948473], [-66.902641, 17.948473], [-66.902641, 17.948748], [-66.903198, 17.948748], [-66.903198, 17.94903], [-66.903473, 17.94903], [-66.903473, 17.949306], [-66.903748, 17.949306], [-66.903748, 17.949583], [-66.90403, 17.949583], [-66.90403, 17.949862], [-66.904587, 17.949862], [-66.904587, 17.950695], [-66.904861, 17.950695], [-66.904861, 17.950972], [-66.904587, 17.950972], [-66.904587, 17.952084], [-66.904305, 17.952084], [-66.904305, 17.952917], [-66.904861, 17.952917], [-66.904861, 17.953194], [-66.905693, 17.953194], [-66.905693, 17.953751], [-66.905975, 17.953751], [-66.905975, 17.954027], [-66.90625, 17.954027], [-66.90625, 17.955139], [-66.906525, 17.955139], [-66.906525, 17.955694], [-66.906807, 17.955694], [-66.906807, 17.957361], [-66.907082, 17.957361], [-66.907082, 17.958195], [-66.907364, 17.958195], [-66.907364, 17.959583], [-66.907082, 17.959583], [-66.907082, 17.961805], [-66.906525, 17.961805], [-66.906525, 17.962358], [-66.90625, 17.962358], [-66.90625, 17.962917], [-66.905975, 17.962917], [-66.905975, 17.964863], [-66.90625, 17.964863], [-66.90625, 17.964582], [-66.908752, 17.964582], [-66.908752, 17.964306], [-66.909584, 17.964306], [-66.909584, 17.964027], [-66.910141, 17.964027], [-66.910141, 17.963751], [-66.910698, 17.963751], [-66.910698, 17.963472], [-66.910973, 17.963472], [-66.910973, 17.963194], [-66.911247, 17.963194], [-66.911247, 17.963472], [-66.912361, 17.963472], [-66.912361, 17.963751], [-66.912636, 17.963751], [-66.912636, 17.964027], [-66.912918, 17.964027], [-66.912918, 17.964306], [-66.913193, 17.964306], [-66.913193, 17.964582], [-66.914024, 17.964582], [-66.914024, 17.964863], [-66.915138, 17.964863], [-66.915138, 17.965139], [-66.915695, 17.965139], [-66.915695, 17.965416], [-66.916252, 17.965416], [-66.916252, 17.965694], [-66.917358, 17.965694], [-66.917358, 17.965973], [-66.917641, 17.965973], [-66.917641, 17.966528], [-66.917915, 17.966528], [-66.917915, 17.966806], [-66.919029, 17.966806], [-66.919029, 17.966528], [-66.920135, 17.966528], [-66.920135, 17.967085], [-66.920418, 17.967085], [-66.920418, 17.968193], [-66.920135, 17.968193], [-66.920135, 17.968472], [-66.920418, 17.968472], [-66.920418, 17.969028], [-66.920692, 17.969028], [-66.920692, 17.969862], [-66.920975, 17.969862], [-66.920975, 17.970139], [-66.921806, 17.970139], [-66.921806, 17.970415], [-66.922081, 17.970415], [-66.922081, 17.970694], [-66.922363, 17.970694], [-66.922363, 17.970972], [-66.92292, 17.970972], [-66.92292, 17.971251], [-66.92347, 17.971251], [-66.92347, 17.971525], [-66.923752, 17.971525], [-66.923752, 17.971806], [-66.924026, 17.971806], [-66.924026, 17.972086], [-66.924858, 17.972086], [-66.924858, 17.972361], [-66.926247, 17.972361], [-66.926247, 17.972086], [-66.926529, 17.972086], [-66.926529, 17.971806], [-66.927086, 17.971806], [-66.927086, 17.971251], [-66.927361, 17.971251], [-66.927361, 17.970694], [-66.927917, 17.970694], [-66.927917, 17.969584], [-66.928192, 17.969584], [-66.928192, 17.96875], [-66.927917, 17.96875], [-66.927917, 17.967916], [-66.927635, 17.967916], [-66.927635, 17.967638], [-66.927361, 17.967638], [-66.927361, 17.967085], [-66.927086, 17.967085], [-66.927086, 17.966806], [-66.926529, 17.966806], [-66.926529, 17.966528], [-66.925972, 17.966528], [-66.925972, 17.966249], [-66.92514, 17.966249], [-66.92514, 17.965973], [-66.924858, 17.965973], [-66.924858, 17.965139], [-66.92514, 17.965139], [-66.92514, 17.964027], [-66.925415, 17.964027], [-66.925415, 17.964306], [-66.925972, 17.964306], [-66.925972, 17.964582], [-66.926529, 17.964582], [-66.926529, 17.964863], [-66.927917, 17.964863], [-66.927917, 17.964306], [-66.928192, 17.964306], [-66.928192, 17.963751], [-66.929031, 17.963751], [-66.929031, 17.963472], [-66.929863, 17.963472], [-66.929863, 17.963194], [-66.93042, 17.963194], [-66.93042, 17.962641], [-66.930695, 17.962641], [-66.930695, 17.962084], [-66.93042, 17.962084], [-66.93042, 17.961805], [-66.929306, 17.961805], [-66.929306, 17.962084], [-66.927086, 17.962084], [-66.927086, 17.962641], [-66.926247, 17.962641], [-66.926247, 17.962358], [-66.922638, 17.962358], [-66.922638, 17.961805], [-66.922081, 17.961805], [-66.922081, 17.961529], [-66.920975, 17.961529], [-66.920975, 17.96125], [-66.920135, 17.96125], [-66.920135, 17.960972], [-66.919861, 17.960972], [-66.919861, 17.960695], [-66.919304, 17.960695], [-66.919304, 17.960419], [-66.918747, 17.960419], [-66.918747, 17.960136], [-66.917358, 17.960136], [-66.917358, 17.959862], [-66.916809, 17.959862], [-66.916809, 17.959583], [-66.91597, 17.959583], [-66.91597, 17.959305], [-66.915413, 17.959305], [-66.915413, 17.959026], [-66.915138, 17.959026], [-66.915138, 17.95875], [-66.914864, 17.95875], [-66.914864, 17.958471], [-66.914581, 17.958471], [-66.914581, 17.958195], [-66.914307, 17.958195], [-66.914307, 17.957914], [-66.91375, 17.957914], [-66.91375, 17.95764], [-66.913475, 17.95764], [-66.913475, 17.957361], [-66.913193, 17.957361], [-66.913193, 17.957083], [-66.912636, 17.957083], [-66.912636, 17.956528], [-66.912361, 17.956528], [-66.912361, 17.956249], [-66.912086, 17.956249], [-66.912086, 17.955973], [-66.911804, 17.955973], [-66.911804, 17.955694], [-66.91153, 17.955694], [-66.91153, 17.955416], [-66.910698, 17.955416], [-66.910698, 17.954861], [-66.910141, 17.954861], [-66.910141, 17.954306], [-66.909584, 17.954306], [-66.909584, 17.953194], [-66.909302, 17.953194], [-66.909302, 17.952639], [-66.909027, 17.952639], [-66.909027, 17.950417], [-66.908752, 17.950417], [-66.908752, 17.950138], [-66.909027, 17.950138], [-66.909027, 17.949306], [-66.909302, 17.949306], [-66.909302, 17.94903], [-66.909584, 17.94903], [-66.909584, 17.948748], [-66.909859, 17.948748], [-66.909859, 17.948473], [-66.910973, 17.948473], [-66.910973, 17.948195], [-66.91153, 17.948195], [-66.91153, 17.947918], [-66.911804, 17.947918], [-66.911804, 17.947359], [-66.91153, 17.947359], [-66.91153, 17.947083], [-66.911804, 17.947083], [-66.911804, 17.946808], [-66.913475, 17.946808], [-66.913475, 17.946529], [-66.914307, 17.946529], [-66.914307, 17.946251], [-66.916252, 17.946251], [-66.916252, 17.945972], [-66.916527, 17.945972], [-66.916527, 17.945694], [-66.916809, 17.945694], [-66.916809, 17.945139], [-66.917084, 17.945139], [-66.917084, 17.94486], [-66.917915, 17.94486], [-66.917915, 17.944584], [-66.918198, 17.944584], [-66.918198, 17.944305], [-66.918747, 17.944305], [-66.918747, 17.944027], [-66.919029, 17.944027], [-66.919029, 17.94375], [-66.919304, 17.94375], [-66.919304, 17.943472], [-66.920135, 17.943472], [-66.920135, 17.94375], [-66.921524, 17.94375], [-66.921524, 17.944027], [-66.922081, 17.944027], [-66.922081, 17.944305], [-66.922363, 17.944305], [-66.922363, 17.944584], [-66.92292, 17.944584], [-66.92292, 17.944305], [-66.923195, 17.944305], [-66.923195, 17.944027], [-66.925697, 17.944027], [-66.925697, 17.94375], [-66.926247, 17.94375], [-66.926247, 17.943472], [-66.926529, 17.943472], [-66.926529, 17.943195], [-66.927086, 17.943195], [-66.927086, 17.942917], [-66.927917, 17.942917], [-66.927917, 17.943195], [-66.928474, 17.943195], [-66.928474, 17.943472], [-66.929581, 17.943472], [-66.929581, 17.943195], [-66.930138, 17.943195], [-66.930138, 17.942917], [-66.930695, 17.942917], [-66.930695, 17.942638], [-66.930969, 17.942638], [-66.930969, 17.942362], [-66.931252, 17.942362], [-66.931252, 17.942083], [-66.931526, 17.942083], [-66.931526, 17.941528], [-66.931808, 17.941528], [-66.931808, 17.940695], [-66.932083, 17.940695], [-66.932083, 17.938473], [-66.931808, 17.938473], [-66.931808, 17.937916], [-66.931526, 17.937916], [-66.931526, 17.937639], [-66.93042, 17.937639], [-66.93042, 17.937363], [-66.928474, 17.937363], [-66.928474, 17.937084], [-66.928192, 17.937084], [-66.928192, 17.937363], [-66.927635, 17.937363], [-66.927635, 17.937084], [-66.927361, 17.937084], [-66.927361, 17.936806], [-66.927086, 17.936806], [-66.927086, 17.936527], [-66.926804, 17.936527], [-66.926804, 17.935694], [-66.926529, 17.935694], [-66.926529, 17.935417], [-66.925972, 17.935417], [-66.925972, 17.935141], [-66.924858, 17.935141], [-66.924858, 17.934858], [-66.924583, 17.934858], [-66.924583, 17.934584], [-66.924309, 17.934584], [-66.924309, 17.934305], [-66.923195, 17.934305], [-66.923195, 17.934029], [-66.922363, 17.934029], [-66.922363, 17.933748], [-66.919586, 17.933748], [-66.919586, 17.933195], [-66.919304, 17.933195], [-66.919304, 17.932919], [-66.918747, 17.932919], [-66.918747, 17.932083], [-66.919029, 17.932083], [-66.919029, 17.931526], [-66.919304, 17.931526], [-66.919304, 17.930973], [-66.919586, 17.930973], [-66.919586, 17.930695], [-66.920135, 17.930695], [-66.920135, 17.930414], [-66.920418, 17.930414], [-66.920418, 17.93014], [-66.920692, 17.93014], [-66.920692, 17.929861], [-66.921249, 17.929861], [-66.921249, 17.929583], [-66.921524, 17.929583], [-66.921524, 17.929304], [-66.922081, 17.929304], [-66.922081, 17.929028], [-66.922363, 17.929028], [-66.922363, 17.927917], [-66.922638, 17.927917], [-66.922638, 17.927361], [-66.92292, 17.927361], [-66.92292, 17.927082], [-66.923195, 17.927082], [-66.923195, 17.926805], [-66.923752, 17.926805], [-66.923752, 17.92625], [-66.927086, 17.92625], [-66.927086, 17.926527], [-66.927635, 17.926527], [-66.927635, 17.927361], [-66.927917, 17.927361], [-66.927917, 17.927639], [-66.928474, 17.927639], [-66.928474, 17.927917], [-66.929863, 17.927917], [-66.929863, 17.927639], [-66.930969, 17.927639], [-66.930969, 17.927917], [-66.932083, 17.927917], [-66.932083, 17.928192], [-66.932915, 17.928192], [-66.932915, 17.928473], [-66.93264, 17.928473], [-66.93264, 17.929583], [-66.932915, 17.929583], [-66.932915, 17.93014], [-66.933746, 17.93014], [-66.933746, 17.930414], [-66.934303, 17.930414], [-66.934303, 17.930695], [-66.934586, 17.930695], [-66.934586, 17.930973], [-66.93486, 17.930973], [-66.93486, 17.93125], [-66.935417, 17.93125], [-66.935417, 17.931526], [-66.935692, 17.931526], [-66.935692, 17.931805], [-66.936249, 17.931805], [-66.936249, 17.932083], [-66.936531, 17.932083], [-66.936531, 17.932362], [-66.939026, 17.932362], [-66.939026, 17.932636], [-66.940971, 17.932636], [-66.940971, 17.932919], [-66.94236, 17.932919], [-66.94236, 17.933195], [-66.945419, 17.933195], [-66.945419, 17.932919], [-66.946251, 17.932919], [-66.946251, 17.932636], [-66.946526, 17.932636], [-66.946526, 17.932919], [-66.946808, 17.932919], [-66.946808, 17.933195], [-66.947083, 17.933195], [-66.947083, 17.933748], [-66.947365, 17.933748], [-66.947365, 17.934029], [-66.948196, 17.934029], [-66.948196, 17.933748], [-66.948753, 17.933748], [-66.948753, 17.933195], [-66.949028, 17.933195], [-66.949028, 17.932636], [-66.949585, 17.932636], [-66.949585, 17.932362], [-66.950417, 17.932362], [-66.950417, 17.931805], [-66.950691, 17.931805], [-66.950691, 17.932083], [-66.950974, 17.932083], [-66.950974, 17.932362], [-66.95153, 17.932362], [-66.95153, 17.932636], [-66.952637, 17.932636], [-66.952637, 17.932362], [-66.953751, 17.932362], [-66.953751, 17.932083], [-66.954025, 17.932083], [-66.954025, 17.931805], [-66.954308, 17.931805], [-66.954308, 17.931526], [-66.954582, 17.931526], [-66.954582, 17.93125], [-66.955139, 17.93125], [-66.955139, 17.930973], [-66.955414, 17.930973], [-66.955414, 17.930695], [-66.955696, 17.930695], [-66.955696, 17.930414], [-66.957359, 17.930414], [-66.957359, 17.932362], [-66.957085, 17.932362], [-66.957085, 17.932919], [-66.956802, 17.932919], [-66.956802, 17.933748], [-66.956528, 17.933748], [-66.956528, 17.934029], [-66.956802, 17.934029], [-66.956802, 17.935417], [-66.956253, 17.935417], [-66.956253, 17.935694], [-66.955971, 17.935694], [-66.955971, 17.935972], [-66.955414, 17.935972], [-66.955414, 17.936527], [-66.954865, 17.936527], [-66.954865, 17.937084], [-66.955139, 17.937084], [-66.955139, 17.937916], [-66.954865, 17.937916], [-66.954865, 17.938194], [-66.955414, 17.938194], [-66.955414, 17.938473], [-66.955696, 17.938473], [-66.955696, 17.938749], [-66.956253, 17.938749], [-66.956253, 17.939028], [-66.956528, 17.939028], [-66.956528, 17.939306], [-66.957359, 17.939306], [-66.957359, 17.939028], [-66.957642, 17.939028], [-66.957642, 17.938749], [-66.95903, 17.938749], [-66.95903, 17.939306], [-66.959305, 17.939306], [-66.959305, 17.939583], [-66.959862, 17.939583], [-66.959862, 17.94014], [-66.960136, 17.94014], [-66.960136, 17.940695], [-66.960419, 17.940695], [-66.960419, 17.940971], [-66.961525, 17.940971], [-66.961525, 17.94125], [-66.96347, 17.94125], [-66.96347, 17.940695], [-66.963753, 17.940695], [-66.963753, 17.942083], [-66.964027, 17.942083], [-66.964027, 17.942638], [-66.963753, 17.942638], [-66.963753, 17.943472], [-66.964027, 17.943472], [-66.964027, 17.94375], [-66.965973, 17.94375], [-66.965973, 17.944305], [-66.965698, 17.944305], [-66.965698, 17.944584], [-66.965416, 17.944584], [-66.965416, 17.945415], [-66.965698, 17.945415], [-66.965698, 17.945694], [-66.965973, 17.945694], [-66.965973, 17.945972], [-66.96653, 17.945972], [-66.96653, 17.946251], [-66.967636, 17.946251], [-66.967636, 17.946529], [-66.96875, 17.946529], [-66.96875, 17.946808], [-66.969582, 17.946808], [-66.969582, 17.947083], [-66.970139, 17.947083], [-66.970139, 17.947359], [-66.970695, 17.947359], [-66.970695, 17.947639], [-66.97097, 17.947639], [-66.97097, 17.948195], [-66.970695, 17.948195], [-66.970695, 17.949306], [-66.97097, 17.949306], [-66.97097, 17.949583], [-66.971252, 17.949583], [-66.971252, 17.949862], [-66.971802, 17.949862], [-66.971802, 17.949583], [-66.972084, 17.949583], [-66.972084, 17.949306], [-66.972359, 17.949306], [-66.972359, 17.94903], [-66.974586, 17.94903], [-66.974586, 17.949306], [-66.975136, 17.949306], [-66.975136, 17.949583], [-66.975418, 17.949583], [-66.975418, 17.949862], [-66.977638, 17.949862], [-66.977638, 17.950138], [-66.977913, 17.950138], [-66.977913, 17.950417], [-66.978195, 17.950417], [-66.978195, 17.950695], [-66.978752, 17.950695], [-66.978752, 17.950972], [-66.979027, 17.950972], [-66.979027, 17.95125], [-66.981804, 17.95125], [-66.981804, 17.951572], [-66.981804, 17.95175], [-66.981804, 17.953194], [-66.982086, 17.953194], [-66.982086, 17.953472], [-66.982635, 17.953472], [-66.982635, 17.953751], [-66.982361, 17.953751], [-66.982361, 17.954027], [-66.982635, 17.954027], [-66.982635, 17.954861], [-66.982361, 17.954861], [-66.982361, 17.955416], [-66.982635, 17.955416], [-66.982635, 17.956804], [-66.982918, 17.956804], [-66.982918, 17.958195], [-66.982635, 17.958195], [-66.982635, 17.95875], [-66.982361, 17.95875], [-66.982361, 17.959026], [-66.982086, 17.959026], [-66.982086, 17.959305], [-66.981529, 17.959305], [-66.981529, 17.959583], [-66.981804, 17.959583], [-66.981804, 17.960136], [-66.982086, 17.960136], [-66.982086, 17.960695], [-66.982361, 17.960695], [-66.982361, 17.960972], [-66.982918, 17.960972], [-66.982918, 17.96125], [-66.984024, 17.96125], [-66.984024, 17.960972], [-66.984581, 17.960972], [-66.984581, 17.960695], [-66.985138, 17.960695], [-66.985138, 17.960972], [-66.98542, 17.960972], [-66.98542, 17.961529], [-66.985138, 17.961529], [-66.985138, 17.961805], [-66.984581, 17.961805], [-66.984581, 17.962084], [-66.984306, 17.962084], [-66.984306, 17.962358], [-66.984581, 17.962358], [-66.984581, 17.963194], [-66.984306, 17.963194], [-66.984306, 17.964027], [-66.984581, 17.964027], [-66.984581, 17.964306], [-66.985138, 17.964306], [-66.985138, 17.964027], [-66.98542, 17.964027], [-66.98542, 17.963751], [-66.985138, 17.963751], [-66.985138, 17.963472], [-66.98542, 17.963472], [-66.98542, 17.963194], [-66.98597, 17.963194], [-66.98597, 17.962917], [-66.986526, 17.962917], [-66.986526, 17.962358], [-66.987083, 17.962358], [-66.987083, 17.962917], [-66.987358, 17.962917], [-66.987358, 17.964027], [-66.986809, 17.964027], [-66.986809, 17.964306], [-66.986526, 17.964306], [-66.986526, 17.964863], [-66.98597, 17.964863], [-66.98597, 17.965139], [-66.985695, 17.965139], [-66.985695, 17.965416], [-66.98542, 17.965416], [-66.98542, 17.965694], [-66.985138, 17.965694], [-66.985138, 17.967085], [-66.98542, 17.967085], [-66.98542, 17.967361], [-66.985695, 17.967361], [-66.985695, 17.967916], [-66.98597, 17.967916], [-66.98597, 17.968193], [-66.986252, 17.968193], [-66.986252, 17.968472], [-66.986526, 17.968472], [-66.986526, 17.969028], [-66.986809, 17.969028], [-66.986809, 17.969303], [-66.987083, 17.969303], [-66.987083, 17.969584], [-66.987358, 17.969584], [-66.987358, 17.969862], [-66.98764, 17.969862], [-66.98764, 17.970139], [-66.987915, 17.970139], [-66.987915, 17.970415], [-66.988472, 17.970415], [-66.988472, 17.970694], [-66.989304, 17.970694], [-66.989304, 17.970972], [-66.991531, 17.970972], [-66.991531, 17.970415], [-66.991806, 17.970415], [-66.991806, 17.970139], [-66.992081, 17.970139], [-66.992081, 17.969862], [-66.992363, 17.969862], [-66.992363, 17.969584], [-66.992638, 17.969584], [-66.992638, 17.969862], [-66.99292, 17.969862], [-66.99292, 17.970139], [-66.993195, 17.970139], [-66.993195, 17.971525], [-66.993469, 17.971525], [-66.993469, 17.971806], [-66.994026, 17.971806], [-66.994026, 17.971525], [-66.994308, 17.971525], [-66.994308, 17.971251], [-66.994583, 17.971251], [-66.994583, 17.970139], [-66.995972, 17.970139], [-66.995972, 17.970415], [-66.996246, 17.970415], [-66.996246, 17.970972], [-66.995972, 17.970972], [-66.995972, 17.972361], [-66.996529, 17.972361], [-66.996529, 17.972086], [-66.996803, 17.972086], [-66.996803, 17.971806], [-66.997086, 17.971806], [-66.997086, 17.970415], [-66.998474, 17.970415], [-66.998474, 17.970139], [-66.998749, 17.970139], [-66.998749, 17.969862], [-66.999306, 17.969862], [-66.999306, 17.969584], [-66.99958, 17.969584], [-66.99958, 17.970972], [-66.999863, 17.970972], [-66.999863, 17.971806], [-67.000137, 17.971806], [-67.00042, 17.971806], [-67.00042, 17.971525], [-67.000694, 17.971525], [-67.000694, 17.971251], [-67.001251, 17.971251], [-67.001251, 17.970972], [-67.001808, 17.970972], [-67.001808, 17.970694], [-67.002357, 17.970694], [-67.002357, 17.970415], [-67.00264, 17.970415], [-67.00264, 17.970694], [-67.003471, 17.970694], [-67.003471, 17.970972], [-67.003754, 17.970972], [-67.003754, 17.969862], [-67.003197, 17.969862], [-67.003197, 17.969028], [-67.00264, 17.969028], [-67.00264, 17.969303], [-67.001251, 17.969303], [-67.001251, 17.969028], [-67.000694, 17.969028], [-67.000694, 17.967638], [-67.000969, 17.967638], [-67.000969, 17.967085], [-67.001808, 17.967085], [-67.001808, 17.966528], [-67.002357, 17.966528], [-67.002357, 17.967085], [-67.00264, 17.967085], [-67.00264, 17.967361], [-67.003197, 17.967361], [-67.003197, 17.967638], [-67.003471, 17.967638], [-67.003471, 17.967085], [-67.003754, 17.967085], [-67.003754, 17.966806], [-67.003471, 17.966806], [-67.003471, 17.966528], [-67.003197, 17.966528], [-67.003197, 17.966249], [-67.002914, 17.966249], [-67.002914, 17.965973], [-67.002357, 17.965973], [-67.002357, 17.965694], [-67.002083, 17.965694], [-67.002083, 17.965416], [-67.001526, 17.965416], [-67.001526, 17.964863], [-67.001251, 17.964863], [-67.001251, 17.964306], [-67.000969, 17.964306], [-67.000969, 17.964027], [-67.000694, 17.964027], [-67.000694, 17.963194], [-67.00042, 17.963194], [-67.00042, 17.962084], [-67.000694, 17.962084], [-67.000694, 17.96125], [-67.000969, 17.96125], [-67.000969, 17.960972], [-67.001526, 17.960972], [-67.001526, 17.960695], [-67.001808, 17.960695], [-67.001808, 17.960419], [-67.002083, 17.960419], [-67.002083, 17.960136], [-67.003197, 17.960136], [-67.003197, 17.960419], [-67.003754, 17.960419], [-67.003754, 17.960695], [-67.004028, 17.960695], [-67.004028, 17.960972], [-67.004585, 17.960972], [-67.004585, 17.96125], [-67.005417, 17.96125], [-67.005417, 17.961529], [-67.005692, 17.961529], [-67.005692, 17.961805], [-67.006248, 17.961805], [-67.006248, 17.963194], [-67.006805, 17.963194], [-67.006805, 17.963472], [-67.00708, 17.963472], [-67.00708, 17.963751], [-67.007362, 17.963751], [-67.007362, 17.964027], [-67.007637, 17.964027], [-67.007637, 17.964306], [-67.008194, 17.964306], [-67.008194, 17.964582], [-67.008751, 17.964582], [-67.008751, 17.964306], [-67.009026, 17.964306], [-67.009026, 17.963472], [-67.008751, 17.963472], [-67.008751, 17.960972], [-67.009026, 17.960972], [-67.009026, 17.960419], [-67.009308, 17.960419], [-67.009308, 17.960695], [-67.009865, 17.960695], [-67.009865, 17.960972], [-67.010139, 17.960972], [-67.010139, 17.962358], [-67.009865, 17.962358], [-67.009865, 17.962641], [-67.010139, 17.962641], [-67.010139, 17.963194], [-67.010414, 17.963194], [-67.010414, 17.964306], [-67.010696, 17.964306], [-67.010696, 17.964582], [-67.010414, 17.964582], [-67.010414, 17.964863], [-67.010696, 17.964863], [-67.010696, 17.965139], [-67.010971, 17.965139], [-67.010971, 17.965416], [-67.011253, 17.965416], [-67.011253, 17.965973], [-67.011803, 17.965973], [-67.011803, 17.966249], [-67.01236, 17.966249], [-67.01236, 17.966806], [-67.013191, 17.966806], [-67.013191, 17.967085], [-67.013748, 17.967085], [-67.013748, 17.967361], [-67.014305, 17.967361], [-67.014305, 17.967916], [-67.014862, 17.967916], [-67.014862, 17.968472], [-67.015419, 17.968472], [-67.015419, 17.969303], [-67.015137, 17.969303], [-67.015137, 17.969862], [-67.014862, 17.969862], [-67.014862, 17.970139], [-67.01458, 17.970139], [-67.01458, 17.970694], [-67.013748, 17.970694], [-67.013748, 17.970972], [-67.012917, 17.970972], [-67.012917, 17.971251], [-67.011803, 17.971251], [-67.011803, 17.971525], [-67.011253, 17.971525], [-67.011253, 17.972637], [-67.011528, 17.972637], [-67.011528, 17.972919], [-67.01236, 17.972919], [-67.01236, 17.973194], [-67.012642, 17.973194], [-67.012642, 17.972919], [-67.013191, 17.972919], [-67.013191, 17.973194], [-67.014305, 17.973194], [-67.014305, 17.973473], [-67.015419, 17.973473], [-67.015419, 17.973194], [-67.015976, 17.973194], [-67.015976, 17.972919], [-67.016251, 17.972919], [-67.016251, 17.972361], [-67.015976, 17.972361], [-67.015976, 17.972086], [-67.016251, 17.972086], [-67.016251, 17.970694], [-67.015976, 17.970694], [-67.015976, 17.969862], [-67.016251, 17.969862], [-67.016251, 17.969303], [-67.016525, 17.969303], [-67.016525, 17.969028], [-67.016808, 17.969028], [-67.016808, 17.96875], [-67.018471, 17.96875], [-67.018471, 17.968193], [-67.018753, 17.968193], [-67.018753, 17.967916], [-67.019028, 17.967916], [-67.019028, 17.967361], [-67.021248, 17.967361], [-67.021248, 17.967638], [-67.022919, 17.967638], [-67.022919, 17.968193], [-67.023193, 17.968193], [-67.023193, 17.96875], [-67.023476, 17.96875], [-67.023476, 17.969584], [-67.02375, 17.969584], [-67.02375, 17.970139], [-67.024025, 17.970139], [-67.024025, 17.970415], [-67.024582, 17.970415], [-67.024582, 17.970694], [-67.025139, 17.970694], [-67.025139, 17.971251], [-67.026253, 17.971251], [-67.026253, 17.971525], [-67.026527, 17.971525], [-67.026527, 17.971806], [-67.027359, 17.971806], [-67.027359, 17.971525], [-67.028748, 17.971525], [-67.028748, 17.970972], [-67.02903, 17.970972], [-67.02903, 17.971251], [-67.030975, 17.971251], [-67.030975, 17.971525], [-67.03125, 17.971525], [-67.03125, 17.971251], [-67.032082, 17.971251], [-67.032082, 17.970972], [-67.032639, 17.970972], [-67.032639, 17.970694], [-67.033752, 17.970694], [-67.033752, 17.971251], [-67.034302, 17.971251], [-67.034302, 17.971525], [-67.034859, 17.971525], [-67.034859, 17.972637], [-67.035141, 17.972637], [-67.035141, 17.972919], [-67.035416, 17.972919], [-67.035416, 17.973194], [-67.036247, 17.973194], [-67.036247, 17.972919], [-67.03653, 17.972919], [-67.03653, 17.972637], [-67.037361, 17.972637], [-67.037361, 17.972361], [-67.037918, 17.972361], [-67.037918, 17.972086], [-67.038475, 17.972086], [-67.038475, 17.971806], [-67.039024, 17.971806], [-67.039024, 17.971525], [-67.039307, 17.971525], [-67.039307, 17.970972], [-67.039581, 17.970972], [-67.039581, 17.970694], [-67.040695, 17.970694], [-67.040695, 17.970415], [-67.04097, 17.970415], [-67.04097, 17.969862], [-67.041252, 17.969862], [-67.041252, 17.969584], [-67.041527, 17.969584], [-67.041527, 17.969028], [-67.041809, 17.969028], [-67.041809, 17.96875], [-67.042084, 17.96875], [-67.042084, 17.968472], [-67.042641, 17.968472], [-67.042641, 17.968193], [-67.042915, 17.968193], [-67.042915, 17.967916], [-67.043198, 17.967916], [-67.043198, 17.967638], [-67.044304, 17.967638], [-67.044304, 17.967916], [-67.045135, 17.967916], [-67.045135, 17.968193], [-67.045692, 17.968193], [-67.045692, 17.968472], [-67.045975, 17.968472], [-67.045975, 17.96875], [-67.046249, 17.96875], [-67.046249, 17.969028], [-67.046524, 17.969028], [-67.046524, 17.969862], [-67.047081, 17.969862], [-67.047081, 17.970139], [-67.04792, 17.970139], [-67.04792, 17.970415], [-67.048195, 17.970415], [-67.048195, 17.970694], [-67.048752, 17.970694], [-67.048752, 17.970972], [-67.049858, 17.970972], [-67.049858, 17.970694], [-67.050415, 17.970694], [-67.050415, 17.970415], [-67.051247, 17.970415], [-67.051247, 17.970972], [-67.051529, 17.970972], [-67.051529, 17.971251], [-67.051804, 17.971251], [-67.051804, 17.971525], [-67.052086, 17.971525], [-67.052086, 17.971806], [-67.052635, 17.971806], [-67.052635, 17.972086], [-67.052917, 17.972086], [-67.052917, 17.972361], [-67.054306, 17.972361], [-67.054306, 17.972086], [-67.054581, 17.972086], [-67.054581, 17.971806], [-67.054863, 17.971806], [-67.054863, 17.972086], [-67.055138, 17.972086], [-67.055138, 17.971806], [-67.055969, 17.971806], [-67.055969, 17.971251], [-67.057083, 17.971251], [-67.057083, 17.971806], [-67.05764, 17.971806], [-67.05764, 17.972086], [-67.057915, 17.972086], [-67.057915, 17.972361], [-67.058197, 17.972361], [-67.058197, 17.972637], [-67.058746, 17.972637], [-67.058746, 17.972919], [-67.059029, 17.972919], [-67.059029, 17.973194], [-67.059586, 17.973194], [-67.059586, 17.973473], [-67.060143, 17.973473], [-67.060143, 17.97403], [-67.060417, 17.97403], [-67.060417, 17.974306], [-67.060692, 17.974306], [-67.060692, 17.974583], [-67.060974, 17.974583], [-67.060974, 17.974861], [-67.061531, 17.974861], [-67.061531, 17.974583], [-67.061806, 17.974583], [-67.061806, 17.974306], [-67.06208, 17.974306], [-67.06208, 17.97403], [-67.062363, 17.97403], [-67.062363, 17.973747], [-67.06292, 17.973747], [-67.06292, 17.973473], [-67.063469, 17.973473], [-67.063469, 17.973194], [-67.064308, 17.973194], [-67.064308, 17.972919], [-67.065414, 17.972919], [-67.065414, 17.972361], [-67.065697, 17.972361], [-67.065697, 17.972086], [-67.066254, 17.972086], [-67.066254, 17.971806], [-67.06736, 17.971806], [-67.06736, 17.971525], [-67.067917, 17.971525], [-67.067917, 17.971251], [-67.068474, 17.971251], [-67.068474, 17.970972], [-67.069862, 17.970972], [-67.069862, 17.971525], [-67.070137, 17.971525], [-67.070137, 17.972361], [-67.070419, 17.972361], [-67.070419, 17.972637], [-67.072083, 17.972637], [-67.072083, 17.971806], [-67.072365, 17.971806], [-67.072365, 17.971251], [-67.072914, 17.971251], [-67.072914, 17.970972], [-67.073196, 17.970972], [-67.073196, 17.969862], [-67.073753, 17.969862], [-67.073753, 17.969028], [-67.074028, 17.969028], [-67.074028, 17.96875], [-67.074585, 17.96875], [-67.074585, 17.968472], [-67.07486, 17.968472], [-67.07486, 17.968193], [-67.075142, 17.968193], [-67.075142, 17.967916], [-67.075691, 17.967916], [-67.075691, 17.967638], [-67.075974, 17.967638], [-67.075974, 17.967361], [-67.076805, 17.967361], [-67.076805, 17.967085], [-67.07708, 17.967085], [-67.07708, 17.966806], [-67.077637, 17.966806], [-67.077637, 17.966528], [-67.077919, 17.966528], [-67.077919, 17.965973], [-67.078194, 17.965973], [-67.078194, 17.965694], [-67.078476, 17.965694], [-67.078476, 17.964306], [-67.078194, 17.964306], [-67.078194, 17.964027], [-67.077919, 17.964027], [-67.077919, 17.963751], [-67.07708, 17.963751], [-67.07708, 17.963472], [-67.07653, 17.963472], [-67.07653, 17.962641], [-67.076248, 17.962641], [-67.076248, 17.961805], [-67.07653, 17.961805], [-67.07653, 17.960695], [-67.076805, 17.960695], [-67.076805, 17.959305], [-67.07708, 17.959305], [-67.07708, 17.95875], [-67.077362, 17.95875], [-67.077362, 17.958471], [-67.077637, 17.958471], [-67.077637, 17.958195], [-67.078194, 17.958195], [-67.078194, 17.957914], [-67.079025, 17.957914], [-67.079025, 17.958195], [-67.079582, 17.958195], [-67.079582, 17.958471], [-67.079308, 17.958471], [-67.079308, 17.959583], [-67.080414, 17.959583], [-67.080414, 17.959305], [-67.080696, 17.959305], [-67.080696, 17.959026], [-67.081528, 17.959026], [-67.081528, 17.959305], [-67.082085, 17.959305], [-67.082085, 17.959583], [-67.082359, 17.959583], [-67.082359, 17.960136], [-67.083191, 17.960136], [-67.083191, 17.960419], [-67.083748, 17.960419], [-67.083748, 17.960695], [-67.08403, 17.960695], [-67.08403, 17.960419], [-67.086807, 17.960419], [-67.086807, 17.960695], [-67.087082, 17.960695], [-67.087082, 17.96125], [-67.086807, 17.96125], [-67.086807, 17.961529], [-67.085693, 17.961529], [-67.085693, 17.96125], [-67.084862, 17.96125], [-67.084862, 17.960972], [-67.08403, 17.960972], [-67.08403, 17.962358], [-67.084305, 17.962358], [-67.084305, 17.963194], [-67.08403, 17.963194], [-67.08403, 17.963751], [-67.083748, 17.963751], [-67.083748, 17.964027], [-67.082916, 17.964027], [-67.082916, 17.964306], [-67.082359, 17.964306], [-67.082359, 17.965139], [-67.082642, 17.965139], [-67.082642, 17.965694], [-67.082916, 17.965694], [-67.082916, 17.966249], [-67.083748, 17.966249], [-67.083748, 17.965973], [-67.08403, 17.965973], [-67.08403, 17.965694], [-67.085419, 17.965694], [-67.085419, 17.965416], [-67.085693, 17.965416], [-67.085693, 17.965139], [-67.08625, 17.965139], [-67.08625, 17.964863], [-67.086807, 17.964863], [-67.086807, 17.965139], [-67.087364, 17.965139], [-67.087364, 17.964863], [-67.087639, 17.964863], [-67.087639, 17.964306], [-67.087364, 17.964306], [-67.087364, 17.964027], [-67.087082, 17.964027], [-67.087082, 17.963751], [-67.08625, 17.963751], [-67.08625, 17.963472], [-67.085419, 17.963472], [-67.085419, 17.963194], [-67.085693, 17.963194], [-67.085693, 17.962641], [-67.085976, 17.962641], [-67.085976, 17.962358], [-67.086807, 17.962358], [-67.086807, 17.962641], [-67.087914, 17.962641], [-67.087914, 17.962358], [-67.088196, 17.962358], [-67.088196, 17.961805], [-67.087914, 17.961805], [-67.087914, 17.96125], [-67.087639, 17.96125], [-67.087639, 17.960695], [-67.087364, 17.960695], [-67.087364, 17.959305], [-67.087082, 17.959305], [-67.087082, 17.958471], [-67.087364, 17.958471], [-67.087364, 17.957914], [-67.087639, 17.957914], [-67.087639, 17.95764], [-67.087914, 17.95764], [-67.087914, 17.956804], [-67.088196, 17.956804], [-67.088196, 17.955416], [-67.08847, 17.955416], [-67.08847, 17.953751], [-67.088753, 17.953751], [-67.088753, 17.952639], [-67.089027, 17.952639], [-67.089027, 17.952084], [-67.089302, 17.952084], [-67.089302, 17.951805], [-67.089584, 17.951805], [-67.089584, 17.951529], [-67.090141, 17.951529], [-67.090141, 17.950972], [-67.090698, 17.950972], [-67.090698, 17.95125], [-67.091248, 17.95125], [-67.091248, 17.951529], [-67.09153, 17.951529], [-67.09153, 17.951805], [-67.091805, 17.951805], [-67.091805, 17.952362], [-67.092361, 17.952362], [-67.092361, 17.952639], [-67.092636, 17.952639], [-67.092636, 17.952362], [-67.092918, 17.952362], [-67.092918, 17.95125], [-67.093193, 17.95125], [-67.093193, 17.950972], [-67.093475, 17.950972], [-67.093475, 17.950695], [-67.09375, 17.950695], [-67.09375, 17.950417], [-67.094025, 17.950417], [-67.094025, 17.950138], [-67.094582, 17.950138], [-67.094582, 17.950417], [-67.095139, 17.950417], [-67.095139, 17.950695], [-67.095695, 17.950695], [-67.095695, 17.950417], [-67.09597, 17.950417], [-67.09597, 17.949583], [-67.096252, 17.949583], [-67.096252, 17.949306], [-67.096527, 17.949306], [-67.096527, 17.94903], [-67.096802, 17.94903], [-67.096802, 17.948748], [-67.097084, 17.948748], [-67.097084, 17.948473], [-67.097359, 17.948473], [-67.097359, 17.948195], [-67.097916, 17.948195], [-67.097916, 17.947918], [-67.098473, 17.947918], [-67.098473, 17.947639], [-67.098747, 17.947639], [-67.098747, 17.947359], [-67.09903, 17.947359], [-67.09903, 17.947083], [-67.099304, 17.947083], [-67.099304, 17.946808], [-67.099861, 17.946808], [-67.099861, 17.946529], [-67.100693, 17.946529], [-67.100693, 17.946251], [-67.101524, 17.946251], [-67.101524, 17.945972], [-67.102638, 17.945972], [-67.102638, 17.945694], [-67.104027, 17.945694], [-67.104027, 17.945415], [-67.104858, 17.945415], [-67.104858, 17.945694], [-67.105698, 17.945694], [-67.105698, 17.945415], [-67.109024, 17.945415], [-67.109024, 17.945694], [-67.109703, 17.945694], [-67.109863, 17.945694], [-67.109863, 17.945415], [-67.11042, 17.945415], [-67.11042, 17.945694], [-67.112083, 17.945694], [-67.112083, 17.945972], [-67.112358, 17.945972], [-67.112358, 17.946251], [-67.11264, 17.946251], [-67.11264, 17.946529], [-67.112915, 17.946529], [-67.112915, 17.947639], [-67.113747, 17.947639], [-67.113747, 17.946808], [-67.114861, 17.946808], [-67.114861, 17.947083], [-67.115135, 17.947083], [-67.115135, 17.948748], [-67.115417, 17.948748], [-67.115417, 17.949583], [-67.115692, 17.949583], [-67.115692, 17.950138], [-67.117363, 17.950138], [-67.117363, 17.949862], [-67.117638, 17.949862], [-67.117638, 17.949583], [-67.11792, 17.949583], [-67.11792, 17.94903], [-67.117638, 17.94903], [-67.117638, 17.948195], [-67.117363, 17.948195], [-67.117363, 17.947918], [-67.116806, 17.947918], [-67.116806, 17.947639], [-67.116249, 17.947639], [-67.116249, 17.947083], [-67.116806, 17.947083], [-67.116806, 17.946808], [-67.117081, 17.946808], [-67.117081, 17.946529], [-67.117638, 17.946529], [-67.117638, 17.946808], [-67.11792, 17.946808], [-67.11792, 17.946529], [-67.118195, 17.946529], [-67.118195, 17.946808], [-67.118469, 17.946808], [-67.118469, 17.946529], [-67.118752, 17.946529], [-67.118752, 17.946808], [-67.119583, 17.946808], [-67.119583, 17.947083], [-67.119858, 17.947083], [-67.119858, 17.947359], [-67.120415, 17.947359], [-67.120415, 17.946808], [-67.120697, 17.946808], [-67.120697, 17.946529], [-67.121246, 17.946529], [-67.121246, 17.946251], [-67.121803, 17.946251], [-67.121803, 17.945972], [-67.122086, 17.945972], [-67.122086, 17.946251], [-67.12236, 17.946251], [-67.12236, 17.945972], [-67.122643, 17.945972], [-67.122643, 17.946251], [-67.122917, 17.946251], [-67.122917, 17.945972], [-67.123192, 17.945972], [-67.123192, 17.946251], [-67.124863, 17.946251], [-67.124863, 17.945972], [-67.12542, 17.945972], [-67.12542, 17.946251], [-67.126251, 17.946251], [-67.126251, 17.946808], [-67.127357, 17.946808], [-67.127357, 17.946529], [-67.127914, 17.946529], [-67.127914, 17.946808], [-67.128471, 17.946808], [-67.128471, 17.947083], [-67.128754, 17.947083], [-67.128754, 17.947918], [-67.128471, 17.947918], [-67.128471, 17.948473], [-67.127914, 17.948473], [-67.127914, 17.948748], [-67.12764, 17.948748], [-67.12764, 17.94903], [-67.127083, 17.94903], [-67.127083, 17.949583], [-67.126808, 17.949583], [-67.126808, 17.950138], [-67.127083, 17.950138], [-67.127083, 17.950695], [-67.127914, 17.950695], [-67.127914, 17.950417], [-67.128197, 17.950417], [-67.128197, 17.950138], [-67.128471, 17.950138], [-67.128471, 17.949583], [-67.128754, 17.949583], [-67.128754, 17.949306], [-67.129028, 17.949306], [-67.129028, 17.94903], [-67.129303, 17.94903], [-67.129303, 17.948748], [-67.130692, 17.948748], [-67.130692, 17.948473], [-67.130974, 17.948473], [-67.130974, 17.948748], [-67.131248, 17.948748], [-67.131248, 17.94903], [-67.13208, 17.94903], [-67.13208, 17.949306], [-67.132362, 17.949306], [-67.132362, 17.949583], [-67.132919, 17.949583], [-67.132919, 17.949862], [-67.133469, 17.949862], [-67.133469, 17.950138], [-67.134583, 17.950138], [-67.134583, 17.950417], [-67.135139, 17.950417], [-67.135139, 17.95125], [-67.135414, 17.95125], [-67.135414, 17.951805], [-67.135696, 17.951805], [-67.135696, 17.952362], [-67.136253, 17.952362], [-67.136253, 17.952639], [-67.138748, 17.952639], [-67.138748, 17.952917], [-67.139305, 17.952917], [-67.139305, 17.953194], [-67.140419, 17.953194], [-67.140419, 17.953472], [-67.142082, 17.953472], [-67.142082, 17.953751], [-67.143471, 17.953751], [-67.143471, 17.954027], [-67.145691, 17.954027], [-67.145691, 17.953751], [-67.146805, 17.953751], [-67.146805, 17.953472], [-67.147919, 17.953472], [-67.147919, 17.953751], [-67.148476, 17.953751], [-67.148476, 17.954306], [-67.14875, 17.954306], [-67.14875, 17.954582], [-67.149307, 17.954582], [-67.149307, 17.954861], [-67.149864, 17.954861], [-67.149864, 17.955139], [-67.15097, 17.955139], [-67.15097, 17.954861], [-67.151253, 17.954861], [-67.151253, 17.954582], [-67.152641, 17.954582], [-67.152641, 17.954306], [-67.154305, 17.954306], [-67.154305, 17.954027], [-67.157364, 17.954027], [-67.157364, 17.953472], [-67.159027, 17.953472], [-67.159027, 17.956804], [-67.159302, 17.956804], [-67.159302, 17.957083], [-67.159584, 17.957083], [-67.159584, 17.957361], [-67.159859, 17.957361], [-67.159859, 17.957914], [-67.160141, 17.957914], [-67.160141, 17.958195], [-67.160698, 17.958195], [-67.160698, 17.958471], [-67.160973, 17.958471], [-67.160973, 17.959026], [-67.16153, 17.959026], [-67.16153, 17.959305], [-67.161804, 17.959305], [-67.161804, 17.959583], [-67.162086, 17.959583], [-67.162086, 17.959862], [-67.162361, 17.959862], [-67.162361, 17.960419], [-67.162636, 17.960419], [-67.162636, 17.960972], [-67.162918, 17.960972], [-67.162918, 17.96125], [-67.163475, 17.96125], [-67.163475, 17.961529], [-67.164024, 17.961529], [-67.164024, 17.961805], [-67.164864, 17.961805], [-67.164864, 17.962084], [-67.165138, 17.962084], [-67.165138, 17.962358], [-67.166527, 17.962358], [-67.166527, 17.962641], [-67.167358, 17.962641], [-67.167358, 17.962917], [-67.167915, 17.962917], [-67.167915, 17.963194], [-67.168472, 17.963194], [-67.168472, 17.963472], [-67.169029, 17.963472], [-67.169029, 17.963751], [-67.169304, 17.963751], [-67.169304, 17.964027], [-67.170692, 17.964027], [-67.170692, 17.963751], [-67.171524, 17.963751], [-67.171524, 17.964027], [-67.171806, 17.964027], [-67.171806, 17.964306], [-67.172363, 17.964306], [-67.172363, 17.964582], [-67.17292, 17.964582], [-67.17292, 17.964306], [-67.173195, 17.964306], [-67.173195, 17.964582], [-67.174026, 17.964582], [-67.174026, 17.964863], [-67.174309, 17.964863], [-67.174309, 17.964582], [-67.175697, 17.964582], [-67.175697, 17.964027], [-67.175972, 17.964027], [-67.175972, 17.963751], [-67.176529, 17.963751], [-67.176529, 17.964306], [-67.177635, 17.964306], [-67.177635, 17.964582], [-67.179581, 17.964582], [-67.179581, 17.964306], [-67.179863, 17.964306], [-67.179863, 17.964027], [-67.180138, 17.964027], [-67.180138, 17.963751], [-67.181526, 17.963751], [-67.181526, 17.963194], [-67.182083, 17.963194], [-67.182083, 17.962917], [-67.182358, 17.962917], [-67.182358, 17.963194], [-67.182915, 17.963194], [-67.182915, 17.962917], [-67.183197, 17.962917], [-67.183197, 17.962641], [-67.184029, 17.962641], [-67.184029, 17.962358], [-67.184303, 17.962358], [-67.184303, 17.961805], [-67.184586, 17.961805], [-67.184586, 17.961529], [-67.18486, 17.961529], [-67.18486, 17.96125], [-67.185143, 17.96125], [-67.185143, 17.960972], [-67.185692, 17.960972], [-67.185692, 17.960695], [-67.185974, 17.960695], [-67.185974, 17.960136], [-67.186531, 17.960136], [-67.186531, 17.959862], [-67.186806, 17.959862], [-67.186806, 17.959305], [-67.187363, 17.959305], [-67.187363, 17.959026], [-67.187637, 17.959026], [-67.187637, 17.958471], [-67.18792, 17.958471], [-67.18792, 17.958195], [-67.188469, 17.958195], [-67.188469, 17.957914], [-67.188751, 17.957914], [-67.188751, 17.95764], [-67.189026, 17.95764], [-67.189026, 17.957361], [-67.189308, 17.957361], [-67.189308, 17.957083], [-67.189583, 17.957083], [-67.189583, 17.956804], [-67.189857, 17.956804], [-67.189857, 17.956528], [-67.19014, 17.956528], [-67.19014, 17.955416], [-67.190414, 17.955416], [-67.190414, 17.955139], [-67.190697, 17.955139], [-67.190697, 17.954861], [-67.190971, 17.954861], [-67.190971, 17.954306], [-67.191528, 17.954306], [-67.191528, 17.953751], [-67.191803, 17.953751], [-67.191803, 17.952362], [-67.192085, 17.952362], [-67.192085, 17.952084], [-67.191803, 17.952084], [-67.191803, 17.950695], [-67.191528, 17.950695], [-67.191528, 17.950138], [-67.190971, 17.950138], [-67.190971, 17.949862], [-67.190697, 17.949862], [-67.190697, 17.949583], [-67.190414, 17.949583], [-67.190414, 17.949306], [-67.19014, 17.949306], [-67.19014, 17.948473], [-67.189857, 17.948473], [-67.189857, 17.946529], [-67.19014, 17.946529], [-67.19014, 17.944305], [-67.189857, 17.944305], [-67.189857, 17.94375], [-67.189583, 17.94375], [-67.189583, 17.943472], [-67.189308, 17.943472], [-67.189308, 17.942917], [-67.189026, 17.942917], [-67.189026, 17.942638], [-67.188751, 17.942638], [-67.188751, 17.942083], [-67.188469, 17.942083], [-67.188469, 17.941805], [-67.188194, 17.941805], [-67.188194, 17.94125], [-67.187363, 17.94125], [-67.187363, 17.940971], [-67.18708, 17.940971], [-67.18708, 17.940695], [-67.186531, 17.940695], [-67.186531, 17.940416], [-67.186249, 17.940416], [-67.186249, 17.94014], [-67.185417, 17.94014], [-67.185417, 17.939861], [-67.18486, 17.939861], [-67.18486, 17.939583], [-67.184303, 17.939583], [-67.184303, 17.939306], [-67.183746, 17.939306], [-67.183746, 17.939028], [-67.183472, 17.939028], [-67.183472, 17.937916], [-67.183746, 17.937916], [-67.183746, 17.937363], [-67.182915, 17.937363], [-67.182915, 17.935694], [-67.18264, 17.935694], [-67.18264, 17.935141], [-67.182915, 17.935141], [-67.182915, 17.932919], [-67.18264, 17.932919], [-67.18264, 17.932636], [-67.182915, 17.932636], [-67.182915, 17.931805], [-67.183197, 17.931805], [-67.183197, 17.931526], [-67.183472, 17.931526], [-67.183472, 17.93125], [-67.184029, 17.93125], [-67.184029, 17.930695], [-67.186531, 17.930695], [-67.186531, 17.930973], [-67.187363, 17.930973], [-67.187363, 17.93125], [-67.18792, 17.93125], [-67.18792, 17.932083], [-67.188194, 17.932083], [-67.188194, 17.934029], [-67.18792, 17.934029], [-67.18792, 17.934584], [-67.187637, 17.934584], [-67.187637, 17.934858], [-67.18792, 17.934858], [-67.18792, 17.935417], [-67.188194, 17.935417], [-67.188194, 17.935694], [-67.189857, 17.935694], [-67.189857, 17.934858], [-67.189583, 17.934858], [-67.189583, 17.934029], [-67.189857, 17.934029], [-67.189857, 17.933472], [-67.19014, 17.933472], [-67.19014, 17.933195], [-67.190414, 17.933195], [-67.190414, 17.932919], [-67.190971, 17.932919], [-67.190971, 17.932636], [-67.191803, 17.932636], [-67.191803, 17.932362], [-67.192085, 17.932362], [-67.192085, 17.932083], [-67.19458, 17.932083], [-67.19458, 17.932362], [-67.194862, 17.932362], [-67.194862, 17.932636], [-67.195419, 17.932636], [-67.195419, 17.932919], [-67.195694, 17.932919], [-67.195694, 17.933195], [-67.196251, 17.933195], [-67.196251, 17.934584], [-67.196808, 17.934584], [-67.196808, 17.935417], [-67.197083, 17.935417], [-67.197083, 17.937639], [-67.196808, 17.937639], [-67.196808, 17.938194], [-67.196526, 17.938194], [-67.196526, 17.938473], [-67.195694, 17.938473], [-67.195694, 17.938749], [-67.194862, 17.938749], [-67.194862, 17.939306], [-67.194305, 17.939306], [-67.194305, 17.939583], [-67.193748, 17.939583], [-67.193748, 17.939861], [-67.193474, 17.939861], [-67.193474, 17.94014], [-67.193192, 17.94014], [-67.193192, 17.940971], [-67.193474, 17.940971], [-67.193474, 17.943195], [-67.194305, 17.943195], [-67.194305, 17.943472], [-67.19458, 17.943472], [-67.19458, 17.94375], [-67.194862, 17.94375], [-67.194862, 17.945694], [-67.19458, 17.945694], [-67.19458, 17.946251], [-67.194305, 17.946251], [-67.194305, 17.946808], [-67.194031, 17.946808], [-67.194031, 17.947918], [-67.194305, 17.947918], [-67.194305, 17.949306], [-67.19458, 17.949306], [-67.19458, 17.949862], [-67.194862, 17.949862], [-67.194862, 17.950138], [-67.195137, 17.950138], [-67.195137, 17.950417], [-67.195419, 17.950417], [-67.195419, 17.950695], [-67.195969, 17.950695], [-67.195969, 17.950972], [-67.196526, 17.950972], [-67.196526, 17.95125], [-67.196808, 17.95125], [-67.196808, 17.951529], [-67.197083, 17.951529], [-67.197083, 17.951805], [-67.197365, 17.951805], [-67.197365, 17.952084], [-67.198196, 17.952084], [-67.198196, 17.952362], [-67.198753, 17.952362], [-67.198753, 17.952639], [-67.199585, 17.952639], [-67.199585, 17.952917], [-67.200142, 17.952917], [-67.200142, 17.953194], [-67.202637, 17.953194], [-67.202637, 17.953472], [-67.203476, 17.953472], [-67.203476, 17.953751], [-67.204582, 17.953751], [-67.204582, 17.954027], [-67.205139, 17.954027], [-67.205139, 17.954306], [-67.207916, 17.954306], [-67.207916, 17.954027], [-67.20903, 17.954027], [-67.20903, 17.953751], [-67.210419, 17.953751], [-67.210419, 17.953472], [-67.211525, 17.953472], [-67.211525, 17.953194], [-67.211807, 17.953194], [-67.211807, 17.952362], [-67.212082, 17.952362], [-67.212082, 17.951805], [-67.212914, 17.951805], [-67.212914, 17.952639], [-67.213196, 17.952639], [-67.213196, 17.952362], [-67.21347, 17.952362], [-67.21347, 17.952084], [-67.213753, 17.952084], [-67.213753, 17.951805], [-67.214027, 17.951805], [-67.214027, 17.95125], [-67.214859, 17.95125], [-67.214859, 17.951529], [-67.215141, 17.951529], [-67.215141, 17.952639], [-67.214859, 17.952639], [-67.214859, 17.952917], [-67.214584, 17.952917], [-67.214584, 17.953194], [-67.214027, 17.953194], [-67.214027, 17.953472], [-67.213196, 17.953472], [-67.213196, 17.953751], [-67.212914, 17.953751], [-67.212914, 17.954027], [-67.212364, 17.954027], [-67.212364, 17.955139], [-67.212082, 17.955139], [-67.212082, 17.956528], [-67.212364, 17.956528], [-67.212364, 17.958195], [-67.212639, 17.958195], [-67.212639, 17.95875], [-67.212914, 17.95875], [-67.212914, 17.959026], [-67.213196, 17.959026], [-67.213196, 17.959862], [-67.21347, 17.959862], [-67.21347, 17.960136], [-67.213753, 17.960136], [-67.213753, 17.96125], [-67.214027, 17.96125], [-67.214027, 17.962084], [-67.214302, 17.962084], [-67.214302, 17.963194], [-67.214584, 17.963194], [-67.214584, 17.964306], [-67.214302, 17.964306], [-67.214302, 17.964863], [-67.214027, 17.964863], [-67.214027, 17.965973], [-67.213753, 17.965973], [-67.213753, 17.966806], [-67.21347, 17.966806], [-67.21347, 17.967361], [-67.213196, 17.967361], [-67.213196, 17.968193], [-67.212914, 17.968193], [-67.212914, 17.969303], [-67.212639, 17.969303], [-67.212639, 17.969862], [-67.212364, 17.969862], [-67.212364, 17.971251], [-67.212639, 17.971251], [-67.212639, 17.972086], [-67.212914, 17.972086], [-67.212914, 17.973473], [-67.213196, 17.973473], [-67.213196, 17.975416], [-67.212914, 17.975416], [-67.212914, 17.977083], [-67.213196, 17.977083], [-67.213196, 17.977917], [-67.21347, 17.977917], [-67.21347, 17.978472], [-67.213753, 17.978472], [-67.213753, 17.979305], [-67.214027, 17.979305], [-67.214027, 17.97986], [-67.214302, 17.97986], [-67.214302, 17.980972], [-67.214584, 17.980972], [-67.214584, 17.981806], [-67.214859, 17.981806], [-67.214859, 17.982084], [-67.215141, 17.982084], [-67.215141, 17.982916], [-67.215416, 17.982916], [-67.215416, 17.985971], [-67.215141, 17.985971], [-67.215141, 17.986526], [-67.214859, 17.986526], [-67.214859, 17.987637], [-67.214584, 17.987637], [-67.214584, 17.987919], [-67.214302, 17.987919], [-67.214302, 17.989029], [-67.214027, 17.989029], [-67.214027, 17.989305], [-67.213753, 17.989305], [-67.213753, 17.989584], [-67.21347, 17.989584], [-67.21347, 17.989861], [-67.213196, 17.989861], [-67.213196, 17.990141], [-67.212914, 17.990141], [-67.212914, 17.991249], [-67.213196, 17.991249], [-67.213196, 17.992083], [-67.21347, 17.992083], [-67.21347, 17.992916], [-67.212914, 17.992916], [-67.212914, 17.993195], [-67.212364, 17.993195], [-67.212364, 17.993471], [-67.211807, 17.993471], [-67.211807, 17.994028], [-67.211525, 17.994028], [-67.211525, 17.994583], [-67.21125, 17.994583], [-67.21125, 17.994862], [-67.210976, 17.994862], [-67.210976, 17.995138], [-67.210419, 17.995138], [-67.210419, 17.995417], [-67.210136, 17.995417], [-67.210136, 17.995972], [-67.209862, 17.995972], [-67.209862, 17.99625], [-67.209587, 17.99625], [-67.209587, 17.996805], [-67.20903, 17.996805], [-67.20903, 17.99736], [-67.208473, 17.99736], [-67.208473, 17.997639], [-67.208191, 17.997639], [-67.208191, 17.997915], [-67.207916, 17.997915], [-67.207916, 17.998194], [-67.207642, 17.998194], [-67.207642, 17.998472], [-67.207085, 17.998472], [-67.207085, 17.998751], [-67.206802, 17.998751], [-67.206802, 17.999025], [-67.205971, 17.999025], [-67.205971, 17.999308], [-67.205696, 17.999308], [-67.205696, 17.999584], [-67.205139, 17.999584], [-67.205139, 17.999861], [-67.202362, 17.999861], [-67.202362, 18.000137], [-67.202362, 18.000416], [-67.201805, 18.000416], [-67.201805, 18.000694], [-67.20153, 18.000694], [-67.20153, 18.000973], [-67.200974, 18.000973], [-67.200974, 18.001247], [-67.200691, 18.001247], [-67.200691, 18.00153], [-67.200142, 18.00153], [-67.200142, 18.001806], [-67.199585, 18.001806], [-67.199585, 18.002083], [-67.199028, 18.002083], [-67.199028, 18.002361], [-67.197639, 18.002361], [-67.197639, 18.002642], [-67.195694, 18.002642], [-67.195694, 18.002916], [-67.194305, 18.002916], [-67.194305, 18.003195], [-67.194031, 18.003195], [-67.194031, 18.003471], [-67.193748, 18.003471], [-67.193748, 18.003752], [-67.193192, 18.003752], [-67.193192, 18.004028], [-67.192642, 18.004028], [-67.192642, 18.004305], [-67.192085, 18.004305], [-67.192085, 18.004583], [-67.191254, 18.004583], [-67.191254, 18.004862], [-67.190697, 18.004862], [-67.190697, 18.005138], [-67.19014, 18.005138], [-67.19014, 18.005417], [-67.189583, 18.005417], [-67.189583, 18.005695], [-67.189308, 18.005695], [-67.189308, 18.005974], [-67.188751, 18.005974], [-67.188751, 18.00625], [-67.18792, 18.00625], [-67.18792, 18.006527], [-67.187363, 18.006527], [-67.187363, 18.006805], [-67.186806, 18.006805], [-67.186806, 18.007084], [-67.185974, 18.007084], [-67.185974, 18.00736], [-67.185417, 18.00736], [-67.185417, 18.007639], [-67.184303, 18.007639], [-67.184303, 18.007917], [-67.183746, 18.007917], [-67.183746, 18.008192], [-67.182915, 18.008192], [-67.182915, 18.008472], [-67.182083, 18.008472], [-67.182083, 18.008751], [-67.181252, 18.008751], [-67.181252, 18.009027], [-67.179031, 18.009027], [-67.179031, 18.008751], [-67.177917, 18.008751], [-67.177917, 18.008472], [-67.177361, 18.008472], [-67.177361, 18.008751], [-67.176804, 18.008751], [-67.176804, 18.009027], [-67.176529, 18.009027], [-67.176529, 18.009304], [-67.176247, 18.009304], [-67.176247, 18.009583], [-67.175972, 18.009583], [-67.175972, 18.009861], [-67.175697, 18.009861], [-67.175697, 18.010139], [-67.175415, 18.010139], [-67.175415, 18.010414], [-67.17514, 18.010414], [-67.17514, 18.010695], [-67.174858, 18.010695], [-67.174858, 18.010973], [-67.174583, 18.010973], [-67.174583, 18.01125], [-67.174309, 18.01125], [-67.174309, 18.011526], [-67.174026, 18.011526], [-67.174026, 18.012083], [-67.173752, 18.012083], [-67.173752, 18.012362], [-67.17347, 18.012362], [-67.17347, 18.013748], [-67.173195, 18.013748], [-67.173195, 18.015141], [-67.17292, 18.015141], [-67.17292, 18.016251], [-67.172638, 18.016251], [-67.172638, 18.017361], [-67.172363, 18.017361], [-67.172363, 18.018749], [-67.172081, 18.018749], [-67.172081, 18.021805], [-67.172363, 18.021805], [-67.172363, 18.022638], [-67.172638, 18.022638], [-67.172638, 18.022917], [-67.17292, 18.022917], [-67.17292, 18.023193], [-67.173195, 18.023193], [-67.173195, 18.023472], [-67.17347, 18.023472], [-67.17347, 18.02375], [-67.173752, 18.02375], [-67.173752, 18.024027], [-67.174026, 18.024027], [-67.174026, 18.024305], [-67.174309, 18.024305], [-67.174309, 18.024584], [-67.174583, 18.024584], [-67.174583, 18.02486], [-67.17514, 18.02486], [-67.17514, 18.025139], [-67.175415, 18.025139], [-67.175415, 18.025415], [-67.175972, 18.025415], [-67.175972, 18.025694], [-67.176804, 18.025694], [-67.176804, 18.027082], [-67.177635, 18.027082], [-67.177635, 18.026529], [-67.177917, 18.026529], [-67.177917, 18.026251], [-67.178192, 18.026251], [-67.178192, 18.025972], [-67.180138, 18.025972], [-67.180138, 18.026251], [-67.18042, 18.026251], [-67.18042, 18.027361], [-67.180138, 18.027361], [-67.180138, 18.028473], [-67.179863, 18.028473], [-67.179863, 18.02903], [-67.180138, 18.02903], [-67.180138, 18.029306], [-67.180969, 18.029306], [-67.180969, 18.029583], [-67.181526, 18.029583], [-67.181526, 18.028194], [-67.181808, 18.028194], [-67.181808, 18.027918], [-67.182083, 18.027918], [-67.182083, 18.027637], [-67.182358, 18.027637], [-67.182358, 18.027082], [-67.184303, 18.027082], [-67.184303, 18.027637], [-67.185143, 18.027637], [-67.185143, 18.027918], [-67.185417, 18.027918], [-67.185417, 18.027637], [-67.185692, 18.027637], [-67.185692, 18.028194], [-67.185974, 18.028194], [-67.185974, 18.028748], [-67.185692, 18.028748], [-67.185692, 18.03014], [-67.186249, 18.03014], [-67.186249, 18.030416], [-67.186806, 18.030416], [-67.186806, 18.03014], [-67.18708, 18.03014], [-67.18708, 18.029861], [-67.187363, 18.029861], [-67.187363, 18.029583], [-67.188469, 18.029583], [-67.188469, 18.029861], [-67.189026, 18.029861], [-67.189026, 18.03014], [-67.189583, 18.03014], [-67.189583, 18.030416], [-67.191254, 18.030416], [-67.191254, 18.030695], [-67.191803, 18.030695], [-67.191803, 18.030972], [-67.192642, 18.030972], [-67.192642, 18.031252], [-67.193192, 18.031252], [-67.193192, 18.031528], [-67.193748, 18.031528], [-67.193748, 18.031805], [-67.195969, 18.031805], [-67.195969, 18.032364], [-67.196526, 18.032364], [-67.196526, 18.032084], [-67.196808, 18.032084], [-67.196808, 18.032364], [-67.197639, 18.032364], [-67.197639, 18.032084], [-67.198196, 18.032084], [-67.198196, 18.032364], [-67.198753, 18.032364], [-67.198753, 18.032639], [-67.199303, 18.032639], [-67.199303, 18.032917], [-67.200417, 18.032917], [-67.200417, 18.033194], [-67.200691, 18.033194], [-67.200691, 18.032917], [-67.201248, 18.032917], [-67.201248, 18.033194], [-67.20153, 18.033194], [-67.20153, 18.033472], [-67.20208, 18.033472], [-67.20208, 18.033751], [-67.202362, 18.033751], [-67.202362, 18.034027], [-67.202637, 18.034027], [-67.202637, 18.034306], [-67.202919, 18.034306], [-67.202919, 18.034582], [-67.203476, 18.034582], [-67.203476, 18.034861], [-67.203751, 18.034861], [-67.203751, 18.035973], [-67.205971, 18.035973], [-67.205971, 18.035694], [-67.207085, 18.035694], [-67.207085, 18.035418], [-67.207642, 18.035418], [-67.207642, 18.035139], [-67.209862, 18.035139], [-67.209862, 18.036804], [-67.209587, 18.036804], [-67.209587, 18.037083], [-67.209305, 18.037083], [-67.209305, 18.03764], [-67.20903, 18.03764], [-67.20903, 18.037914], [-67.208748, 18.037914], [-67.208748, 18.038195], [-67.208473, 18.038195], [-67.208473, 18.038473], [-67.208191, 18.038473], [-67.208191, 18.03875], [-67.207916, 18.03875], [-67.207916, 18.039026], [-67.207642, 18.039026], [-67.207642, 18.039305], [-67.207359, 18.039305], [-67.207359, 18.039862], [-67.207085, 18.039862], [-67.207085, 18.040136], [-67.206802, 18.040136], [-67.206802, 18.040419], [-67.206253, 18.040419], [-67.206253, 18.040695], [-67.205696, 18.040695], [-67.205696, 18.041248], [-67.205139, 18.041248], [-67.205139, 18.041531], [-67.204865, 18.041531], [-67.204865, 18.041805], [-67.204582, 18.041805], [-67.204582, 18.042084], [-67.204308, 18.042084], [-67.204308, 18.042358], [-67.204025, 18.042358], [-67.204025, 18.042917], [-67.203751, 18.042917], [-67.203751, 18.043194], [-67.203476, 18.043194], [-67.203476, 18.043472], [-67.203194, 18.043472], [-67.203194, 18.043751], [-67.202919, 18.043751], [-67.202919, 18.044027], [-67.202637, 18.044027], [-67.202637, 18.044306], [-67.202362, 18.044306], [-67.202362, 18.044584], [-67.201805, 18.044584], [-67.201805, 18.045139], [-67.20153, 18.045139], [-67.20153, 18.045416], [-67.201248, 18.045416], [-67.201248, 18.045694], [-67.200974, 18.045694], [-67.200974, 18.045973], [-67.200691, 18.045973], [-67.200691, 18.046249], [-67.200417, 18.046249], [-67.200417, 18.046528], [-67.200142, 18.046528], [-67.200142, 18.046806], [-67.199585, 18.046806], [-67.199585, 18.047638], [-67.199303, 18.047638], [-67.199303, 18.04875], [-67.199028, 18.04875], [-67.199028, 18.049862], [-67.199303, 18.049862], [-67.199303, 18.050694], [-67.199585, 18.050694], [-67.199585, 18.05125], [-67.19986, 18.05125], [-67.19986, 18.052084], [-67.200417, 18.052084], [-67.200417, 18.052361], [-67.200691, 18.052361], [-67.200691, 18.053194], [-67.200974, 18.053194], [-67.200974, 18.053473], [-67.201248, 18.053473], [-67.201248, 18.054029], [-67.20153, 18.054029], [-67.20153, 18.055695], [-67.201805, 18.055695], [-67.201805, 18.057362], [-67.20153, 18.057362], [-67.20153, 18.058472], [-67.201248, 18.058472], [-67.201248, 18.05875], [-67.200974, 18.05875], [-67.200974, 18.059029], [-67.200691, 18.059029], [-67.200691, 18.059584], [-67.200417, 18.059584], [-67.200417, 18.05986], [-67.19986, 18.05986], [-67.19986, 18.060139], [-67.199585, 18.060139], [-67.199585, 18.060694], [-67.199303, 18.060694], [-67.199303, 18.060972], [-67.199028, 18.060972], [-67.199028, 18.061527], [-67.198753, 18.061527], [-67.198753, 18.061806], [-67.198471, 18.061806], [-67.198471, 18.062084], [-67.198196, 18.062084], [-67.198196, 18.062361], [-67.197914, 18.062361], [-67.197914, 18.063473], [-67.197639, 18.063473], [-67.197639, 18.064583], [-67.197365, 18.064583], [-67.197365, 18.064861], [-67.197083, 18.064861], [-67.197083, 18.065695], [-67.196808, 18.065695], [-67.196808, 18.066526], [-67.195969, 18.066526], [-67.195969, 18.06625], [-67.195419, 18.06625], [-67.195419, 18.065971], [-67.194862, 18.065971], [-67.194862, 18.065695], [-67.194031, 18.065695], [-67.194031, 18.065416], [-67.192917, 18.065416], [-67.192917, 18.06514], [-67.19236, 18.06514], [-67.19236, 18.064861], [-67.190414, 18.064861], [-67.190414, 18.06514], [-67.189857, 18.06514], [-67.189857, 18.065416], [-67.189583, 18.065416], [-67.189583, 18.065695], [-67.188751, 18.065695], [-67.188751, 18.065971], [-67.188194, 18.065971], [-67.188194, 18.06625], [-67.18792, 18.06625], [-67.18792, 18.066526], [-67.187363, 18.066526], [-67.187363, 18.067083], [-67.186806, 18.067083], [-67.186806, 18.067362], [-67.186249, 18.067362], [-67.186249, 18.067636], [-67.185417, 18.067636], [-67.185417, 18.068195], [-67.18486, 18.068195], [-67.18486, 18.069305], [-67.184586, 18.069305], [-67.184586, 18.070972], [-67.18486, 18.070972], [-67.18486, 18.071527], [-67.185143, 18.071527], [-67.185143, 18.072083], [-67.185417, 18.072083], [-67.185417, 18.072363], [-67.185692, 18.072363], [-67.185692, 18.072639], [-67.185974, 18.072639], [-67.185974, 18.073195], [-67.18708, 18.073195], [-67.18708, 18.073471], [-67.188194, 18.073471], [-67.188194, 18.073195], [-67.188751, 18.073195], [-67.188751, 18.073471], [-67.189308, 18.073471], [-67.189308, 18.074028], [-67.189583, 18.074028], [-67.189583, 18.074306], [-67.189857, 18.074306], [-67.189857, 18.074862], [-67.19014, 18.074862], [-67.19014, 18.075693], [-67.190697, 18.075693], [-67.190697, 18.07625], [-67.191803, 18.07625], [-67.191803, 18.076529], [-67.19236, 18.076529], [-67.19236, 18.075972], [-67.192642, 18.075972], [-67.192642, 18.075138], [-67.192917, 18.075138], [-67.192917, 18.074028], [-67.193192, 18.074028], [-67.193192, 18.07375], [-67.193474, 18.07375], [-67.193474, 18.073471], [-67.193748, 18.073471], [-67.193748, 18.073195], [-67.194305, 18.073195], [-67.194305, 18.072916], [-67.194862, 18.072916], [-67.194862, 18.072639], [-67.195137, 18.072639], [-67.195137, 18.072083], [-67.195419, 18.072083], [-67.195419, 18.071806], [-67.195694, 18.071806], [-67.195694, 18.071253], [-67.195969, 18.071253], [-67.195969, 18.070417], [-67.196808, 18.070417], [-67.196808, 18.070694], [-67.197365, 18.070694], [-67.197365, 18.072083], [-67.197083, 18.072083], [-67.197083, 18.072639], [-67.196808, 18.072639], [-67.196808, 18.072916], [-67.196251, 18.072916], [-67.196251, 18.073471], [-67.196526, 18.073471], [-67.196526, 18.07375], [-67.197083, 18.07375], [-67.197083, 18.073471], [-67.198196, 18.073471], [-67.198196, 18.07375], [-67.199028, 18.07375], [-67.199028, 18.074306], [-67.199585, 18.074306], [-67.199585, 18.074862], [-67.19986, 18.074862], [-67.19986, 18.075972], [-67.199585, 18.075972], [-67.199585, 18.07625], [-67.197914, 18.07625], [-67.197914, 18.076529], [-67.198196, 18.076529], [-67.198196, 18.077084], [-67.198471, 18.077084], [-67.198471, 18.077362], [-67.199028, 18.077362], [-67.199028, 18.077915], [-67.199303, 18.077915], [-67.199303, 18.078194], [-67.199585, 18.078194], [-67.199585, 18.079025], [-67.19986, 18.079025], [-67.19986, 18.079306], [-67.200974, 18.079306], [-67.200974, 18.079861], [-67.201248, 18.079861], [-67.201248, 18.080137], [-67.20153, 18.080137], [-67.20153, 18.080694], [-67.201805, 18.080694], [-67.201805, 18.081247], [-67.20208, 18.081247], [-67.20208, 18.08153], [-67.201805, 18.08153], [-67.201805, 18.082083], [-67.20153, 18.082083], [-67.20153, 18.082916], [-67.200691, 18.082916], [-67.200691, 18.083195], [-67.199585, 18.083195], [-67.199585, 18.083469], [-67.199303, 18.083469], [-67.199303, 18.083752], [-67.199028, 18.083752], [-67.199028, 18.084583], [-67.199303, 18.084583], [-67.199303, 18.084862], [-67.19986, 18.084862], [-67.19986, 18.087084], [-67.199585, 18.087084], [-67.199585, 18.08736], [-67.198471, 18.08736], [-67.198471, 18.087084], [-67.197083, 18.087084], [-67.197083, 18.08736], [-67.196808, 18.08736], [-67.196808, 18.089027], [-67.197365, 18.089027], [-67.197365, 18.089306], [-67.198196, 18.089306], [-67.198196, 18.089582], [-67.198753, 18.089582], [-67.198753, 18.089861], [-67.199303, 18.089861], [-67.199303, 18.091249], [-67.199028, 18.091249], [-67.199028, 18.091528], [-67.198753, 18.091528], [-67.198753, 18.092083], [-67.198471, 18.092083], [-67.198471, 18.092361], [-67.198196, 18.092361], [-67.198196, 18.092636], [-67.197639, 18.092636], [-67.197639, 18.092916], [-67.197365, 18.092916], [-67.197365, 18.093197], [-67.196808, 18.093197], [-67.196808, 18.093748], [-67.195969, 18.093748], [-67.195969, 18.094305], [-67.195694, 18.094305], [-67.195694, 18.094862], [-67.195419, 18.094862], [-67.195419, 18.096251], [-67.195137, 18.096251], [-67.195137, 18.097084], [-67.194862, 18.097084], [-67.194862, 18.097359], [-67.194305, 18.097359], [-67.194305, 18.097918], [-67.192917, 18.097918], [-67.192917, 18.098194], [-67.19236, 18.098194], [-67.19236, 18.098473], [-67.191803, 18.098473], [-67.191803, 18.098749], [-67.191254, 18.098749], [-67.191254, 18.099306], [-67.190697, 18.099306], [-67.190697, 18.099861], [-67.190971, 18.099861], [-67.190971, 18.10014], [-67.190697, 18.10014], [-67.190697, 18.100416], [-67.189857, 18.100416], [-67.189857, 18.100695], [-67.189308, 18.100695], [-67.189308, 18.100973], [-67.189026, 18.100973], [-67.189026, 18.101528], [-67.18708, 18.101528], [-67.18708, 18.101805], [-67.186531, 18.101805], [-67.186531, 18.102083], [-67.186249, 18.102083], [-67.186249, 18.102362], [-67.185692, 18.102362], [-67.185692, 18.102638], [-67.18486, 18.102638], [-67.18486, 18.103193], [-67.184586, 18.103193], [-67.184586, 18.10375], [-67.184303, 18.10375], [-67.184303, 18.104305], [-67.184029, 18.104305], [-67.184029, 18.10486], [-67.183746, 18.10486], [-67.183746, 18.105139], [-67.183472, 18.105139], [-67.183472, 18.106251], [-67.183197, 18.106251], [-67.183197, 18.107361], [-67.182915, 18.107361], [-67.182915, 18.108194], [-67.18264, 18.108194], [-67.18264, 18.108473], [-67.182358, 18.108473], [-67.182358, 18.11014], [-67.182083, 18.11014], [-67.182083, 18.110695], [-67.181808, 18.110695], [-67.181808, 18.112638], [-67.182083, 18.112638], [-67.182083, 18.112917], [-67.182358, 18.112917], [-67.182358, 18.113474], [-67.18264, 18.113474], [-67.18264, 18.11375], [-67.182915, 18.11375], [-67.182915, 18.114582], [-67.183197, 18.114582], [-67.183197, 18.115139], [-67.183472, 18.115139], [-67.183472, 18.115696], [-67.183746, 18.115696], [-67.183746, 18.116804], [-67.184029, 18.116804], [-67.184029, 18.11764], [-67.184303, 18.11764], [-67.184303, 18.118195], [-67.184586, 18.118195], [-67.184586, 18.119305], [-67.18486, 18.119305], [-67.18486, 18.120695], [-67.184303, 18.120695], [-67.184303, 18.121805], [-67.184029, 18.121805], [-67.184029, 18.122358], [-67.183746, 18.122358], [-67.183746, 18.123194], [-67.183472, 18.123194], [-67.183472, 18.124306], [-67.183197, 18.124306], [-67.183197, 18.124584], [-67.182915, 18.124584], [-67.182915, 18.126528], [-67.183197, 18.126528], [-67.183197, 18.127361], [-67.183472, 18.127361], [-67.183472, 18.127916], [-67.183746, 18.127916], [-67.183746, 18.128195], [-67.184029, 18.128195], [-67.184029, 18.12875], [-67.184303, 18.12875], [-67.184303, 18.129305], [-67.185143, 18.129305], [-66.984117, 18.190185], [-66.490184, 18.159624]]]]}}, {"type": "Feature", "properties": {"yucayeque": "YAGUECAX (Mayagüez)", "cacique": "Urayoán"}, "geometry": {"type": "MultiPolygon", "coordinates": [[[[-67.150141, 18.139906], [-67.185143, 18.129305], [-67.185143, 18.129862], [-67.185417, 18.129862], [-67.185417, 18.130417], [-67.185692, 18.130417], [-67.185692, 18.130695], [-67.185974, 18.130695], [-67.185974, 18.131527], [-67.186249, 18.131527], [-67.186249, 18.131805], [-67.186531, 18.131805], [-67.186531, 18.132084], [-67.186806, 18.132084], [-67.186806, 18.135138], [-67.186531, 18.135138], [-67.186531, 18.135973], [-67.186249, 18.135973], [-67.186249, 18.136806], [-67.185974, 18.136806], [-67.185974, 18.137083], [-67.185143, 18.137083], [-67.185143, 18.137362], [-67.183746, 18.137362], [-67.183746, 18.137638], [-67.183197, 18.137638], [-67.183197, 18.137917], [-67.182915, 18.137917], [-67.182915, 18.138195], [-67.182358, 18.138195], [-67.182358, 18.138472], [-67.181808, 18.138472], [-67.181808, 18.13875], [-67.181526, 18.13875], [-67.181526, 18.139029], [-67.181252, 18.139029], [-67.181252, 18.139305], [-67.180969, 18.139305], [-67.180969, 18.139584], [-67.180695, 18.139584], [-67.180695, 18.139862], [-67.18042, 18.139862], [-67.18042, 18.140139], [-67.180138, 18.140139], [-67.180138, 18.140694], [-67.179863, 18.140694], [-67.179863, 18.140972], [-67.179581, 18.140972], [-67.179581, 18.141527], [-67.179306, 18.141527], [-67.179306, 18.141806], [-67.179581, 18.141806], [-67.179581, 18.142084], [-67.179306, 18.142084], [-67.179306, 18.142639], [-67.179031, 18.142639], [-67.179031, 18.143473], [-67.178749, 18.143473], [-67.178749, 18.144028], [-67.178474, 18.144028], [-67.178474, 18.14514], [-67.178192, 18.14514], [-67.178192, 18.145695], [-67.178474, 18.145695], [-67.178474, 18.14625], [-67.177917, 18.14625], [-67.177917, 18.146526], [-67.177635, 18.146526], [-67.177635, 18.147636], [-67.177361, 18.147636], [-67.177361, 18.148195], [-67.177086, 18.148195], [-67.177086, 18.150417], [-67.176804, 18.150417], [-67.176804, 18.150972], [-67.177086, 18.150972], [-67.177086, 18.152639], [-67.177635, 18.152639], [-67.177635, 18.153749], [-67.177917, 18.153749], [-67.177917, 18.154861], [-67.178192, 18.154861], [-67.178192, 18.155972], [-67.177917, 18.155972], [-67.177917, 18.157084], [-67.178192, 18.157084], [-67.178192, 18.158194], [-67.178474, 18.158194], [-67.178474, 18.158751], [-67.179031, 18.158751], [-67.179031, 18.159025], [-67.179306, 18.159025], [-67.179306, 18.159306], [-67.179581, 18.159306], [-67.179581, 18.159584], [-67.18042, 18.159584], [-67.18042, 18.159861], [-67.181252, 18.159861], [-67.181252, 18.160137], [-67.182083, 18.160137], [-67.182083, 18.160419], [-67.18264, 18.160419], [-67.18264, 18.160694], [-67.182915, 18.160694], [-67.182915, 18.161247], [-67.183472, 18.161247], [-67.183472, 18.162638], [-67.183746, 18.162638], [-67.183746, 18.162916], [-67.184029, 18.162916], [-67.184029, 18.163195], [-67.184586, 18.163195], [-67.184586, 18.163473], [-67.18486, 18.163473], [-67.18486, 18.163752], [-67.185143, 18.163752], [-67.185143, 18.164305], [-67.185417, 18.164305], [-67.185417, 18.164583], [-67.185143, 18.164583], [-67.185143, 18.164862], [-67.185417, 18.164862], [-67.185417, 18.165417], [-67.185692, 18.165417], [-67.185692, 18.165695], [-67.185417, 18.165695], [-67.185417, 18.165974], [-67.185143, 18.165974], [-67.185143, 18.16625], [-67.18486, 18.16625], [-67.18486, 18.166529], [-67.184586, 18.166529], [-67.184586, 18.166805], [-67.184303, 18.166805], [-67.184303, 18.167084], [-67.184029, 18.167084], [-67.184029, 18.16736], [-67.183746, 18.16736], [-67.183746, 18.167639], [-67.183472, 18.167639], [-67.183472, 18.167917], [-67.183197, 18.167917], [-67.183197, 18.168194], [-67.18264, 18.168194], [-67.18264, 18.168472], [-67.182358, 18.168472], [-67.182358, 18.168751], [-67.181526, 18.168751], [-67.181526, 18.168472], [-67.180908, 18.168472], [-67.18042, 18.168472], [-67.18042, 18.168751], [-67.180138, 18.168751], [-67.180138, 18.169027], [-67.179863, 18.169027], [-67.179863, 18.169584], [-67.179581, 18.169584], [-67.179581, 18.169861], [-67.179306, 18.169861], [-67.179306, 18.170139], [-67.179031, 18.170139], [-67.179031, 18.170973], [-67.178474, 18.170973], [-67.178474, 18.171249], [-67.177635, 18.171249], [-67.177635, 18.171806], [-67.177361, 18.171806], [-67.177361, 18.172361], [-67.176529, 18.172361], [-67.176529, 18.173195], [-67.176247, 18.173195], [-67.176247, 18.174026], [-67.175697, 18.174026], [-67.175697, 18.174305], [-67.175415, 18.174305], [-67.175415, 18.174583], [-67.175697, 18.174583], [-67.175697, 18.174862], [-67.175415, 18.174862], [-67.175415, 18.17514], [-67.17514, 18.17514], [-67.17514, 18.175419], [-67.174858, 18.175419], [-67.174858, 18.175694], [-67.174583, 18.175694], [-67.174583, 18.176249], [-67.174309, 18.176249], [-67.174309, 18.176805], [-67.174026, 18.176805], [-67.174026, 18.177084], [-67.173752, 18.177084], [-67.173752, 18.177359], [-67.173195, 18.177359], [-67.173195, 18.177641], [-67.17292, 18.177641], [-67.17292, 18.178194], [-67.172638, 18.178194], [-67.172638, 18.178749], [-67.172363, 18.178749], [-67.172363, 18.179028], [-67.172081, 18.179028], [-67.172081, 18.179583], [-67.171806, 18.179583], [-67.171806, 18.179861], [-67.171524, 18.179861], [-67.171524, 18.18014], [-67.171249, 18.18014], [-67.171249, 18.180416], [-67.170975, 18.180416], [-67.170975, 18.18125], [-67.170692, 18.18125], [-67.170692, 18.181528], [-67.170418, 18.181528], [-67.170418, 18.181805], [-67.170135, 18.181805], [-67.170135, 18.182362], [-67.169861, 18.182362], [-67.169861, 18.182638], [-67.169586, 18.182638], [-67.169586, 18.182917], [-67.169304, 18.182917], [-67.169304, 18.183193], [-67.169029, 18.183193], [-67.169029, 18.183472], [-67.168747, 18.183472], [-67.168747, 18.18375], [-67.168472, 18.18375], [-67.168472, 18.184029], [-67.168198, 18.184029], [-67.168198, 18.184305], [-67.167915, 18.184305], [-67.167915, 18.184584], [-67.167641, 18.184584], [-67.167641, 18.18486], [-67.167084, 18.18486], [-67.167084, 18.185415], [-67.166809, 18.185415], [-67.166809, 18.185694], [-67.166527, 18.185694], [-67.166527, 18.186251], [-67.166252, 18.186251], [-67.166252, 18.186525], [-67.165413, 18.186525], [-67.165413, 18.186806], [-67.165138, 18.186806], [-67.165138, 18.187084], [-67.164581, 18.187084], [-67.164581, 18.187361], [-67.164024, 18.187361], [-67.164024, 18.187637], [-67.163475, 18.187637], [-67.163475, 18.187916], [-67.163193, 18.187916], [-67.163193, 18.188194], [-67.162636, 18.188194], [-67.162636, 18.188473], [-67.162086, 18.188473], [-67.162086, 18.188747], [-67.161804, 18.188747], [-67.161804, 18.18903], [-67.161247, 18.18903], [-67.161247, 18.189306], [-67.160698, 18.189306], [-67.160698, 18.189583], [-67.160416, 18.189583], [-67.160416, 18.189859], [-67.160141, 18.189859], [-67.160141, 18.190142], [-67.159584, 18.190142], [-67.159584, 18.190416], [-67.159027, 18.190416], [-67.159027, 18.190969], [-67.15847, 18.190969], [-67.15847, 18.191252], [-67.158195, 18.191252], [-67.158195, 18.191805], [-67.157913, 18.191805], [-67.157913, 18.192083], [-67.157639, 18.192083], [-67.157639, 18.192638], [-67.157082, 18.192638], [-67.157082, 18.192917], [-67.156807, 18.192917], [-67.156807, 18.193474], [-67.156525, 18.193474], [-67.156525, 18.19375], [-67.15625, 18.19375], [-67.15625, 18.194305], [-67.155975, 18.194305], [-67.155975, 18.19486], [-67.155693, 18.19486], [-67.155693, 18.195139], [-67.155418, 18.195139], [-67.155418, 18.195696], [-67.155136, 18.195696], [-67.155136, 18.195972], [-67.154861, 18.195972], [-67.154861, 18.196527], [-67.154587, 18.196527], [-67.154587, 18.197083], [-67.154305, 18.197083], [-67.154305, 18.197361], [-67.154587, 18.197361], [-67.154587, 18.197639], [-67.154305, 18.197639], [-67.154305, 18.198473], [-67.15403, 18.198473], [-67.15403, 18.199308], [-67.153748, 18.199308], [-67.153748, 18.20153], [-67.153473, 18.20153], [-67.153473, 18.202362], [-67.153198, 18.202362], [-67.153198, 18.202641], [-67.153473, 18.202641], [-67.153473, 18.202917], [-67.153198, 18.202917], [-67.153198, 18.203751], [-67.153473, 18.203751], [-67.153473, 18.204027], [-67.153198, 18.204027], [-67.153198, 18.204306], [-67.153473, 18.204306], [-67.153473, 18.205416], [-67.153748, 18.205416], [-67.153748, 18.206806], [-67.15403, 18.206806], [-67.15403, 18.207361], [-67.154305, 18.207361], [-67.154305, 18.20764], [-67.154587, 18.20764], [-67.154587, 18.208195], [-67.154861, 18.208195], [-67.154861, 18.20875], [-67.155136, 18.20875], [-67.155136, 18.210138], [-67.155418, 18.210138], [-67.155418, 18.210695], [-67.155975, 18.210695], [-67.155975, 18.210972], [-67.157082, 18.210972], [-67.157082, 18.21125], [-67.157913, 18.21125], [-67.157913, 18.211527], [-67.158195, 18.211527], [-67.158195, 18.21125], [-67.158752, 18.21125], [-67.158752, 18.211527], [-67.159302, 18.211527], [-67.159302, 18.212084], [-67.159584, 18.212084], [-67.159584, 18.212915], [-67.159302, 18.212915], [-67.159302, 18.213472], [-67.159027, 18.213472], [-67.159027, 18.213751], [-67.158752, 18.213751], [-67.158752, 18.214027], [-67.15847, 18.214027], [-67.15847, 18.214582], [-67.158195, 18.214582], [-67.158195, 18.21653], [-67.15847, 18.21653], [-67.15847, 18.217081], [-67.159584, 18.217081], [-67.159584, 18.216806], [-67.160416, 18.216806], [-67.160416, 18.217361], [-67.160698, 18.217361], [-67.160698, 18.21764], [-67.161247, 18.21764], [-67.161247, 18.217916], [-67.162918, 18.217916], [-67.162918, 18.218195], [-67.163193, 18.218195], [-67.163193, 18.21847], [-67.164581, 18.21847], [-67.164581, 18.218195], [-67.164864, 18.218195], [-67.164864, 18.21847], [-67.165138, 18.21847], [-67.165138, 18.218752], [-67.165695, 18.218752], [-67.165695, 18.219028], [-67.166252, 18.219028], [-67.166252, 18.219305], [-67.167358, 18.219305], [-67.167358, 18.219584], [-67.167641, 18.219584], [-67.167641, 18.219864], [-67.168198, 18.219864], [-67.168198, 18.220139], [-67.168472, 18.220139], [-67.168472, 18.220694], [-67.168747, 18.220694], [-67.168747, 18.220972], [-67.169586, 18.220972], [-67.169586, 18.221251], [-67.170135, 18.221251], [-67.170135, 18.222918], [-67.170692, 18.222918], [-67.170692, 18.223194], [-67.170975, 18.223194], [-67.170975, 18.223749], [-67.171249, 18.223749], [-67.171249, 18.224028], [-67.171806, 18.224028], [-67.171806, 18.224304], [-67.172363, 18.224304], [-67.172363, 18.224861], [-67.172638, 18.224861], [-67.172638, 18.225416], [-67.17292, 18.225416], [-67.17292, 18.225695], [-67.17347, 18.225695], [-67.17347, 18.225973], [-67.173752, 18.225973], [-67.173752, 18.226526], [-67.174026, 18.226526], [-67.174026, 18.227919], [-67.17347, 18.227919], [-67.17347, 18.230694], [-67.173752, 18.230694], [-67.173752, 18.231253], [-67.17347, 18.231253], [-67.17347, 18.235695], [-67.173752, 18.235695], [-67.173752, 18.237638], [-67.17347, 18.237638], [-67.17347, 18.239584], [-67.173752, 18.239584], [-67.173752, 18.241808], [-67.174026, 18.241808], [-67.174026, 18.242916], [-67.174309, 18.242916], [-67.174309, 18.243752], [-67.174583, 18.243752], [-67.174583, 18.244862], [-67.174858, 18.244862], [-67.174858, 18.245138], [-67.17514, 18.245138], [-67.17514, 18.245695], [-67.175415, 18.245695], [-67.175415, 18.246805], [-67.175697, 18.246805], [-67.175697, 18.247917], [-67.175972, 18.247917], [-67.175972, 18.248751], [-67.176247, 18.248751], [-67.176247, 18.249027], [-67.176529, 18.249027], [-67.176529, 18.249584], [-67.176804, 18.249584], [-67.176804, 18.249861], [-67.177086, 18.249861], [-67.177086, 18.250416], [-67.177361, 18.250416], [-67.177361, 18.250694], [-67.177635, 18.250694], [-67.177635, 18.250973], [-67.177917, 18.250973], [-67.177917, 18.251528], [-67.178474, 18.251528], [-67.178474, 18.251804], [-67.178749, 18.251804], [-67.178749, 18.252361], [-67.179031, 18.252361], [-67.179031, 18.253195], [-67.179306, 18.253195], [-67.179306, 18.25375], [-67.179581, 18.25375], [-67.179581, 18.254305], [-67.179863, 18.254305], [-67.179863, 18.255138], [-67.18042, 18.255138], [-67.18042, 18.255695], [-67.180695, 18.255695], [-67.180695, 18.255972], [-67.180969, 18.255972], [-67.180969, 18.256527], [-67.181526, 18.256527], [-67.181526, 18.257084], [-67.181808, 18.257084], [-67.181808, 18.257359], [-67.182083, 18.257359], [-67.182083, 18.257917], [-67.182358, 18.257917], [-67.182358, 18.258194], [-67.18264, 18.258194], [-67.18264, 18.258472], [-67.182915, 18.258472], [-67.182915, 18.258753], [-67.183197, 18.258753], [-67.183197, 18.259027], [-67.183472, 18.259027], [-67.183472, 18.259306], [-67.183746, 18.259306], [-67.183746, 18.260139], [-67.184029, 18.260139], [-67.184029, 18.260695], [-67.184303, 18.260695], [-67.184303, 18.260975], [-67.18486, 18.260975], [-67.18486, 18.26125], [-67.185143, 18.26125], [-67.185143, 18.261806], [-67.185417, 18.261806], [-67.185417, 18.262362], [-67.185692, 18.262362], [-67.185692, 18.262638], [-67.185974, 18.262638], [-67.185974, 18.262917], [-67.186249, 18.262917], [-67.186249, 18.263193], [-67.186531, 18.263193], [-67.186531, 18.26375], [-67.186806, 18.26375], [-67.186806, 18.264029], [-67.18708, 18.264029], [-67.18708, 18.264305], [-67.187363, 18.264305], [-67.187363, 18.264584], [-67.187637, 18.264584], [-67.187637, 18.264862], [-67.188194, 18.264862], [-67.188194, 18.265139], [-67.188469, 18.265139], [-67.188469, 18.265415], [-67.188751, 18.265415], [-67.188751, 18.265694], [-67.189026, 18.265694], [-67.189026, 18.266218], [-67.189026, 18.266525], [-67.189308, 18.266525], [-67.189308, 18.268194], [-67.189026, 18.268194], [-67.189026, 18.268473], [-67.188751, 18.268473], [-67.188751, 18.270142], [-67.189026, 18.270142], [-67.189026, 18.271805], [-67.188751, 18.271805], [-67.188751, 18.272083], [-67.189026, 18.272083], [-67.189026, 18.274584], [-67.189308, 18.274584], [-67.189308, 18.278749], [-67.189583, 18.278749], [-67.189583, 18.279306], [-67.189857, 18.279306], [-67.189857, 18.279861], [-67.19014, 18.279861], [-67.19014, 18.280695], [-67.190414, 18.280695], [-67.190414, 18.281805], [-67.190697, 18.281805], [-67.190697, 18.28347], [-67.190971, 18.28347], [-67.190971, 18.283749], [-67.191254, 18.283749], [-67.191254, 18.284584], [-67.191528, 18.284584], [-67.191528, 18.284863], [-67.191803, 18.284863], [-67.191803, 18.285139], [-67.192085, 18.285139], [-67.192085, 18.285418], [-67.19236, 18.285418], [-67.19236, 18.285694], [-67.192642, 18.285694], [-67.192642, 18.286249], [-67.192917, 18.286249], [-67.192917, 18.286806], [-67.193192, 18.286806], [-67.193192, 18.287083], [-67.193474, 18.287083], [-67.193474, 18.287361], [-67.193748, 18.287361], [-67.193748, 18.28764], [-67.194031, 18.28764], [-67.194031, 18.287916], [-67.194305, 18.287916], [-67.194305, 18.288195], [-67.194862, 18.288195], [-67.194862, 18.28875], [-67.195137, 18.28875], [-67.195137, 18.289028], [-67.195419, 18.289028], [-67.195419, 18.290138], [-67.195969, 18.290138], [-67.195969, 18.290417], [-67.196526, 18.290417], [-67.196526, 18.290695], [-67.197083, 18.290695], [-67.197083, 18.290972], [-67.197914, 18.290972], [-67.197914, 18.29125], [-67.198753, 18.29125], [-67.198753, 18.291529], [-67.200142, 18.291529], [-67.200142, 18.291805], [-67.200417, 18.291805], [-67.200417, 18.292084], [-67.200974, 18.292084], [-67.200974, 18.29236], [-67.202362, 18.29236], [-67.202362, 18.292639], [-67.203476, 18.292639], [-67.203476, 18.292915], [-67.205139, 18.292915], [-67.205139, 18.293194], [-67.205414, 18.293194], [-67.205414, 18.292915], [-67.205696, 18.292915], [-67.205696, 18.293194], [-67.207085, 18.293194], [-67.207085, 18.292915], [-67.207359, 18.292915], [-67.207359, 18.293194], [-67.208473, 18.293194], [-67.208473, 18.293472], [-67.208748, 18.293472], [-67.208748, 18.294027], [-67.20903, 18.294027], [-67.20903, 18.294306], [-67.209305, 18.294306], [-67.209305, 18.294584], [-67.210419, 18.294584], [-67.210419, 18.294861], [-67.211525, 18.294861], [-67.211525, 18.295137], [-67.214027, 18.295137], [-67.214027, 18.294861], [-67.214302, 18.294861], [-67.214302, 18.295137], [-67.217361, 18.295137], [-67.217361, 18.295416], [-67.217918, 18.295416], [-67.217918, 18.295694], [-67.218193, 18.295694], [-67.218193, 18.295973], [-67.219025, 18.295973], [-67.219025, 18.296247], [-67.219307, 18.296247], [-67.219307, 18.29653], [-67.221527, 18.29653], [-67.221527, 18.296247], [-67.222359, 18.296247], [-67.222359, 18.295973], [-67.223473, 18.295973], [-67.223473, 18.296247], [-67.223747, 18.296247], [-67.223747, 18.295973], [-67.225418, 18.295973], [-67.225418, 18.296247], [-67.225975, 18.296247], [-67.225975, 18.296448], [-67.227081, 18.29653], [-67.227081, 18.296806], [-67.227638, 18.296806], [-67.227638, 18.297083], [-67.228195, 18.297083], [-67.228195, 18.297359], [-67.228752, 18.297359], [-67.228752, 18.29764], [-67.230141, 18.29764], [-67.230141, 18.297916], [-67.232361, 18.297916], [-67.232361, 18.298195], [-67.232918, 18.298195], [-67.232918, 18.29847], [-67.233749, 18.29847], [-67.233749, 18.298752], [-67.234306, 18.298752], [-67.234306, 18.299028], [-67.234581, 18.299028], [-67.234581, 18.299305], [-67.235138, 18.299305], [-67.235138, 18.299583], [-67.23542, 18.299583], [-67.23542, 18.299864], [-67.235695, 18.299864], [-67.235695, 18.300138], [-67.23597, 18.300138], [-67.23597, 18.300417], [-67.236252, 18.300417], [-67.236252, 18.300974], [-67.236526, 18.300974], [-67.236526, 18.30125], [-67.236809, 18.30125], [-67.236809, 18.301805], [-67.237083, 18.301805], [-67.237083, 18.302082], [-67.237358, 18.302082], [-67.237358, 18.302361], [-67.23764, 18.302361], [-67.23764, 18.302917], [-67.237915, 18.302917], [-67.237915, 18.303196], [-67.238197, 18.303196], [-67.238197, 18.303749], [-67.238472, 18.303749], [-67.238472, 18.304304], [-67.238747, 18.304304], [-67.238747, 18.304861], [-67.239029, 18.304861], [-67.239029, 18.305695], [-67.239304, 18.305695], [-67.239304, 18.30625], [-67.239861, 18.30625], [-67.239861, 18.307917], [-67.240135, 18.307917], [-67.240135, 18.308748], [-67.240417, 18.308748], [-67.240417, 18.309305], [-67.240692, 18.309305], [-67.240692, 18.310141], [-67.240974, 18.310141], [-67.240974, 18.310417], [-67.241249, 18.310417], [-67.241249, 18.31097], [-67.241531, 18.31097], [-67.241531, 18.311527], [-67.242081, 18.311527], [-67.242081, 18.312363], [-67.242363, 18.312363], [-67.242363, 18.313194], [-67.242638, 18.313194], [-67.242638, 18.313473], [-67.24292, 18.313473], [-67.24292, 18.314306], [-67.243469, 18.314306], [-67.243469, 18.314585], [-67.243752, 18.314585], [-67.243752, 18.31514], [-67.244026, 18.31514], [-67.244026, 18.315416], [-67.244308, 18.315416], [-67.244308, 18.31625], [-67.244583, 18.31625], [-67.244583, 18.316528], [-67.24514, 18.316528], [-67.24514, 18.317083], [-67.245415, 18.317083], [-67.245415, 18.317362], [-67.245697, 18.317362], [-67.245697, 18.317638], [-67.245972, 18.317638], [-67.245972, 18.317917], [-67.246246, 18.317917], [-67.246246, 18.318195], [-67.246529, 18.318195], [-67.246529, 18.318472], [-67.246803, 18.318472], [-67.246803, 18.319027], [-67.247086, 18.319027], [-67.247086, 18.319305], [-67.24736, 18.319305], [-67.24736, 18.320139], [-67.247643, 18.320139], [-67.247643, 18.320419], [-67.247917, 18.320419], [-67.247917, 18.320694], [-67.248192, 18.320694], [-67.248192, 18.321806], [-67.248474, 18.321806], [-67.248474, 18.322359], [-67.248749, 18.322359], [-67.248749, 18.323195], [-67.249031, 18.323195], [-67.249031, 18.324306], [-67.24958, 18.324306], [-67.24958, 18.325138], [-67.249863, 18.325138], [-67.249863, 18.325417], [-67.250137, 18.325417], [-67.250137, 18.326529], [-67.25042, 18.326529], [-67.25042, 18.327917], [-67.250694, 18.327917], [-67.250694, 18.328194], [-67.251251, 18.328194], [-67.251251, 18.328751], [-67.251808, 18.328751], [-67.251808, 18.329584], [-67.252083, 18.329584], [-67.252083, 18.330416], [-67.252357, 18.330416], [-67.252357, 18.330973], [-67.25264, 18.330973], [-67.25264, 18.331249], [-67.252914, 18.331249], [-67.252914, 18.332361], [-67.253197, 18.332361], [-67.253197, 18.33264], [-67.253471, 18.33264], [-67.253471, 18.335138], [-67.253754, 18.335138], [-67.253754, 18.335417], [-67.254028, 18.335417], [-67.254028, 18.336805], [-67.254303, 18.336805], [-67.254303, 18.337358], [-67.254585, 18.337358], [-67.254585, 18.338194], [-67.25486, 18.338194], [-67.25486, 18.338753], [-67.255142, 18.338753], [-67.255142, 18.339306], [-67.255417, 18.339306], [-67.255417, 18.339863], [-67.255692, 18.339863], [-67.255692, 18.340416], [-67.255974, 18.340416], [-67.255974, 18.340975], [-67.256248, 18.340975], [-67.256248, 18.341249], [-67.256531, 18.341249], [-67.256531, 18.341528], [-67.256805, 18.341528], [-67.256805, 18.341806], [-67.25708, 18.341806], [-67.25708, 18.342085], [-67.257637, 18.342085], [-67.257637, 18.342638], [-67.257919, 18.342638], [-67.257919, 18.343193], [-67.258194, 18.343193], [-67.258194, 18.343472], [-67.258751, 18.343472], [-67.258751, 18.34375], [-67.259583, 18.34375], [-67.259583, 18.343472], [-67.259865, 18.343472], [-67.259865, 18.343193], [-67.260139, 18.343193], [-67.260139, 18.343472], [-67.260696, 18.343472], [-67.260696, 18.34375], [-67.261253, 18.34375], [-67.261253, 18.344028], [-67.261528, 18.344028], [-67.261528, 18.344307], [-67.261803, 18.344307], [-67.261803, 18.344862], [-67.262085, 18.344862], [-67.262085, 18.345415], [-67.26236, 18.345415], [-67.26236, 18.345972], [-67.262642, 18.345972], [-67.262642, 18.346251], [-67.263191, 18.346251], [-67.263191, 18.346806], [-67.263474, 18.346806], [-67.263474, 18.347084], [-67.263748, 18.347084], [-67.263748, 18.348473], [-67.26403, 18.348473], [-67.26403, 18.349028], [-67.264305, 18.349028], [-67.264305, 18.349306], [-67.26458, 18.349306], [-67.26458, 18.349583], [-67.265137, 18.349583], [-67.265137, 18.349859], [-67.265694, 18.349859], [-67.265694, 18.350142], [-67.265976, 18.350142], [-67.265976, 18.350416], [-67.266251, 18.350416], [-67.266251, 18.350973], [-67.266525, 18.350973], [-67.266525, 18.351528], [-67.266808, 18.351528], [-67.266808, 18.351805], [-67.267082, 18.351805], [-67.267082, 18.352083], [-67.267365, 18.352083], [-67.267365, 18.352362], [-67.267639, 18.352362], [-67.267639, 18.352638], [-67.267914, 18.352638], [-67.267914, 18.353474], [-67.268196, 18.353474], [-67.268196, 18.35375], [-67.268471, 18.35375], [-67.268471, 18.354029], [-67.268753, 18.354029], [-67.268753, 18.354305], [-67.269028, 18.354305], [-67.269028, 18.354584], [-67.269302, 18.354584], [-67.269302, 18.355139], [-67.269585, 18.355139], [-67.269585, 18.356806], [-67.269859, 18.356806], [-67.269859, 18.357639], [-67.270142, 18.357639], [-67.270142, 18.357916], [-67.270416, 18.357916], [-67.270416, 18.358749], [-67.270691, 18.358749], [-67.270691, 18.359583], [-67.270973, 18.359583], [-67.270973, 18.360138], [-67.271248, 18.360138], [-67.271248, 18.360695], [-67.27153, 18.360695], [-67.27153, 18.360971], [-67.271805, 18.360971], [-67.271805, 18.36347], [-67.271248, 18.36347], [-67.271248, 18.363749], [-67.270973, 18.363749], [-67.270973, 18.364027], [-67.270691, 18.364027], [-67.270416, 18.364584], [-66.962037, 18.320914], [-66.946005, 18.258215], [-66.984117, 18.190185], [-67.137926, 18.143606], [-67.150141, 18.139906]]]]}}, {"type": "Feature", "properties": {"yucayeque": "OTOAO (SanSebastián/ Lares/ Utuado)", "cacique": "Guarionex"}, "geometry": {"type": "MultiPolygon", "coordinates": [[[[-66.548194, 18.269945], [-66.490184, 18.159624], [-66.984117, 18.190185], [-66.946005, 18.258215], [-66.962037, 18.320914], [-66.939139, 18.416375], [-66.719841, 18.362135], [-66.652545, 18.293806], [-66.548194, 18.269945]]]]}}, {"type": "Feature", "properties": {"yucayeque": "ATIBONICO OR JATIBONICU (Orocovis/ Barranquitas/ Coamo) ", "cacique": "Orocobix"}, "geometry": {"type": "MultiPolygon", "coordinates": [[[[-66.325863, 18.254575], [-66.345711, 18.142269], [-66.302114, 18.079963], [-66.359937, 18.068411], [-66.490184, 18.159624], [-66.548194, 18.269945], [-66.471954, 18.322515], [-66.403807, 18.305937], [-66.353974, 18.267113], [-66.325863, 18.254575]]]]}}, {"type": "Feature", "properties": {"yucayeque": "TURABO (Caguas)", "cacique": "Caguax"}, "geometry": {"type": "MultiPolygon", "coordinates": [[[[-66.326349, 18.251824], [-66.325863, 18.254575], [-66.287956, 18.252957], [-66.283697, 18.257406], [-66.246215, 18.259833], [-66.179772, 18.30715], [-66.133346, 18.30715], [-66.109068, 18.292997], [-65.968088, 18.244058], [-65.993644, 18.180133], [-65.981795, 18.123837], [-66.046363, 18.074284], [-66.109068, 18.094729], [-66.160605, 18.09311], [-66.161031, 18.084202], [-66.252178, 18.087846], [-66.254308, 18.079749], [-66.301159, 18.080154], [-66.302114, 18.079963], [-66.345711, 18.142269], [-66.326349, 18.251824]]]]}}, {"type": "Feature", "properties": {"yucayeque": "BIEKE (Vieques, Culebra)", "cacique": "Cacimar"}, "geometry": {"type": "MultiPolygon", "coordinates": [[[[-65.573471, 18.119026], [-65.573471, 18.11875], [-65.572914, 18.11875], [-65.572914, 18.118473], [-65.571251, 18.118473], [-65.571251, 18.119026], [-65.570419, 18.119026], [-65.570419, 18.119305], [-65.569862, 18.119305], [-65.569862, 18.119583], [-65.56958, 18.119583], [-65.56958, 18.119862], [-65.569305, 18.119862], [-65.569305, 18.120136], [-65.569031, 18.120136], [-65.569031, 18.120419], [-65.568474, 18.120419], [-65.568474, 18.120695], [-65.566803, 18.120695], [-65.566803, 18.120419], [-65.566528, 18.120419], [-65.566528, 18.120136], [-65.565414, 18.120136], [-65.565414, 18.119862], [-65.56514, 18.119862], [-65.56514, 18.119583], [-65.564026, 18.119583], [-65.564026, 18.119862], [-65.56292, 18.119862], [-65.56292, 18.119583], [-65.562637, 18.119583], [-65.562637, 18.119862], [-65.562363, 18.119862], [-65.562363, 18.120136], [-65.56208, 18.120136], [-65.56208, 18.120419], [-65.561249, 18.120419], [-65.561249, 18.120695], [-65.560974, 18.120695], [-65.560974, 18.120972], [-65.559586, 18.120972], [-65.559586, 18.120695], [-65.558472, 18.120695], [-65.558472, 18.120419], [-65.55764, 18.120419], [-65.55764, 18.120136], [-65.557358, 18.120136], [-65.557358, 18.119862], [-65.555695, 18.119862], [-65.555695, 18.120419], [-65.553749, 18.120419], [-65.553749, 18.120136], [-65.553192, 18.120136], [-65.553192, 18.119862], [-65.551529, 18.119862], [-65.551529, 18.119583], [-65.551247, 18.119583], [-65.551247, 18.119305], [-65.548195, 18.119305], [-65.548195, 18.119583], [-65.547638, 18.119583], [-65.547638, 18.119862], [-65.545418, 18.119862], [-65.545418, 18.120136], [-65.544304, 18.120136], [-65.544304, 18.120419], [-65.543747, 18.120419], [-65.543747, 18.120695], [-65.542358, 18.120695], [-65.542358, 18.120972], [-65.541527, 18.120972], [-65.541527, 18.121248], [-65.540413, 18.121248], [-65.540413, 18.121531], [-65.540138, 18.121531], [-65.540138, 18.121805], [-65.539307, 18.121805], [-65.539307, 18.122084], [-65.538193, 18.122084], [-65.538193, 18.122358], [-65.537361, 18.122358], [-65.537361, 18.122641], [-65.53653, 18.122641], [-65.53653, 18.122917], [-65.535698, 18.122917], [-65.535698, 18.123194], [-65.535141, 18.123194], [-65.535141, 18.123472], [-65.534859, 18.123472], [-65.534859, 18.123751], [-65.534302, 18.123751], [-65.534302, 18.124027], [-65.533752, 18.124027], [-65.533752, 18.124306], [-65.532913, 18.124306], [-65.532913, 18.124584], [-65.531807, 18.124584], [-65.531807, 18.124863], [-65.53125, 18.124863], [-65.53125, 18.125139], [-65.530693, 18.125139], [-65.530693, 18.125416], [-65.530136, 18.125416], [-65.530136, 18.125694], [-65.529587, 18.125694], [-65.529587, 18.125973], [-65.529305, 18.125973], [-65.529305, 18.126249], [-65.528198, 18.126249], [-65.528198, 18.126528], [-65.527084, 18.126528], [-65.527084, 18.126806], [-65.52597, 18.126806], [-65.52597, 18.127083], [-65.525696, 18.127083], [-65.525696, 18.127361], [-65.525139, 18.127361], [-65.525139, 18.12764], [-65.524582, 18.12764], [-65.524582, 18.127916], [-65.523476, 18.127916], [-65.523476, 18.128195], [-65.522362, 18.128195], [-65.522362, 18.128471], [-65.521805, 18.128471], [-65.521805, 18.12875], [-65.519028, 18.12875], [-65.519028, 18.129028], [-65.516808, 18.129028], [-65.516808, 18.129305], [-65.515976, 18.129305], [-65.515976, 18.129583], [-65.515694, 18.129583], [-65.515694, 18.129862], [-65.515137, 18.129862], [-65.515137, 18.130138], [-65.514862, 18.130138], [-65.514862, 18.130417], [-65.51458, 18.130417], [-65.51458, 18.130695], [-65.514305, 18.130695], [-65.514305, 18.13125], [-65.51403, 18.13125], [-65.51403, 18.131805], [-65.513748, 18.131805], [-65.513748, 18.132084], [-65.512642, 18.132084], [-65.512642, 18.13236], [-65.51236, 18.13236], [-65.51236, 18.134583], [-65.512642, 18.134583], [-65.512642, 18.137083], [-65.512917, 18.137083], [-65.512917, 18.139305], [-65.513191, 18.139305], [-65.513191, 18.141806], [-65.513474, 18.141806], [-65.513474, 18.144304], [-65.513748, 18.144304], [-65.513748, 18.146526], [-65.51403, 18.146526], [-65.51403, 18.147919], [-65.51458, 18.147919], [-65.51458, 18.148195], [-65.515137, 18.148195], [-65.515137, 18.148472], [-65.515694, 18.148472], [-65.515694, 18.149029], [-65.51458, 18.149029], [-65.51458, 18.148748], [-65.514305, 18.148748], [-65.514305, 18.148472], [-65.51403, 18.148472], [-65.51403, 18.151253], [-65.513191, 18.151253], [-65.513191, 18.149584], [-65.512917, 18.149584], [-65.512917, 18.146805], [-65.512642, 18.146805], [-65.512642, 18.144028], [-65.51236, 18.144028], [-65.51236, 18.141251], [-65.512085, 18.141251], [-65.512085, 18.138472], [-65.511803, 18.138472], [-65.511803, 18.135695], [-65.511528, 18.135695], [-65.511528, 18.134029], [-65.510971, 18.134029], [-65.510971, 18.133751], [-65.510139, 18.133751], [-65.510139, 18.133472], [-65.508194, 18.133472], [-65.508194, 18.133751], [-65.507637, 18.133751], [-65.507637, 18.133472], [-65.505974, 18.133472], [-65.505974, 18.133751], [-65.504585, 18.133751], [-65.504585, 18.134029], [-65.504028, 18.134029], [-65.504028, 18.134308], [-65.503754, 18.134308], [-65.503754, 18.135138], [-65.503471, 18.135138], [-65.503471, 18.135973], [-65.503197, 18.135973], [-65.503197, 18.136251], [-65.502914, 18.136251], [-65.502914, 18.13653], [-65.499863, 18.13653], [-65.499863, 18.135973], [-65.498749, 18.135973], [-65.498749, 18.135695], [-65.497643, 18.135695], [-65.497643, 18.135138], [-65.496529, 18.135138], [-65.496529, 18.135418], [-65.496246, 18.135418], [-65.496246, 18.135695], [-65.495697, 18.135695], [-65.495697, 18.135973], [-65.493469, 18.135973], [-65.493469, 18.136251], [-65.491531, 18.136251], [-65.491531, 18.13653], [-65.490417, 18.13653], [-65.490417, 18.136806], [-65.489861, 18.136806], [-65.489861, 18.137083], [-65.489029, 18.137083], [-65.489029, 18.137362], [-65.488197, 18.137362], [-65.488197, 18.136806], [-65.48764, 18.136806], [-65.48764, 18.137083], [-65.487083, 18.137083], [-65.487083, 18.137638], [-65.486809, 18.137638], [-65.486809, 18.137917], [-65.486526, 18.137917], [-65.486526, 18.138195], [-65.48597, 18.138195], [-65.48597, 18.138472], [-65.485138, 18.138472], [-65.485138, 18.13875], [-65.484863, 18.13875], [-65.484863, 18.139029], [-65.484581, 18.139029], [-65.484581, 18.139305], [-65.484306, 18.139305], [-65.484306, 18.139584], [-65.484024, 18.139584], [-65.484024, 18.139862], [-65.482635, 18.139862], [-65.482635, 18.140139], [-65.482086, 18.140139], [-65.482086, 18.140417], [-65.481804, 18.140417], [-65.481804, 18.140694], [-65.480972, 18.140694], [-65.480972, 18.140972], [-65.480141, 18.140972], [-65.480141, 18.141527], [-65.47847, 18.141527], [-65.47847, 18.141806], [-65.477364, 18.141806], [-65.477364, 18.141527], [-65.47625, 18.141527], [-65.47625, 18.142361], [-65.473747, 18.142361], [-65.473747, 18.142916], [-65.473473, 18.142916], [-65.473473, 18.143194], [-65.473198, 18.143194], [-65.473198, 18.143473], [-65.472084, 18.143473], [-65.472084, 18.143749], [-65.471252, 18.143749], [-65.471252, 18.144028], [-65.469582, 18.144028], [-65.469582, 18.144304], [-65.467087, 18.144304], [-65.467087, 18.144583], [-65.464302, 18.144583], [-65.464302, 18.144861], [-65.463753, 18.144861], [-65.463753, 18.145416], [-65.462082, 18.145416], [-65.462082, 18.145695], [-65.460693, 18.145695], [-65.460693, 18.145971], [-65.459305, 18.145971], [-65.459305, 18.14625], [-65.450691, 18.14625], [-65.450691, 18.146526], [-65.449585, 18.146526], [-65.449585, 18.146805], [-65.448471, 18.146805], [-65.448471, 18.147083], [-65.446808, 18.147083], [-65.446808, 18.147362], [-65.445419, 18.147362], [-65.445419, 18.147636], [-65.445137, 18.147636], [-65.445137, 18.147919], [-65.444862, 18.147919], [-65.444862, 18.149858], [-65.444305, 18.149858], [-65.444305, 18.150141], [-65.444031, 18.150141], [-65.444031, 18.150694], [-65.443748, 18.150694], [-65.443748, 18.151253], [-65.443474, 18.151253], [-65.443474, 18.151806], [-65.444031, 18.151806], [-65.444031, 18.152363], [-65.444305, 18.152363], [-65.444305, 18.154585], [-65.444031, 18.154585], [-65.444031, 18.155416], [-65.443748, 18.155416], [-65.443748, 18.155693], [-65.443474, 18.155693], [-65.443474, 18.155972], [-65.443192, 18.155972], [-65.443192, 18.15625], [-65.442917, 18.15625], [-65.442917, 18.156528], [-65.442085, 18.156528], [-65.442085, 18.156803], [-65.441803, 18.156803], [-65.441803, 18.157084], [-65.440971, 18.157084], [-65.440971, 18.157362], [-65.440697, 18.157362], [-65.440697, 18.157639], [-65.439857, 18.157639], [-65.439857, 18.157915], [-65.439583, 18.157915], [-65.439583, 18.158194], [-65.438469, 18.158194], [-65.438469, 18.158472], [-65.435692, 18.158472], [-65.435692, 18.158194], [-65.432083, 18.158194], [-65.432083, 18.158472], [-65.431526, 18.158472], [-65.431526, 18.158751], [-65.428749, 18.158751], [-65.428749, 18.159025], [-65.425415, 18.159025], [-65.425415, 18.159306], [-65.420135, 18.159306], [-65.420135, 18.159584], [-65.417915, 18.159584], [-65.417915, 18.159861], [-65.412918, 18.159861], [-65.412918, 18.160137], [-65.412086, 18.160137], [-65.412086, 18.160419], [-65.41153, 18.160419], [-65.41153, 18.160694], [-65.410698, 18.160694], [-65.410698, 18.160973], [-65.40847, 18.160973], [-65.40847, 18.161247], [-65.407913, 18.161247], [-65.407913, 18.16153], [-65.406525, 18.16153], [-65.406525, 18.161806], [-65.405136, 18.161806], [-65.405136, 18.162083], [-65.403198, 18.162083], [-65.403198, 18.162359], [-65.399582, 18.162359], [-65.399582, 18.162638], [-65.398476, 18.162638], [-65.398476, 18.162916], [-65.397087, 18.162916], [-65.397087, 18.162638], [-65.39653, 18.162638], [-65.39653, 18.162359], [-65.396248, 18.162359], [-65.396248, 18.162638], [-65.395691, 18.162638], [-65.395691, 18.162916], [-65.393753, 18.162916], [-65.393753, 18.162638], [-65.392082, 18.162638], [-65.392082, 18.162359], [-65.391808, 18.162359], [-65.391808, 18.162083], [-65.390976, 18.162083], [-65.390976, 18.161806], [-65.390419, 18.161806], [-65.390419, 18.161247], [-65.390137, 18.161247], [-65.390137, 18.160973], [-65.389862, 18.160973], [-65.389862, 18.160694], [-65.389305, 18.160694], [-65.389305, 18.160419], [-65.388474, 18.160419], [-65.388474, 18.160694], [-65.387085, 18.160694], [-65.387085, 18.160973], [-65.386253, 18.160973], [-65.386253, 18.160694], [-65.384583, 18.160694], [-65.384583, 18.160973], [-65.384026, 18.160973], [-65.384026, 18.160694], [-65.383751, 18.160694], [-65.383751, 18.160419], [-65.383469, 18.160419], [-65.383469, 18.160137], [-65.382637, 18.160137], [-65.382637, 18.159861], [-65.38208, 18.159861], [-65.38208, 18.160137], [-65.381248, 18.160137], [-65.381248, 18.159861], [-65.380974, 18.159861], [-65.380974, 18.159584], [-65.380417, 18.159584], [-65.380417, 18.159306], [-65.37986, 18.159306], [-65.37986, 18.159025], [-65.379585, 18.159025], [-65.379585, 18.158751], [-65.379028, 18.158751], [-65.379028, 18.158472], [-65.378754, 18.158472], [-65.378754, 18.158194], [-65.377357, 18.158194], [-65.377357, 18.157915], [-65.375137, 18.157915], [-65.375137, 18.157639], [-65.374863, 18.157639], [-65.374863, 18.157362], [-65.370697, 18.157362], [-65.370697, 18.157915], [-65.368752, 18.157915], [-65.368752, 18.157639], [-65.368469, 18.157639], [-65.368469, 18.158194], [-65.365417, 18.158194], [-65.365417, 18.157915], [-65.364861, 18.157915], [-65.364861, 18.157639], [-65.364586, 18.157639], [-65.364586, 18.157362], [-65.364304, 18.157362], [-65.364304, 18.157084], [-65.364029, 18.157084], [-65.364029, 18.156803], [-65.363747, 18.156803], [-65.363747, 18.156528], [-65.363472, 18.156528], [-65.363472, 18.15625], [-65.363197, 18.15625], [-65.363197, 18.155693], [-65.362915, 18.155693], [-65.362915, 18.155416], [-65.36264, 18.155416], [-65.36264, 18.154861], [-65.362358, 18.154861], [-65.362358, 18.154585], [-65.362083, 18.154585], [-65.362083, 18.154306], [-65.361809, 18.154306], [-65.361809, 18.153749], [-65.36097, 18.153749], [-65.36097, 18.153473], [-65.360695, 18.153473], [-65.360695, 18.153194], [-65.360138, 18.153194], [-65.360138, 18.153473], [-65.359581, 18.153473], [-65.359581, 18.153749], [-65.359024, 18.153749], [-65.359024, 18.154028], [-65.358475, 18.154028], [-65.358475, 18.154306], [-65.357918, 18.154306], [-65.357918, 18.154585], [-65.357361, 18.154585], [-65.357361, 18.154861], [-65.357086, 18.154861], [-65.357086, 18.155138], [-65.356804, 18.155138], [-65.356804, 18.155972], [-65.356247, 18.155972], [-65.356247, 18.155693], [-65.355415, 18.155693], [-65.355415, 18.155416], [-65.354309, 18.155416], [-65.354309, 18.155138], [-65.353195, 18.155138], [-65.353195, 18.154861], [-65.352638, 18.154861], [-65.352638, 18.154585], [-65.352081, 18.154585], [-65.352081, 18.154306], [-65.351807, 18.154306], [-65.351807, 18.154028], [-65.351524, 18.154028], [-65.351524, 18.153749], [-65.350975, 18.153749], [-65.350975, 18.153194], [-65.350693, 18.153194], [-65.350693, 18.152916], [-65.350418, 18.152916], [-65.350418, 18.152639], [-65.349861, 18.152639], [-65.349861, 18.152363], [-65.348747, 18.152363], [-65.348747, 18.152082], [-65.347359, 18.152082], [-65.347359, 18.151806], [-65.346527, 18.151806], [-65.346527, 18.151527], [-65.345695, 18.151527], [-65.345695, 18.151253], [-65.344864, 18.151253], [-65.344864, 18.150694], [-65.343475, 18.150694], [-65.343475, 18.150417], [-65.342361, 18.150417], [-65.342361, 18.150141], [-65.341805, 18.150141], [-65.341805, 18.149858], [-65.340973, 18.149858], [-65.340973, 18.149305], [-65.340141, 18.149305], [-65.340141, 18.149584], [-65.338753, 18.149584], [-65.338753, 18.149858], [-65.337914, 18.149858], [-65.337914, 18.150141], [-65.336525, 18.150141], [-65.336525, 18.150417], [-65.334587, 18.150417], [-65.334587, 18.149305], [-65.335419, 18.149305], [-65.335419, 18.148472], [-65.335136, 18.148472], [-65.335136, 18.148195], [-65.33403, 18.148195], [-65.33403, 18.148472], [-65.332916, 18.148472], [-65.332916, 18.148748], [-65.332085, 18.148748], [-65.332085, 18.148472], [-65.331802, 18.148472], [-65.331802, 18.148195], [-65.331528, 18.148195], [-65.331528, 18.147362], [-65.331253, 18.147362], [-65.331253, 18.146805], [-65.329865, 18.146805], [-65.329865, 18.147919], [-65.329582, 18.147919], [-65.329582, 18.148472], [-65.329308, 18.148472], [-65.329308, 18.148748], [-65.328751, 18.148748], [-65.328751, 18.148472], [-65.328194, 18.148472], [-65.328194, 18.148748], [-65.327919, 18.148748], [-65.327919, 18.149029], [-65.327637, 18.149029], [-65.327637, 18.149584], [-65.32708, 18.149584], [-65.32708, 18.149858], [-65.32486, 18.149858], [-65.32486, 18.149584], [-65.324303, 18.149584], [-65.324303, 18.149305], [-65.323471, 18.149305], [-65.323471, 18.149029], [-65.323196, 18.149029], [-65.323196, 18.148748], [-65.322914, 18.148748], [-65.322914, 18.147919], [-65.322639, 18.147919], [-65.322639, 18.147083], [-65.322365, 18.147083], [-65.322365, 18.146805], [-65.322083, 18.146805], [-65.322083, 18.146526], [-65.321526, 18.146526], [-65.321526, 18.14625], [-65.320969, 18.14625], [-65.320969, 18.146526], [-65.320419, 18.146526], [-65.320419, 18.14625], [-65.320137, 18.14625], [-65.320137, 18.145971], [-65.319862, 18.145971], [-65.319862, 18.145695], [-65.319031, 18.145695], [-65.319031, 18.145416], [-65.318192, 18.145416], [-65.318192, 18.145695], [-65.317917, 18.145695], [-65.317917, 18.145416], [-65.317085, 18.145416], [-65.317085, 18.14514], [-65.316803, 18.14514], [-65.316803, 18.144861], [-65.315971, 18.144861], [-65.315971, 18.144583], [-65.315414, 18.144583], [-65.315414, 18.144861], [-65.314026, 18.144861], [-65.314026, 18.144583], [-65.313751, 18.144583], [-65.313751, 18.144304], [-65.31292, 18.144304], [-65.31292, 18.144583], [-65.311806, 18.144583], [-65.311806, 18.144861], [-65.310692, 18.144861], [-65.310692, 18.14514], [-65.30986, 18.14514], [-65.30986, 18.145416], [-65.308472, 18.145416], [-65.308472, 18.14514], [-65.308197, 18.14514], [-65.308197, 18.144861], [-65.307915, 18.144861], [-65.307915, 18.144304], [-65.307358, 18.144304], [-65.307358, 18.144028], [-65.307083, 18.144028], [-65.307083, 18.143749], [-65.306526, 18.143749], [-65.306526, 18.143473], [-65.306252, 18.143473], [-65.306252, 18.143194], [-65.305695, 18.143194], [-65.305695, 18.142916], [-65.30542, 18.142916], [-65.30542, 18.142639], [-65.305138, 18.142639], [-65.305138, 18.142361], [-65.304581, 18.142361], [-65.304581, 18.142084], [-65.303474, 18.142084], [-65.303474, 18.141806], [-65.303192, 18.141806], [-65.303192, 18.141527], [-65.302635, 18.141527], [-65.302635, 18.141806], [-65.302361, 18.141806], [-65.302361, 18.142084], [-65.301804, 18.142084], [-65.301804, 18.143749], [-65.302086, 18.143749], [-65.302086, 18.144028], [-65.301529, 18.144028], [-65.301529, 18.144304], [-65.30014, 18.144304], [-65.30014, 18.144028], [-65.298752, 18.144028], [-65.298752, 18.143749], [-65.29792, 18.143749], [-65.29792, 18.143473], [-65.297081, 18.143473], [-65.297081, 18.143194], [-65.296806, 18.143194], [-65.296806, 18.142916], [-65.295418, 18.142916], [-65.295418, 18.143473], [-65.294861, 18.143473], [-65.294861, 18.14514], [-65.294586, 18.14514], [-65.294586, 18.145416], [-65.294304, 18.145416], [-65.294304, 18.145695], [-65.294029, 18.145695], [-65.294029, 18.145971], [-65.292358, 18.145971], [-65.292358, 18.14625], [-65.292084, 18.14625], [-65.292084, 18.146526], [-65.291527, 18.146526], [-65.291527, 18.147083], [-65.291252, 18.147083], [-65.291252, 18.147362], [-65.29097, 18.147362], [-65.29097, 18.147919], [-65.290695, 18.147919], [-65.290695, 18.148195], [-65.289581, 18.148195], [-65.289581, 18.148472], [-65.288193, 18.148472], [-65.288193, 18.148195], [-65.287918, 18.148195], [-65.287918, 18.147636], [-65.287636, 18.147636], [-65.287636, 18.147362], [-65.287361, 18.147362], [-65.287361, 18.147083], [-65.287086, 18.147083], [-65.287086, 18.146805], [-65.286804, 18.146805], [-65.286804, 18.14514], [-65.28653, 18.14514], [-65.28653, 18.144028], [-65.284859, 18.144028], [-65.284859, 18.144583], [-65.284584, 18.144583], [-65.284584, 18.14514], [-65.284302, 18.14514], [-65.284302, 18.145695], [-65.282913, 18.145695], [-65.282913, 18.145416], [-65.282639, 18.145416], [-65.282639, 18.14514], [-65.282364, 18.14514], [-65.282364, 18.144028], [-65.282082, 18.144028], [-65.282082, 18.143473], [-65.281807, 18.143473], [-65.281807, 18.142916], [-65.281525, 18.142916], [-65.281525, 18.142639], [-65.28125, 18.142639], [-65.28125, 18.142361], [-65.280975, 18.142361], [-65.280975, 18.141806], [-65.280693, 18.141806], [-65.280693, 18.140139], [-65.280418, 18.140139], [-65.280418, 18.139862], [-65.280136, 18.139862], [-65.280136, 18.139584], [-65.279861, 18.139584], [-65.279861, 18.139305], [-65.279587, 18.139305], [-65.279587, 18.139029], [-65.277359, 18.139029], [-65.277359, 18.13875], [-65.277641, 18.13875], [-65.277641, 18.138472], [-65.277916, 18.138472], [-65.277916, 18.138195], [-65.278198, 18.138195], [-65.278198, 18.137917], [-65.278473, 18.137917], [-65.278473, 18.137638], [-65.278198, 18.137638], [-65.278198, 18.13653], [-65.277916, 18.13653], [-65.277916, 18.136251], [-65.277641, 18.136251], [-65.277641, 18.135973], [-65.277359, 18.135973], [-65.277359, 18.135695], [-65.277084, 18.135695], [-65.277084, 18.135418], [-65.276802, 18.135418], [-65.276802, 18.135138], [-65.276527, 18.135138], [-65.276527, 18.134859], [-65.27597, 18.134859], [-65.27597, 18.134308], [-65.275696, 18.134308], [-65.275696, 18.134029], [-65.275414, 18.134029], [-65.275414, 18.133751], [-65.274582, 18.133751], [-65.274582, 18.134029], [-65.274307, 18.134029], [-65.274307, 18.134308], [-65.27375, 18.134308], [-65.27375, 18.134583], [-65.273193, 18.134583], [-65.273193, 18.134308], [-65.272087, 18.134308], [-65.272087, 18.134859], [-65.271805, 18.134859], [-65.271805, 18.135138], [-65.271248, 18.135138], [-65.271248, 18.135418], [-65.269859, 18.135418], [-65.269859, 18.135695], [-65.269585, 18.135695], [-65.269585, 18.135973], [-65.269028, 18.135973], [-65.269028, 18.136251], [-65.267914, 18.136251], [-65.267914, 18.135973], [-65.267639, 18.135973], [-65.267639, 18.135695], [-65.267365, 18.135695], [-65.267365, 18.135418], [-65.267082, 18.135418], [-65.267082, 18.134029], [-65.267365, 18.134029], [-65.267365, 18.133751], [-65.267914, 18.133751], [-65.267914, 18.133472], [-65.269302, 18.133472], [-65.269302, 18.134029], [-65.269859, 18.134029], [-65.269859, 18.133751], [-65.270416, 18.133751], [-65.270416, 18.133472], [-65.270691, 18.133472], [-65.270691, 18.132915], [-65.270973, 18.132915], [-65.270973, 18.13236], [-65.271248, 18.13236], [-65.271248, 18.13125], [-65.27153, 18.13125], [-65.27153, 18.130972], [-65.271805, 18.130972], [-65.271805, 18.130695], [-65.272087, 18.130695], [-65.272087, 18.129028], [-65.272362, 18.129028], [-65.272362, 18.12875], [-65.272919, 18.12875], [-65.272919, 18.129583], [-65.273193, 18.129583], [-65.273193, 18.129862], [-65.273476, 18.129862], [-65.273476, 18.130138], [-65.27375, 18.130138], [-65.27375, 18.130417], [-65.275139, 18.130417], [-65.275139, 18.13125], [-65.275414, 18.13125], [-65.275414, 18.131527], [-65.27597, 18.131527], [-65.27597, 18.131805], [-65.277916, 18.131805], [-65.277916, 18.132084], [-65.280136, 18.132084], [-65.280136, 18.13236], [-65.281807, 18.13236], [-65.281807, 18.132639], [-65.282913, 18.132639], [-65.282913, 18.132915], [-65.28347, 18.132915], [-65.28347, 18.132639], [-65.283752, 18.132639], [-65.283752, 18.13236], [-65.284302, 18.13236], [-65.284302, 18.132084], [-65.284584, 18.132084], [-65.284584, 18.131805], [-65.285141, 18.131805], [-65.285141, 18.131527], [-65.285973, 18.131527], [-65.285973, 18.13125], [-65.286247, 18.13125], [-65.286247, 18.130972], [-65.286804, 18.130972], [-65.286804, 18.130695], [-65.287636, 18.130695], [-65.287636, 18.130417], [-65.288475, 18.130417], [-65.288475, 18.130138], [-65.290138, 18.130138], [-65.290138, 18.129862], [-65.292084, 18.129862], [-65.292084, 18.129583], [-65.292641, 18.129583], [-65.292641, 18.129305], [-65.292915, 18.129305], [-65.292915, 18.129028], [-65.293747, 18.129028], [-65.293747, 18.12875], [-65.294029, 18.12875], [-65.294029, 18.128195], [-65.294304, 18.128195], [-65.294304, 18.127916], [-65.294586, 18.127916], [-65.294586, 18.127361], [-65.294861, 18.127361], [-65.294861, 18.127083], [-65.295135, 18.127083], [-65.295135, 18.126806], [-65.295692, 18.126806], [-65.295692, 18.127083], [-65.296249, 18.127083], [-65.296249, 18.127361], [-65.296524, 18.127361], [-65.296524, 18.128195], [-65.296806, 18.128195], [-65.296806, 18.130138], [-65.297081, 18.130138], [-65.297081, 18.130695], [-65.297363, 18.130695], [-65.297363, 18.130972], [-65.297638, 18.130972], [-65.297638, 18.131527], [-65.29792, 18.131527], [-65.29792, 18.132084], [-65.298195, 18.132084], [-65.298195, 18.134308], [-65.29847, 18.134308], [-65.29847, 18.134583], [-65.298752, 18.134583], [-65.298752, 18.135138], [-65.299858, 18.135138], [-65.299858, 18.135418], [-65.300972, 18.135418], [-65.300972, 18.134029], [-65.302917, 18.134029], [-65.302917, 18.134308], [-65.303474, 18.134308], [-65.303474, 18.135138], [-65.304031, 18.135138], [-65.304031, 18.135418], [-65.304581, 18.135418], [-65.304581, 18.134583], [-65.304306, 18.134583], [-65.304306, 18.133751], [-65.30542, 18.133751], [-65.30542, 18.134308], [-65.305695, 18.134308], [-65.305695, 18.135138], [-65.305969, 18.135138], [-65.305969, 18.135418], [-65.306808, 18.135418], [-65.306808, 18.135138], [-65.30764, 18.135138], [-65.30764, 18.134859], [-65.307915, 18.134859], [-65.307915, 18.134583], [-65.308197, 18.134583], [-65.308197, 18.134308], [-65.308472, 18.134308], [-65.308472, 18.134029], [-65.308746, 18.134029], [-65.308746, 18.133751], [-65.309029, 18.133751], [-65.309029, 18.133472], [-65.309303, 18.133472], [-65.309303, 18.132915], [-65.309586, 18.132915], [-65.309586, 18.132639], [-65.30986, 18.132639], [-65.30986, 18.131805], [-65.310143, 18.131805], [-65.310143, 18.129583], [-65.30986, 18.129583], [-65.30986, 18.129305], [-65.309586, 18.129305], [-65.309586, 18.129028], [-65.309303, 18.129028], [-65.309303, 18.12875], [-65.308197, 18.12875], [-65.308197, 18.129028], [-65.30764, 18.129028], [-65.30764, 18.12875], [-65.307358, 18.12875], [-65.307358, 18.127361], [-65.30764, 18.127361], [-65.30764, 18.125973], [-65.307915, 18.125973], [-65.307915, 18.125694], [-65.308746, 18.125694], [-65.308746, 18.126249], [-65.309303, 18.126249], [-65.309303, 18.126528], [-65.309586, 18.126528], [-65.309586, 18.126806], [-65.310143, 18.126806], [-65.310143, 18.126528], [-65.310417, 18.126528], [-65.310417, 18.126249], [-65.310692, 18.126249], [-65.310692, 18.125973], [-65.312363, 18.125973], [-65.312363, 18.125694], [-65.31292, 18.125694], [-65.31292, 18.125416], [-65.313194, 18.125416], [-65.313194, 18.124863], [-65.31514, 18.124863], [-65.31514, 18.125139], [-65.315697, 18.125139], [-65.315697, 18.124306], [-65.315971, 18.124306], [-65.315971, 18.123472], [-65.316254, 18.123472], [-65.316254, 18.123194], [-65.316803, 18.123194], [-65.316803, 18.123751], [-65.317085, 18.123751], [-65.317085, 18.124027], [-65.317642, 18.124027], [-65.317642, 18.125139], [-65.317917, 18.125139], [-65.317917, 18.125416], [-65.318192, 18.125416], [-65.318192, 18.125694], [-65.319031, 18.125694], [-65.319031, 18.126528], [-65.319305, 18.126528], [-65.319305, 18.126806], [-65.319862, 18.126806], [-65.319862, 18.127083], [-65.320137, 18.127083], [-65.320137, 18.126806], [-65.321251, 18.126806], [-65.321251, 18.126528], [-65.322365, 18.126528], [-65.322365, 18.126249], [-65.322639, 18.126249], [-65.322639, 18.125973], [-65.324028, 18.125973], [-65.324028, 18.125694], [-65.324585, 18.125694], [-65.324585, 18.125416], [-65.325691, 18.125416], [-65.325691, 18.125139], [-65.326248, 18.125139], [-65.326248, 18.124863], [-65.326805, 18.124863], [-65.326805, 18.124584], [-65.32708, 18.124584], [-65.32708, 18.124306], [-65.327362, 18.124306], [-65.327362, 18.123472], [-65.327637, 18.123472], [-65.327637, 18.122641], [-65.327362, 18.122641], [-65.327362, 18.119862], [-65.327919, 18.119862], [-65.327919, 18.120136], [-65.328476, 18.120136], [-65.328476, 18.120972], [-65.328751, 18.120972], [-65.328751, 18.121531], [-65.329025, 18.121531], [-65.329025, 18.121805], [-65.329308, 18.121805], [-65.329308, 18.122084], [-65.330139, 18.122084], [-65.330139, 18.122358], [-65.330414, 18.122358], [-65.330414, 18.124584], [-65.330696, 18.124584], [-65.330696, 18.125139], [-65.331253, 18.125139], [-65.331253, 18.125694], [-65.333473, 18.125694], [-65.333473, 18.125416], [-65.33403, 18.125416], [-65.33403, 18.125139], [-65.334305, 18.125139], [-65.334305, 18.124306], [-65.334587, 18.124306], [-65.334587, 18.123751], [-65.334305, 18.123751], [-65.334305, 18.123472], [-65.33403, 18.123472], [-65.33403, 18.123194], [-65.333748, 18.123194], [-65.333748, 18.121531], [-65.33403, 18.121531], [-65.33403, 18.121248], [-65.334305, 18.121248], [-65.334305, 18.120695], [-65.334862, 18.120695], [-65.334862, 18.120972], [-65.335136, 18.120972], [-65.335136, 18.121248], [-65.335419, 18.121248], [-65.335419, 18.120695], [-65.335136, 18.120695], [-65.335136, 18.120136], [-65.334862, 18.120136], [-65.334862, 18.119583], [-65.334305, 18.119583], [-65.334305, 18.119026], [-65.33403, 18.119026], [-65.33403, 18.11875], [-65.333473, 18.11875], [-65.333473, 18.116804], [-65.33403, 18.116804], [-65.33403, 18.117083], [-65.334587, 18.117083], [-65.334587, 18.117361], [-65.335136, 18.117361], [-65.335136, 18.11764], [-65.335419, 18.11764], [-65.335419, 18.117914], [-65.335693, 18.117914], [-65.335693, 18.118195], [-65.335976, 18.118195], [-65.335976, 18.118473], [-65.33625, 18.118473], [-65.33625, 18.11875], [-65.336807, 18.11875], [-65.336807, 18.120136], [-65.337082, 18.120136], [-65.337082, 18.120419], [-65.337364, 18.120419], [-65.337364, 18.120695], [-65.337914, 18.120695], [-65.337914, 18.119862], [-65.33847, 18.119862], [-65.33847, 18.119305], [-65.338196, 18.119305], [-65.338196, 18.118473], [-65.337639, 18.118473], [-65.337639, 18.118195], [-65.337364, 18.118195], [-65.337364, 18.11764], [-65.337082, 18.11764], [-65.337082, 18.117083], [-65.33625, 18.117083], [-65.33625, 18.116249], [-65.335976, 18.116249], [-65.335976, 18.114305], [-65.336525, 18.114305], [-65.336525, 18.114027], [-65.337364, 18.114027], [-65.337364, 18.11375], [-65.337639, 18.11375], [-65.337639, 18.113474], [-65.337914, 18.113474], [-65.337914, 18.113194], [-65.338196, 18.113194], [-65.338196, 18.112638], [-65.33847, 18.112638], [-65.33847, 18.112083], [-65.339584, 18.112083], [-65.339584, 18.112364], [-65.339859, 18.112364], [-65.339859, 18.112638], [-65.340141, 18.112638], [-65.340141, 18.114305], [-65.339859, 18.114305], [-65.339859, 18.114861], [-65.339584, 18.114861], [-65.339584, 18.115973], [-65.340698, 18.115973], [-65.340698, 18.116249], [-65.340973, 18.116249], [-65.340973, 18.115973], [-65.341248, 18.115973], [-65.341248, 18.115417], [-65.34153, 18.115417], [-65.34153, 18.114861], [-65.341805, 18.114861], [-65.341805, 18.114027], [-65.34153, 18.114027], [-65.34153, 18.112917], [-65.341805, 18.112917], [-65.341805, 18.111805], [-65.342087, 18.111805], [-65.342087, 18.111528], [-65.342636, 18.111528], [-65.342636, 18.11097], [-65.343193, 18.11097], [-65.343193, 18.111528], [-65.34375, 18.111528], [-65.34375, 18.111805], [-65.345413, 18.111805], [-65.345413, 18.112083], [-65.34597, 18.112083], [-65.34597, 18.111528], [-65.346252, 18.111528], [-65.346252, 18.110416], [-65.347359, 18.110416], [-65.347359, 18.11097], [-65.347641, 18.11097], [-65.347641, 18.111252], [-65.347916, 18.111252], [-65.347916, 18.111528], [-65.348198, 18.111528], [-65.348198, 18.111805], [-65.348473, 18.111805], [-65.348473, 18.112083], [-65.348747, 18.112083], [-65.348747, 18.112364], [-65.34903, 18.112364], [-65.34903, 18.112083], [-65.350136, 18.112083], [-65.350136, 18.111805], [-65.350418, 18.111805], [-65.350418, 18.111528], [-65.351807, 18.111528], [-65.351807, 18.111805], [-65.352081, 18.111805], [-65.352081, 18.112083], [-65.354584, 18.112083], [-65.354584, 18.112364], [-65.355415, 18.112364], [-65.355415, 18.112638], [-65.355972, 18.112638], [-65.355972, 18.113474], [-65.355141, 18.113474], [-65.355141, 18.113194], [-65.352638, 18.113194], [-65.352638, 18.113474], [-65.352364, 18.113474], [-65.352364, 18.11375], [-65.35125, 18.11375], [-65.35125, 18.114027], [-65.350975, 18.114027], [-65.350975, 18.114305], [-65.350693, 18.114305], [-65.350693, 18.114582], [-65.349304, 18.114582], [-65.349304, 18.114861], [-65.348198, 18.114861], [-65.348198, 18.115417], [-65.347084, 18.115417], [-65.347084, 18.115696], [-65.345695, 18.115696], [-65.345695, 18.115973], [-65.345139, 18.115973], [-65.345139, 18.115696], [-65.343475, 18.115696], [-65.343475, 18.115973], [-65.34375, 18.115973], [-65.34375, 18.117083], [-65.343475, 18.117083], [-65.343475, 18.117361], [-65.343193, 18.117361], [-65.343193, 18.11764], [-65.342636, 18.11764], [-65.342636, 18.117914], [-65.342361, 18.117914], [-65.342361, 18.118195], [-65.341805, 18.118195], [-65.341805, 18.118473], [-65.340973, 18.118473], [-65.340973, 18.11875], [-65.340698, 18.11875], [-65.340698, 18.119026], [-65.340416, 18.119026], [-65.340416, 18.120419], [-65.340973, 18.120419], [-65.340973, 18.120972], [-65.342636, 18.120972], [-65.342636, 18.120695], [-65.343475, 18.120695], [-65.343475, 18.120419], [-65.34375, 18.120419], [-65.34375, 18.120695], [-65.344307, 18.120695], [-65.344307, 18.120972], [-65.344864, 18.120972], [-65.344864, 18.121248], [-65.345413, 18.121248], [-65.345413, 18.122358], [-65.345695, 18.122358], [-65.345695, 18.121805], [-65.34597, 18.121805], [-65.34597, 18.121531], [-65.347641, 18.121531], [-65.347641, 18.122641], [-65.348473, 18.122641], [-65.348473, 18.122358], [-65.34903, 18.122358], [-65.34903, 18.122084], [-65.349586, 18.122084], [-65.349586, 18.122641], [-65.349861, 18.122641], [-65.349861, 18.122917], [-65.350418, 18.122917], [-65.350418, 18.123194], [-65.350693, 18.123194], [-65.350693, 18.124306], [-65.350418, 18.124306], [-65.350418, 18.125416], [-65.350136, 18.125416], [-65.350136, 18.125694], [-65.349861, 18.125694], [-65.349861, 18.126249], [-65.350136, 18.126249], [-65.350136, 18.126528], [-65.350418, 18.126528], [-65.350418, 18.126249], [-65.350693, 18.126249], [-65.350693, 18.125973], [-65.351807, 18.125973], [-65.351807, 18.125694], [-65.352364, 18.125694], [-65.352364, 18.125139], [-65.352913, 18.125139], [-65.352913, 18.125416], [-65.353752, 18.125416], [-65.353752, 18.125694], [-65.354027, 18.125694], [-65.354027, 18.125416], [-65.354309, 18.125416], [-65.354309, 18.125139], [-65.354858, 18.125139], [-65.354858, 18.125973], [-65.355415, 18.125973], [-65.355415, 18.126249], [-65.356247, 18.126249], [-65.356247, 18.126528], [-65.356804, 18.126528], [-65.356804, 18.126249], [-65.357361, 18.126249], [-65.357361, 18.125973], [-65.357918, 18.125973], [-65.357918, 18.124863], [-65.358192, 18.124863], [-65.358192, 18.123472], [-65.359024, 18.123472], [-65.359024, 18.126806], [-65.359306, 18.126806], [-65.359306, 18.127083], [-65.359581, 18.127083], [-65.359581, 18.127361], [-65.359863, 18.127361], [-65.359863, 18.12764], [-65.36042, 18.12764], [-65.36042, 18.127916], [-65.360695, 18.127916], [-65.360695, 18.12875], [-65.361252, 18.12875], [-65.361252, 18.129583], [-65.361526, 18.129583], [-65.361526, 18.129862], [-65.361809, 18.129862], [-65.361809, 18.130138], [-65.363747, 18.130138], [-65.363747, 18.125973], [-65.364029, 18.125973], [-65.364029, 18.125694], [-65.364304, 18.125694], [-65.364304, 18.125416], [-65.364861, 18.125416], [-65.364861, 18.125139], [-65.365417, 18.125139], [-65.365417, 18.124027], [-65.365135, 18.124027], [-65.365135, 18.122917], [-65.364861, 18.122917], [-65.364861, 18.122641], [-65.364586, 18.122641], [-65.364586, 18.121805], [-65.364304, 18.121805], [-65.364304, 18.120695], [-65.364586, 18.120695], [-65.364586, 18.120136], [-65.365974, 18.120136], [-65.365974, 18.120419], [-65.366249, 18.120419], [-65.366249, 18.122358], [-65.367363, 18.122358], [-65.367363, 18.122641], [-65.367638, 18.122641], [-65.367638, 18.123194], [-65.36792, 18.123194], [-65.36792, 18.124306], [-65.368195, 18.124306], [-65.368195, 18.124863], [-65.368469, 18.124863], [-65.368469, 18.125139], [-65.368752, 18.125139], [-65.368752, 18.124863], [-65.370697, 18.124863], [-65.370697, 18.124584], [-65.372643, 18.124584], [-65.372643, 18.124027], [-65.373749, 18.124027], [-65.373749, 18.123472], [-65.374306, 18.123472], [-65.374306, 18.122641], [-65.37458, 18.122641], [-65.37458, 18.122084], [-65.374306, 18.122084], [-65.374306, 18.120695], [-65.37458, 18.120695], [-65.37458, 18.120419], [-65.374306, 18.120419], [-65.374306, 18.119862], [-65.374031, 18.119862], [-65.374031, 18.119583], [-65.373749, 18.119583], [-65.373749, 18.119305], [-65.373474, 18.119305], [-65.373474, 18.119026], [-65.372917, 18.119026], [-65.372917, 18.11875], [-65.372643, 18.11875], [-65.372643, 18.118195], [-65.372086, 18.118195], [-65.372086, 18.117361], [-65.371803, 18.117361], [-65.371803, 18.116249], [-65.372086, 18.116249], [-65.372086, 18.115696], [-65.372917, 18.115696], [-65.372917, 18.115973], [-65.373192, 18.115973], [-65.373192, 18.116249], [-65.373749, 18.116249], [-65.373749, 18.116528], [-65.374031, 18.116528], [-65.374031, 18.117083], [-65.374306, 18.117083], [-65.374306, 18.11764], [-65.375137, 18.11764], [-65.375137, 18.117914], [-65.37542, 18.117914], [-65.37542, 18.11764], [-65.375694, 18.11764], [-65.375694, 18.117361], [-65.376251, 18.117361], [-65.376251, 18.117083], [-65.376526, 18.117083], [-65.376526, 18.116528], [-65.376251, 18.116528], [-65.376251, 18.116249], [-65.375969, 18.116249], [-65.375969, 18.115696], [-65.375694, 18.115696], [-65.375694, 18.115139], [-65.375969, 18.115139], [-65.375969, 18.113474], [-65.376251, 18.113474], [-65.376251, 18.112917], [-65.376526, 18.112917], [-65.376526, 18.111528], [-65.376808, 18.111528], [-65.376808, 18.111252], [-65.376526, 18.111252], [-65.376526, 18.11097], [-65.375969, 18.11097], [-65.375969, 18.110695], [-65.375137, 18.110695], [-65.375137, 18.109306], [-65.374863, 18.109306], [-65.374863, 18.10903], [-65.374306, 18.10903], [-65.374306, 18.108747], [-65.374031, 18.108747], [-65.374031, 18.107637], [-65.374306, 18.107637], [-65.374306, 18.106808], [-65.375694, 18.106808], [-65.375694, 18.107084], [-65.376251, 18.107084], [-65.376251, 18.107361], [-65.377083, 18.107361], [-65.377083, 18.107637], [-65.377357, 18.107637], [-65.377357, 18.108194], [-65.37764, 18.108194], [-65.37764, 18.107916], [-65.377914, 18.107916], [-65.377914, 18.107084], [-65.378197, 18.107084], [-65.378197, 18.106808], [-65.379028, 18.106808], [-65.379028, 18.107637], [-65.378754, 18.107637], [-65.378754, 18.108473], [-65.378471, 18.108473], [-65.378471, 18.108747], [-65.378197, 18.108747], [-65.378197, 18.109306], [-65.377914, 18.109306], [-65.377914, 18.110416], [-65.378197, 18.110416], [-65.378197, 18.11097], [-65.378471, 18.11097], [-65.378471, 18.111252], [-65.379303, 18.111252], [-65.379303, 18.111528], [-65.379585, 18.111528], [-65.379585, 18.111252], [-65.37986, 18.111252], [-65.37986, 18.11097], [-65.380692, 18.11097], [-65.380692, 18.111805], [-65.380974, 18.111805], [-65.380974, 18.112083], [-65.381248, 18.112083], [-65.381248, 18.112364], [-65.381531, 18.112364], [-65.381531, 18.112638], [-65.38208, 18.112638], [-65.38208, 18.112364], [-65.383194, 18.112364], [-65.383194, 18.112083], [-65.383751, 18.112083], [-65.383751, 18.111805], [-65.384026, 18.111805], [-65.384026, 18.111528], [-65.384583, 18.111528], [-65.384583, 18.111805], [-65.384865, 18.111805], [-65.384865, 18.112083], [-65.385139, 18.112083], [-65.385139, 18.112364], [-65.386253, 18.112364], [-65.386253, 18.112638], [-65.390694, 18.112638], [-65.390694, 18.111805], [-65.390976, 18.111805], [-65.390976, 18.11097], [-65.391251, 18.11097], [-65.391251, 18.109861], [-65.392082, 18.109861], [-65.392082, 18.107637], [-65.392365, 18.107637], [-65.392365, 18.107084], [-65.394028, 18.107084], [-65.394028, 18.107361], [-65.394302, 18.107361], [-65.394302, 18.109861], [-65.394585, 18.109861], [-65.394585, 18.11014], [-65.395416, 18.11014], [-65.395416, 18.110416], [-65.395691, 18.110416], [-65.395691, 18.110695], [-65.395973, 18.110695], [-65.395973, 18.11097], [-65.396248, 18.11097], [-65.396248, 18.111252], [-65.39653, 18.111252], [-65.39653, 18.111528], [-65.397362, 18.111528], [-65.397362, 18.111252], [-65.397919, 18.111252], [-65.397919, 18.110416], [-65.398193, 18.110416], [-65.398193, 18.109583], [-65.398476, 18.109583], [-65.398476, 18.109306], [-65.39875, 18.109306], [-65.39875, 18.10903], [-65.399025, 18.10903], [-65.399025, 18.108747], [-65.399864, 18.108747], [-65.399864, 18.10903], [-65.400139, 18.10903], [-65.400139, 18.111252], [-65.400414, 18.111252], [-65.400414, 18.111528], [-65.401527, 18.111528], [-65.401527, 18.111252], [-65.401802, 18.111252], [-65.401802, 18.11097], [-65.402084, 18.11097], [-65.402084, 18.110695], [-65.402359, 18.110695], [-65.402359, 18.109306], [-65.402641, 18.109306], [-65.402641, 18.108747], [-65.404587, 18.108747], [-65.404587, 18.108473], [-65.405418, 18.108473], [-65.405418, 18.107916], [-65.40625, 18.107916], [-65.40625, 18.108473], [-65.406525, 18.108473], [-65.406525, 18.109306], [-65.40625, 18.109306], [-65.40625, 18.11014], [-65.405975, 18.11014], [-65.405975, 18.110416], [-65.405693, 18.110416], [-65.405693, 18.11097], [-65.405418, 18.11097], [-65.405418, 18.112917], [-65.405975, 18.112917], [-65.405975, 18.113474], [-65.407364, 18.113474], [-65.407364, 18.11375], [-65.40847, 18.11375], [-65.40847, 18.113474], [-65.409859, 18.113474], [-65.409859, 18.112638], [-65.410141, 18.112638], [-65.410141, 18.112364], [-65.410416, 18.112364], [-65.410416, 18.111805], [-65.410698, 18.111805], [-65.410698, 18.111252], [-65.410141, 18.111252], [-65.410141, 18.11097], [-65.409859, 18.11097], [-65.409859, 18.110695], [-65.409584, 18.110695], [-65.409584, 18.11014], [-65.409302, 18.11014], [-65.409302, 18.10903], [-65.407639, 18.10903], [-65.407639, 18.108747], [-65.407913, 18.108747], [-65.407913, 18.108473], [-65.407639, 18.108473], [-65.407639, 18.108194], [-65.407364, 18.108194], [-65.407364, 18.106808], [-65.407913, 18.106808], [-65.407913, 18.106527], [-65.409302, 18.106527], [-65.409302, 18.106251], [-65.409584, 18.106251], [-65.409584, 18.105972], [-65.411804, 18.105972], [-65.411804, 18.107916], [-65.412086, 18.107916], [-65.412086, 18.108473], [-65.412636, 18.108473], [-65.412636, 18.108747], [-65.414864, 18.108747], [-65.414864, 18.108473], [-65.415413, 18.108473], [-65.415413, 18.108194], [-65.416527, 18.108194], [-65.416527, 18.107916], [-65.417084, 18.107916], [-65.417084, 18.107637], [-65.417358, 18.107637], [-65.417358, 18.107084], [-65.417641, 18.107084], [-65.417641, 18.106527], [-65.417915, 18.106527], [-65.417915, 18.106251], [-65.418198, 18.106251], [-65.418198, 18.10486], [-65.418472, 18.10486], [-65.418472, 18.104029], [-65.418198, 18.104029], [-65.418198, 18.10375], [-65.417358, 18.10375], [-65.417358, 18.103472], [-65.417084, 18.103472], [-65.417084, 18.103193], [-65.416809, 18.103193], [-65.416809, 18.102362], [-65.417084, 18.102362], [-65.417084, 18.102083], [-65.417358, 18.102083], [-65.417358, 18.101805], [-65.417915, 18.101805], [-65.417915, 18.101528], [-65.419029, 18.101528], [-65.419029, 18.10125], [-65.419861, 18.10125], [-65.419861, 18.101528], [-65.420692, 18.101528], [-65.420692, 18.101805], [-65.421806, 18.101805], [-65.421806, 18.103472], [-65.422363, 18.103472], [-65.422363, 18.10375], [-65.422638, 18.10375], [-65.422638, 18.104584], [-65.42292, 18.104584], [-65.42292, 18.10486], [-65.423195, 18.10486], [-65.423195, 18.105139], [-65.42347, 18.105139], [-65.42347, 18.105972], [-65.423752, 18.105972], [-65.423752, 18.106251], [-65.424026, 18.106251], [-65.424026, 18.106527], [-65.424309, 18.106527], [-65.424309, 18.106808], [-65.424583, 18.106808], [-65.424583, 18.107084], [-65.424858, 18.107084], [-65.424858, 18.107637], [-65.424309, 18.107637], [-65.424309, 18.107916], [-65.424026, 18.107916], [-65.424026, 18.108194], [-65.424309, 18.108194], [-65.424309, 18.108473], [-65.424026, 18.108473], [-65.424026, 18.108747], [-65.424309, 18.108747], [-65.424309, 18.10903], [-65.424583, 18.10903], [-65.424583, 18.109583], [-65.42514, 18.109583], [-65.42514, 18.11014], [-65.425415, 18.11014], [-65.425415, 18.110695], [-65.425697, 18.110695], [-65.425697, 18.11097], [-65.425972, 18.11097], [-65.425972, 18.111252], [-65.427086, 18.111252], [-65.427086, 18.11097], [-65.427635, 18.11097], [-65.427635, 18.111252], [-65.428474, 18.111252], [-65.428474, 18.11097], [-65.429306, 18.11097], [-65.429306, 18.110695], [-65.429581, 18.110695], [-65.429581, 18.11014], [-65.429863, 18.11014], [-65.429863, 18.109861], [-65.430695, 18.109861], [-65.430695, 18.109583], [-65.430969, 18.109583], [-65.430969, 18.109306], [-65.431808, 18.109306], [-65.431808, 18.10903], [-65.432083, 18.10903], [-65.432083, 18.108747], [-65.43264, 18.108747], [-65.43264, 18.108473], [-65.433472, 18.108473], [-65.433472, 18.108194], [-65.433746, 18.108194], [-65.433746, 18.107637], [-65.434029, 18.107637], [-65.434029, 18.107084], [-65.435974, 18.107084], [-65.435974, 18.106527], [-65.435692, 18.106527], [-65.435692, 18.106251], [-65.43486, 18.106251], [-65.43486, 18.105972], [-65.434303, 18.105972], [-65.434303, 18.105415], [-65.433746, 18.105415], [-65.433746, 18.105694], [-65.43264, 18.105694], [-65.43264, 18.105415], [-65.430695, 18.105415], [-65.430695, 18.105139], [-65.43042, 18.105139], [-65.43042, 18.104584], [-65.430138, 18.104584], [-65.430138, 18.104029], [-65.429863, 18.104029], [-65.429863, 18.10375], [-65.426804, 18.10375], [-65.426804, 18.103472], [-65.426529, 18.103472], [-65.426529, 18.10375], [-65.426247, 18.10375], [-65.426247, 18.103193], [-65.425972, 18.103193], [-65.425972, 18.102638], [-65.425697, 18.102638], [-65.425697, 18.102083], [-65.425415, 18.102083], [-65.425415, 18.101528], [-65.424858, 18.101528], [-65.424858, 18.10125], [-65.424309, 18.10125], [-65.424309, 18.100973], [-65.424026, 18.100973], [-65.424026, 18.100695], [-65.423752, 18.100695], [-65.423752, 18.100416], [-65.42292, 18.100416], [-65.42292, 18.10014], [-65.422363, 18.10014], [-65.422363, 18.099861], [-65.422081, 18.099861], [-65.422081, 18.099028], [-65.422363, 18.099028], [-65.422363, 18.098749], [-65.422638, 18.098749], [-65.422638, 18.098473], [-65.42292, 18.098473], [-65.42292, 18.098194], [-65.423195, 18.098194], [-65.423195, 18.097918], [-65.42347, 18.097918], [-65.42347, 18.097639], [-65.423752, 18.097639], [-65.423752, 18.097359], [-65.424026, 18.097359], [-65.424026, 18.096806], [-65.42347, 18.096806], [-65.42347, 18.096527], [-65.423195, 18.096527], [-65.423195, 18.095972], [-65.42347, 18.095972], [-65.42347, 18.095694], [-65.423752, 18.095694], [-65.423752, 18.095419], [-65.424026, 18.095419], [-65.424026, 18.09514], [-65.424858, 18.09514], [-65.424858, 18.094862], [-65.425415, 18.094862], [-65.425415, 18.094584], [-65.425697, 18.094584], [-65.425697, 18.094305], [-65.425972, 18.094305], [-65.425972, 18.094027], [-65.427635, 18.094027], [-65.427635, 18.093748], [-65.427917, 18.093748], [-65.427917, 18.093472], [-65.429581, 18.093472], [-65.429581, 18.093197], [-65.43042, 18.093197], [-65.43042, 18.093748], [-65.430969, 18.093748], [-65.430969, 18.093197], [-65.431252, 18.093197], [-65.431252, 18.092916], [-65.431526, 18.092916], [-65.431526, 18.092636], [-65.43264, 18.092636], [-65.43264, 18.092361], [-65.432915, 18.092361], [-65.432915, 18.092083], [-65.433472, 18.092083], [-65.433472, 18.091528], [-65.438194, 18.091528], [-65.438194, 18.092083], [-65.438469, 18.092083], [-65.438469, 18.092636], [-65.438751, 18.092636], [-65.438751, 18.093197], [-65.439583, 18.093197], [-65.439583, 18.093472], [-65.439857, 18.093472], [-65.439857, 18.094584], [-65.439583, 18.094584], [-65.439583, 18.094862], [-65.439308, 18.094862], [-65.439308, 18.095694], [-65.439026, 18.095694], [-65.439026, 18.097918], [-65.439308, 18.097918], [-65.439308, 18.098473], [-65.439583, 18.098473], [-65.439583, 18.099306], [-65.439857, 18.099306], [-65.439857, 18.099861], [-65.44014, 18.099861], [-65.44014, 18.10014], [-65.440414, 18.10014], [-65.440414, 18.100416], [-65.440971, 18.100416], [-65.440971, 18.100695], [-65.44014, 18.100695], [-65.44014, 18.100973], [-65.439583, 18.100973], [-65.439583, 18.102083], [-65.439308, 18.102083], [-65.439308, 18.103472], [-65.439583, 18.103472], [-65.439583, 18.10375], [-65.439857, 18.10375], [-65.439857, 18.104029], [-65.441528, 18.104029], [-65.441528, 18.10375], [-65.442085, 18.10375], [-65.442085, 18.104029], [-65.442917, 18.104029], [-65.442917, 18.104305], [-65.443474, 18.104305], [-65.443474, 18.104584], [-65.444031, 18.104584], [-65.444031, 18.10486], [-65.445419, 18.10486], [-65.445419, 18.105139], [-65.445969, 18.105139], [-65.445969, 18.105415], [-65.447083, 18.105415], [-65.447083, 18.105139], [-65.447639, 18.105139], [-65.447639, 18.10486], [-65.449303, 18.10486], [-65.449303, 18.104584], [-65.449585, 18.104584], [-65.449585, 18.104305], [-65.450417, 18.104305], [-65.450417, 18.104029], [-65.450691, 18.104029], [-65.450691, 18.10375], [-65.450974, 18.10375], [-65.450974, 18.100695], [-65.450691, 18.100695], [-65.450691, 18.100416], [-65.450417, 18.100416], [-65.450417, 18.10014], [-65.449585, 18.10014], [-65.449585, 18.099861], [-65.449028, 18.099861], [-65.449028, 18.10014], [-65.448196, 18.10014], [-65.448196, 18.099861], [-65.446251, 18.099861], [-65.446251, 18.099583], [-65.445137, 18.099583], [-65.445137, 18.099306], [-65.44236, 18.099306], [-65.44236, 18.099028], [-65.441803, 18.099028], [-65.441803, 18.098749], [-65.441528, 18.098749], [-65.441528, 18.098473], [-65.440697, 18.098473], [-65.440697, 18.098194], [-65.44014, 18.098194], [-65.44014, 18.096806], [-65.440414, 18.096806], [-65.440414, 18.095694], [-65.440971, 18.095694], [-65.440971, 18.095419], [-65.441254, 18.095419], [-65.441254, 18.09514], [-65.441528, 18.09514], [-65.441528, 18.094862], [-65.441803, 18.094862], [-65.441803, 18.094305], [-65.44236, 18.094305], [-65.44236, 18.092361], [-65.442642, 18.092361], [-65.442642, 18.092083], [-65.44458, 18.092083], [-65.44458, 18.091528], [-65.445137, 18.091528], [-65.445137, 18.090973], [-65.444862, 18.090973], [-65.444862, 18.089306], [-65.445137, 18.089306], [-65.445137, 18.089027], [-65.445969, 18.089027], [-65.445969, 18.089306], [-65.446251, 18.089306], [-65.446251, 18.089027], [-65.446526, 18.089027], [-65.446526, 18.088751], [-65.446808, 18.088751], [-65.446808, 18.088194], [-65.447083, 18.088194], [-65.447083, 18.087639], [-65.447639, 18.087639], [-65.447639, 18.08736], [-65.448196, 18.08736], [-65.448196, 18.087084], [-65.449028, 18.087084], [-65.449028, 18.088472], [-65.449303, 18.088472], [-65.449303, 18.088751], [-65.449028, 18.088751], [-65.449028, 18.090139], [-65.449303, 18.090139], [-65.449303, 18.090694], [-65.44986, 18.090694], [-65.44986, 18.090973], [-65.450691, 18.090973], [-65.450691, 18.090694], [-65.450974, 18.090694], [-65.450974, 18.090414], [-65.451248, 18.090414], [-65.451248, 18.089861], [-65.450974, 18.089861], [-65.450974, 18.088472], [-65.450691, 18.088472], [-65.450691, 18.086527], [-65.450974, 18.086527], [-65.450974, 18.085974], [-65.451805, 18.085974], [-65.451805, 18.086527], [-65.453476, 18.086527], [-65.453476, 18.086805], [-65.453751, 18.086805], [-65.453751, 18.087084], [-65.455696, 18.087084], [-65.455696, 18.08736], [-65.456528, 18.08736], [-65.456528, 18.087639], [-65.456802, 18.087639], [-65.456802, 18.087917], [-65.457085, 18.087917], [-65.457085, 18.088472], [-65.456802, 18.088472], [-65.456802, 18.088751], [-65.456528, 18.088751], [-65.456528, 18.089027], [-65.456253, 18.089027], [-65.456253, 18.089306], [-65.455971, 18.089306], [-65.455971, 18.089582], [-65.455414, 18.089582], [-65.455414, 18.089861], [-65.455139, 18.089861], [-65.455139, 18.090694], [-65.454865, 18.090694], [-65.454865, 18.091808], [-65.454582, 18.091808], [-65.454582, 18.092361], [-65.454308, 18.092361], [-65.454308, 18.094305], [-65.454865, 18.094305], [-65.454865, 18.094584], [-65.455139, 18.094584], [-65.455139, 18.094862], [-65.455971, 18.094862], [-65.455971, 18.095419], [-65.456253, 18.095419], [-65.456253, 18.095694], [-65.456528, 18.095694], [-65.456528, 18.095972], [-65.457916, 18.095972], [-65.457916, 18.096251], [-65.458473, 18.096251], [-65.458473, 18.096527], [-65.460419, 18.096527], [-65.460419, 18.096806], [-65.464027, 18.096806], [-65.464027, 18.096527], [-65.464584, 18.096527], [-65.464584, 18.096251], [-65.465416, 18.096251], [-65.465416, 18.095972], [-65.465698, 18.095972], [-65.465698, 18.095694], [-65.465973, 18.095694], [-65.465973, 18.09514], [-65.46653, 18.09514], [-65.46653, 18.094584], [-65.466805, 18.094584], [-65.466805, 18.094305], [-65.467087, 18.094305], [-65.467087, 18.094027], [-65.467636, 18.094027], [-65.467636, 18.092916], [-65.467361, 18.092916], [-65.467361, 18.092083], [-65.467087, 18.092083], [-65.467087, 18.091808], [-65.46653, 18.091808], [-65.46653, 18.091249], [-65.465973, 18.091249], [-65.465973, 18.090973], [-65.465698, 18.090973], [-65.465698, 18.090414], [-65.465416, 18.090414], [-65.465416, 18.089861], [-65.465141, 18.089861], [-65.465141, 18.088194], [-65.465416, 18.088194], [-65.465416, 18.087639], [-65.465698, 18.087639], [-65.465698, 18.08736], [-65.465973, 18.08736], [-65.465973, 18.087084], [-65.467361, 18.087084], [-65.467361, 18.087639], [-65.467636, 18.087639], [-65.467636, 18.088194], [-65.468193, 18.088194], [-65.468193, 18.088472], [-65.46875, 18.088472], [-65.46875, 18.089027], [-65.469025, 18.089027], [-65.469025, 18.089306], [-65.469307, 18.089306], [-65.469307, 18.090694], [-65.469025, 18.090694], [-65.469025, 18.090973], [-65.468475, 18.090973], [-65.468475, 18.092083], [-65.46875, 18.092083], [-65.46875, 18.092916], [-65.469864, 18.092916], [-65.469864, 18.093197], [-65.471252, 18.093197], [-65.471252, 18.093748], [-65.471802, 18.093748], [-65.471802, 18.094027], [-65.472359, 18.094027], [-65.472359, 18.094305], [-65.473198, 18.094305], [-65.473198, 18.094584], [-65.473747, 18.094584], [-65.473747, 18.094862], [-65.474861, 18.094862], [-65.474861, 18.09514], [-65.477364, 18.09514], [-65.477364, 18.095419], [-65.477913, 18.095419], [-65.477913, 18.095694], [-65.478195, 18.095694], [-65.478195, 18.095972], [-65.47847, 18.095972], [-65.47847, 18.095694], [-65.478752, 18.095694], [-65.478752, 18.095972], [-65.479309, 18.095972], [-65.479309, 18.096251], [-65.480415, 18.096251], [-65.480415, 18.095972], [-65.481247, 18.095972], [-65.481247, 18.095694], [-65.482086, 18.095694], [-65.482086, 18.095419], [-65.482361, 18.095419], [-65.482361, 18.09514], [-65.483749, 18.09514], [-65.483749, 18.094862], [-65.484581, 18.094862], [-65.484581, 18.094584], [-65.484863, 18.094584], [-65.484863, 18.094305], [-65.48597, 18.094305], [-65.48597, 18.094027], [-65.487083, 18.094027], [-65.487083, 18.093748], [-65.488197, 18.093748], [-65.488197, 18.093472], [-65.488472, 18.093472], [-65.488472, 18.093197], [-65.489029, 18.093197], [-65.489029, 18.093472], [-65.489586, 18.093472], [-65.489586, 18.094027], [-65.489861, 18.094027], [-65.489861, 18.094584], [-65.490135, 18.094584], [-65.490135, 18.094862], [-65.490417, 18.094862], [-65.490417, 18.09514], [-65.492638, 18.09514], [-65.492638, 18.094862], [-65.493195, 18.094862], [-65.493195, 18.094584], [-65.493752, 18.094584], [-65.493752, 18.094305], [-65.494583, 18.094305], [-65.494583, 18.094027], [-65.49514, 18.094027], [-65.49514, 18.093748], [-65.495415, 18.093748], [-65.495415, 18.093472], [-65.497643, 18.093472], [-65.497643, 18.093197], [-65.502357, 18.093197], [-65.502357, 18.092916], [-65.503197, 18.092916], [-65.503197, 18.092636], [-65.50486, 18.092636], [-65.50486, 18.092083], [-65.505974, 18.092083], [-65.505974, 18.091808], [-65.506805, 18.091808], [-65.506805, 18.091528], [-65.50708, 18.091528], [-65.50708, 18.091249], [-65.507637, 18.091249], [-65.507637, 18.090973], [-65.509308, 18.090973], [-65.509308, 18.090694], [-65.510971, 18.090694], [-65.510971, 18.090139], [-65.511253, 18.090139], [-65.511253, 18.089861], [-65.511528, 18.089861], [-65.511528, 18.089582], [-65.511803, 18.089582], [-65.511803, 18.089306], [-65.512917, 18.089306], [-65.512917, 18.089027], [-65.513748, 18.089027], [-65.513748, 18.088751], [-65.51458, 18.088751], [-65.51458, 18.088472], [-65.514862, 18.088472], [-65.514862, 18.087917], [-65.515137, 18.087917], [-65.515137, 18.087639], [-65.515694, 18.087639], [-65.515694, 18.08736], [-65.516808, 18.08736], [-65.516808, 18.087084], [-65.517082, 18.087084], [-65.517082, 18.086805], [-65.517365, 18.086805], [-65.517365, 18.086527], [-65.517639, 18.086527], [-65.517639, 18.08625], [-65.518196, 18.08625], [-65.518196, 18.085974], [-65.518753, 18.085974], [-65.518753, 18.085695], [-65.519028, 18.085695], [-65.519028, 18.085138], [-65.519302, 18.085138], [-65.519302, 18.084862], [-65.519585, 18.084862], [-65.519585, 18.084305], [-65.519859, 18.084305], [-65.519859, 18.084028], [-65.520416, 18.084028], [-65.520416, 18.083752], [-65.520691, 18.083752], [-65.520691, 18.083469], [-65.520973, 18.083469], [-65.520973, 18.083195], [-65.52153, 18.083195], [-65.52153, 18.082916], [-65.522087, 18.082916], [-65.522087, 18.08264], [-65.522919, 18.08264], [-65.522919, 18.082361], [-65.52375, 18.082361], [-65.52375, 18.082083], [-65.524025, 18.082083], [-65.524025, 18.081806], [-65.524864, 18.081806], [-65.524864, 18.081247], [-65.530418, 18.081247], [-65.530418, 18.08153], [-65.530693, 18.08153], [-65.530693, 18.080973], [-65.53125, 18.080973], [-65.53125, 18.079861], [-65.53347, 18.079861], [-65.53347, 18.080137], [-65.533752, 18.080137], [-65.533752, 18.080973], [-65.534027, 18.080973], [-65.534027, 18.081247], [-65.534584, 18.081247], [-65.534584, 18.08153], [-65.534859, 18.08153], [-65.534859, 18.081806], [-65.538475, 18.081806], [-65.538475, 18.08153], [-65.539024, 18.08153], [-65.539024, 18.081247], [-65.539307, 18.081247], [-65.539307, 18.080973], [-65.542641, 18.080973], [-65.542641, 18.081247], [-65.543198, 18.081247], [-65.543198, 18.08153], [-65.544304, 18.08153], [-65.544304, 18.081806], [-65.544861, 18.081806], [-65.544861, 18.082083], [-65.546249, 18.082083], [-65.546249, 18.082361], [-65.546524, 18.082361], [-65.546524, 18.08264], [-65.547081, 18.08264], [-65.547081, 18.082916], [-65.54847, 18.082916], [-65.54847, 18.083195], [-65.55014, 18.083195], [-65.55014, 18.083469], [-65.550415, 18.083469], [-65.550415, 18.083752], [-65.550697, 18.083752], [-65.550697, 18.084028], [-65.551247, 18.084028], [-65.551247, 18.084305], [-65.553192, 18.084305], [-65.553192, 18.084583], [-65.554031, 18.084583], [-65.554031, 18.084862], [-65.556808, 18.084862], [-65.556808, 18.084583], [-65.557083, 18.084583], [-65.557083, 18.084305], [-65.558472, 18.084305], [-65.558472, 18.084862], [-65.558746, 18.084862], [-65.558746, 18.085417], [-65.559029, 18.085417], [-65.559029, 18.085695], [-65.559303, 18.085695], [-65.559303, 18.085974], [-65.559586, 18.085974], [-65.559586, 18.08625], [-65.55986, 18.08625], [-65.55986, 18.086527], [-65.560143, 18.086527], [-65.560143, 18.086805], [-65.560692, 18.086805], [-65.560692, 18.08736], [-65.561249, 18.08736], [-65.561249, 18.087917], [-65.561806, 18.087917], [-65.561806, 18.088194], [-65.562363, 18.088194], [-65.562363, 18.088472], [-65.563194, 18.088472], [-65.563194, 18.088751], [-65.563751, 18.088751], [-65.563751, 18.089027], [-65.56514, 18.089027], [-65.56514, 18.088472], [-65.565697, 18.088472], [-65.565697, 18.089582], [-65.565971, 18.089582], [-65.565971, 18.089861], [-65.566254, 18.089861], [-65.566254, 18.090139], [-65.566803, 18.090139], [-65.566803, 18.090414], [-65.567085, 18.090414], [-65.567085, 18.090694], [-65.568192, 18.090694], [-65.568192, 18.090973], [-65.569031, 18.090973], [-65.569031, 18.091249], [-65.56958, 18.091249], [-65.56958, 18.092083], [-65.569862, 18.092083], [-65.569862, 18.094027], [-65.570137, 18.094027], [-65.570137, 18.09514], [-65.570419, 18.09514], [-65.570419, 18.095419], [-65.570969, 18.095419], [-65.570969, 18.095694], [-65.571251, 18.095694], [-65.571251, 18.098194], [-65.571526, 18.098194], [-65.571526, 18.098473], [-65.571808, 18.098473], [-65.571808, 18.099028], [-65.572083, 18.099028], [-65.572083, 18.099306], [-65.572914, 18.099306], [-65.572914, 18.099583], [-65.573471, 18.099583], [-65.573471, 18.10014], [-65.573753, 18.10014], [-65.573753, 18.100416], [-65.574303, 18.100416], [-65.574303, 18.100695], [-65.57486, 18.100695], [-65.57486, 18.100973], [-65.575417, 18.100973], [-65.575417, 18.10125], [-65.575974, 18.10125], [-65.575974, 18.101528], [-65.576248, 18.101528], [-65.576248, 18.101805], [-65.577362, 18.101805], [-65.577362, 18.102083], [-65.577637, 18.102083], [-65.577637, 18.103472], [-65.577362, 18.103472], [-65.577362, 18.10375], [-65.57708, 18.10375], [-65.57708, 18.104029], [-65.57653, 18.104029], [-65.57653, 18.104305], [-65.576248, 18.104305], [-65.576248, 18.105415], [-65.57653, 18.105415], [-65.57653, 18.105694], [-65.576248, 18.105694], [-65.576248, 18.107916], [-65.575974, 18.107916], [-65.575974, 18.108473], [-65.575691, 18.108473], [-65.575691, 18.109306], [-65.575417, 18.109306], [-65.575417, 18.110695], [-65.575691, 18.110695], [-65.575691, 18.111528], [-65.575974, 18.111528], [-65.575974, 18.111805], [-65.576248, 18.111805], [-65.576248, 18.112364], [-65.575974, 18.112364], [-65.575974, 18.113474], [-65.576248, 18.113474], [-65.576248, 18.114582], [-65.575974, 18.114582], [-65.575974, 18.116249], [-65.576248, 18.116249], [-65.576248, 18.116528], [-65.57653, 18.116528], [-65.57653, 18.117361], [-65.576805, 18.117361], [-65.576805, 18.117914], [-65.57708, 18.117914], [-65.57708, 18.118195], [-65.577362, 18.118195], [-65.577362, 18.119305], [-65.57708, 18.119305], [-65.57708, 18.119583], [-65.575142, 18.119583], [-65.573471, 18.119026]]]]}}, {"type": "Feature", "properties": {"yucayeque": "BIEKE (Vieques, Culebra)", "cacique": "Cacimar"}, "geometry": {"type": "MultiPolygon", "coordinates": [[[[-65.346802, 18.349583], [-65.344025, 18.349583], [-65.344025, 18.349859], [-65.343475, 18.349859], [-65.343475, 18.349583], [-65.343193, 18.349583], [-65.343193, 18.349028], [-65.342087, 18.349028], [-65.342087, 18.348473], [-65.341805, 18.348473], [-65.341805, 18.347919], [-65.340973, 18.347919], [-65.340973, 18.348473], [-65.340698, 18.348473], [-65.340698, 18.349583], [-65.340416, 18.349583], [-65.340416, 18.349859], [-65.339584, 18.349859], [-65.339584, 18.350695], [-65.339302, 18.350695], [-65.339302, 18.350973], [-65.33847, 18.350973], [-65.33847, 18.350695], [-65.337914, 18.350695], [-65.337914, 18.350142], [-65.337364, 18.350142], [-65.337364, 18.349583], [-65.337082, 18.349583], [-65.337082, 18.349028], [-65.336807, 18.349028], [-65.336807, 18.348747], [-65.336525, 18.348747], [-65.336525, 18.346806], [-65.33625, 18.346806], [-65.33625, 18.346525], [-65.335976, 18.346525], [-65.335976, 18.346251], [-65.335693, 18.346251], [-65.335693, 18.345972], [-65.335419, 18.345972], [-65.335419, 18.345694], [-65.335136, 18.345694], [-65.335136, 18.344584], [-65.334862, 18.344584], [-65.334862, 18.34375], [-65.335136, 18.34375], [-65.335136, 18.343193], [-65.334862, 18.343193], [-65.334862, 18.342916], [-65.334587, 18.342916], [-65.334587, 18.342638], [-65.33403, 18.342638], [-65.33403, 18.342361], [-65.333748, 18.342361], [-65.333748, 18.341806], [-65.333473, 18.341806], [-65.333473, 18.341249], [-65.333191, 18.341249], [-65.333191, 18.340975], [-65.332916, 18.340975], [-65.332916, 18.340694], [-65.332642, 18.340694], [-65.332642, 18.340416], [-65.332359, 18.340416], [-65.332359, 18.340139], [-65.332085, 18.340139], [-65.332085, 18.339581], [-65.331802, 18.339581], [-65.331802, 18.339027], [-65.331528, 18.339027], [-65.331528, 18.338753], [-65.330696, 18.338753], [-65.330696, 18.338472], [-65.330414, 18.338472], [-65.330414, 18.338194], [-65.330139, 18.338194], [-65.330139, 18.337917], [-65.329582, 18.337917], [-65.329582, 18.337641], [-65.328751, 18.337641], [-65.328751, 18.337358], [-65.327362, 18.337358], [-65.327362, 18.337084], [-65.325142, 18.337084], [-65.325142, 18.336805], [-65.32486, 18.336805], [-65.32486, 18.336527], [-65.324585, 18.336527], [-65.324585, 18.336248], [-65.324303, 18.336248], [-65.324303, 18.335972], [-65.324028, 18.335972], [-65.324028, 18.335695], [-65.323753, 18.335695], [-65.323753, 18.335138], [-65.323471, 18.335138], [-65.323471, 18.334862], [-65.323196, 18.334862], [-65.323196, 18.334583], [-65.322914, 18.334583], [-65.322914, 18.334305], [-65.322639, 18.334305], [-65.322639, 18.334026], [-65.322365, 18.334026], [-65.322365, 18.333471], [-65.322083, 18.333471], [-65.322083, 18.33264], [-65.321808, 18.33264], [-65.321808, 18.331804], [-65.321526, 18.331804], [-65.321526, 18.331528], [-65.321251, 18.331528], [-65.321251, 18.331249], [-65.320969, 18.331249], [-65.320969, 18.330694], [-65.320694, 18.330694], [-65.320694, 18.330416], [-65.320419, 18.330416], [-65.320419, 18.329861], [-65.320137, 18.329861], [-65.320137, 18.329584], [-65.319862, 18.329584], [-65.319862, 18.329306], [-65.31958, 18.329306], [-65.31958, 18.329027], [-65.319305, 18.329027], [-65.319305, 18.328751], [-65.319031, 18.328751], [-65.319031, 18.328472], [-65.318474, 18.328472], [-65.318474, 18.328194], [-65.317085, 18.328194], [-65.317085, 18.328472], [-65.314857, 18.328472], [-65.314857, 18.328751], [-65.314308, 18.328751], [-65.314308, 18.329027], [-65.314026, 18.329027], [-65.314026, 18.329306], [-65.313751, 18.329306], [-65.313751, 18.329861], [-65.313194, 18.329861], [-65.313194, 18.330973], [-65.31292, 18.330973], [-65.31292, 18.334583], [-65.312637, 18.334583], [-65.312637, 18.335138], [-65.312363, 18.335138], [-65.312363, 18.335417], [-65.311806, 18.335417], [-65.311806, 18.336248], [-65.311531, 18.336248], [-65.311531, 18.336805], [-65.311249, 18.336805], [-65.311249, 18.337358], [-65.310974, 18.337358], [-65.310974, 18.337917], [-65.310692, 18.337917], [-65.310692, 18.338194], [-65.309303, 18.338194], [-65.309303, 18.337641], [-65.309029, 18.337641], [-65.309029, 18.337084], [-65.308746, 18.337084], [-65.308746, 18.336805], [-65.308472, 18.336805], [-65.308472, 18.336527], [-65.308197, 18.336527], [-65.308197, 18.335972], [-65.307915, 18.335972], [-65.307915, 18.335695], [-65.30764, 18.335695], [-65.30764, 18.335417], [-65.307083, 18.335417], [-65.307083, 18.335138], [-65.306808, 18.335138], [-65.306808, 18.334862], [-65.306252, 18.334862], [-65.306252, 18.334583], [-65.305969, 18.334583], [-65.305969, 18.334305], [-65.305695, 18.334305], [-65.305695, 18.33375], [-65.30542, 18.33375], [-65.30542, 18.332916], [-65.305138, 18.332916], [-65.305138, 18.33264], [-65.304863, 18.33264], [-65.304863, 18.332361], [-65.304581, 18.332361], [-65.304581, 18.332083], [-65.303474, 18.332083], [-65.303474, 18.331804], [-65.302635, 18.331804], [-65.302635, 18.331528], [-65.300972, 18.331528], [-65.300972, 18.331249], [-65.299858, 18.331249], [-65.299858, 18.330973], [-65.299583, 18.330973], [-65.299583, 18.330694], [-65.296806, 18.330694], [-65.296806, 18.331249], [-65.296249, 18.331249], [-65.296249, 18.330694], [-65.295975, 18.330694], [-65.295975, 18.331249], [-65.295135, 18.331249], [-65.295135, 18.331804], [-65.294861, 18.331804], [-65.294861, 18.33264], [-65.294586, 18.33264], [-65.294586, 18.333195], [-65.294304, 18.333195], [-65.294304, 18.333471], [-65.294029, 18.333471], [-65.294029, 18.334026], [-65.293747, 18.334026], [-65.293747, 18.334305], [-65.293472, 18.334305], [-65.293472, 18.335138], [-65.293198, 18.335138], [-65.293198, 18.335417], [-65.292915, 18.335417], [-65.292915, 18.335695], [-65.291527, 18.335695], [-65.291527, 18.335972], [-65.29097, 18.335972], [-65.29097, 18.336527], [-65.290695, 18.336527], [-65.290695, 18.336805], [-65.290413, 18.336805], [-65.290413, 18.337917], [-65.289024, 18.337917], [-65.289024, 18.337641], [-65.28875, 18.337641], [-65.28875, 18.337358], [-65.289024, 18.337358], [-65.289024, 18.335695], [-65.289307, 18.335695], [-65.289307, 18.335138], [-65.289581, 18.335138], [-65.289581, 18.334583], [-65.289864, 18.334583], [-65.289864, 18.33375], [-65.290413, 18.33375], [-65.290413, 18.333471], [-65.290138, 18.333471], [-65.290138, 18.333195], [-65.289864, 18.333195], [-65.289864, 18.332916], [-65.289581, 18.332916], [-65.289581, 18.33264], [-65.289307, 18.33264], [-65.289307, 18.332083], [-65.289024, 18.332083], [-65.289024, 18.331804], [-65.28875, 18.331804], [-65.28875, 18.331528], [-65.288193, 18.331528], [-65.288193, 18.331249], [-65.287636, 18.331249], [-65.287636, 18.330973], [-65.287086, 18.330973], [-65.287086, 18.330694], [-65.286247, 18.330694], [-65.286247, 18.330416], [-65.285698, 18.330416], [-65.285698, 18.330139], [-65.285141, 18.330139], [-65.285141, 18.329861], [-65.283752, 18.329861], [-65.283752, 18.329584], [-65.281807, 18.329584], [-65.281807, 18.329861], [-65.281525, 18.329861], [-65.281525, 18.330416], [-65.28125, 18.330416], [-65.28125, 18.330694], [-65.280975, 18.330694], [-65.280975, 18.330973], [-65.280136, 18.330973], [-65.280136, 18.331249], [-65.279305, 18.331249], [-65.279305, 18.332083], [-65.27903, 18.332083], [-65.27903, 18.332361], [-65.278748, 18.332361], [-65.278748, 18.33264], [-65.277359, 18.33264], [-65.277359, 18.332361], [-65.276802, 18.332361], [-65.276802, 18.332083], [-65.27597, 18.332083], [-65.27597, 18.331804], [-65.275139, 18.331804], [-65.275139, 18.331528], [-65.274025, 18.331528], [-65.274025, 18.331249], [-65.272636, 18.331249], [-65.272636, 18.330973], [-65.272362, 18.330973], [-65.272362, 18.330694], [-65.271805, 18.330694], [-65.271805, 18.330416], [-65.27153, 18.330416], [-65.27153, 18.330139], [-65.270973, 18.330139], [-65.270973, 18.329861], [-65.270691, 18.329861], [-65.270691, 18.329584], [-65.270142, 18.329584], [-65.270142, 18.329306], [-65.269859, 18.329306], [-65.269859, 18.329027], [-65.269302, 18.329027], [-65.269302, 18.328751], [-65.268753, 18.328751], [-65.268753, 18.328472], [-65.268196, 18.328472], [-65.268196, 18.328194], [-65.267914, 18.328194], [-65.267914, 18.327917], [-65.267365, 18.327917], [-65.267365, 18.327639], [-65.266808, 18.327639], [-65.266808, 18.327362], [-65.266251, 18.327362], [-65.266251, 18.327084], [-65.265694, 18.327084], [-65.265694, 18.326805], [-65.265137, 18.326805], [-65.265137, 18.326529], [-65.264862, 18.326529], [-65.264862, 18.32625], [-65.264305, 18.32625], [-65.264305, 18.32597], [-65.263748, 18.32597], [-65.263748, 18.325695], [-65.263191, 18.325695], [-65.263191, 18.325138], [-65.262642, 18.325138], [-65.262642, 18.324862], [-65.26236, 18.324862], [-65.26236, 18.324581], [-65.261803, 18.324581], [-65.261803, 18.324306], [-65.261528, 18.324306], [-65.261528, 18.32403], [-65.260971, 18.32403], [-65.260971, 18.323751], [-65.260696, 18.323751], [-65.260696, 18.323473], [-65.260139, 18.323473], [-65.260139, 18.323195], [-65.259865, 18.323195], [-65.259865, 18.322916], [-65.259308, 18.322916], [-65.259308, 18.322638], [-65.259026, 18.322638], [-65.259026, 18.322359], [-65.258469, 18.322359], [-65.258469, 18.322083], [-65.258194, 18.322083], [-65.258194, 18.321806], [-65.257637, 18.321806], [-65.257637, 18.321527], [-65.257362, 18.321527], [-65.257362, 18.321251], [-65.256805, 18.321251], [-65.256805, 18.320972], [-65.256531, 18.320972], [-65.256531, 18.320694], [-65.255974, 18.320694], [-65.255974, 18.320419], [-65.255692, 18.320419], [-65.255692, 18.320139], [-65.255142, 18.320139], [-65.255142, 18.31986], [-65.25486, 18.31986], [-65.25486, 18.319584], [-65.254303, 18.319584], [-65.254303, 18.319305], [-65.254028, 18.319305], [-65.254028, 18.319027], [-65.251808, 18.319027], [-65.251808, 18.31875], [-65.251251, 18.31875], [-65.251251, 18.318472], [-65.250969, 18.318472], [-65.250969, 18.318195], [-65.250694, 18.318195], [-65.250694, 18.317638], [-65.25042, 18.317638], [-65.25042, 18.316805], [-65.250137, 18.316805], [-65.250137, 18.315695], [-65.249863, 18.315695], [-65.249863, 18.31514], [-65.24958, 18.31514], [-65.24958, 18.314585], [-65.249306, 18.314585], [-65.249306, 18.314306], [-65.249031, 18.314306], [-65.249031, 18.314028], [-65.248192, 18.314028], [-65.248192, 18.313749], [-65.247917, 18.313749], [-65.247917, 18.313194], [-65.247643, 18.313194], [-65.247643, 18.312916], [-65.247086, 18.312916], [-65.247086, 18.312363], [-65.246529, 18.312363], [-65.246529, 18.312084], [-65.246246, 18.312084], [-65.246246, 18.311806], [-65.245415, 18.311806], [-65.245415, 18.310417], [-65.24514, 18.310417], [-65.24514, 18.308195], [-65.244858, 18.308195], [-65.244858, 18.307636], [-65.244583, 18.307636], [-65.244583, 18.307362], [-65.244308, 18.307362], [-65.244308, 18.304861], [-65.244026, 18.304861], [-65.244026, 18.304583], [-65.244308, 18.304583], [-65.244308, 18.303473], [-65.244858, 18.303473], [-65.244858, 18.303196], [-65.24514, 18.303196], [-65.24514, 18.302917], [-65.247086, 18.302917], [-65.247086, 18.303473], [-65.24736, 18.303473], [-65.24736, 18.303749], [-65.248474, 18.303749], [-65.248474, 18.304028], [-65.249306, 18.304028], [-65.249306, 18.304304], [-65.250137, 18.304304], [-65.250137, 18.304583], [-65.25042, 18.304583], [-65.25042, 18.304861], [-65.250694, 18.304861], [-65.250694, 18.30514], [-65.250969, 18.30514], [-65.250969, 18.305416], [-65.251251, 18.305416], [-65.251251, 18.305973], [-65.252083, 18.305973], [-65.252083, 18.30625], [-65.253197, 18.30625], [-65.253197, 18.306526], [-65.254585, 18.306526], [-65.254585, 18.30625], [-65.25486, 18.30625], [-65.25486, 18.305973], [-65.255417, 18.305973], [-65.255417, 18.30625], [-65.256248, 18.30625], [-65.256248, 18.306526], [-65.256531, 18.306526], [-65.256531, 18.306805], [-65.256805, 18.306805], [-65.256805, 18.307362], [-65.25708, 18.307362], [-65.25708, 18.308748], [-65.257362, 18.308748], [-65.257362, 18.309031], [-65.257637, 18.309031], [-65.257637, 18.308748], [-65.258194, 18.308748], [-65.258194, 18.308472], [-65.258469, 18.308472], [-65.258469, 18.308195], [-65.258751, 18.308195], [-65.258751, 18.30625], [-65.258469, 18.30625], [-65.258469, 18.305973], [-65.258194, 18.305973], [-65.258194, 18.305416], [-65.257919, 18.305416], [-65.257919, 18.304583], [-65.257637, 18.304583], [-65.257637, 18.302639], [-65.256805, 18.302639], [-65.256805, 18.302361], [-65.256531, 18.302361], [-65.256531, 18.301805], [-65.256248, 18.301805], [-65.256248, 18.301527], [-65.255692, 18.301527], [-65.255692, 18.30125], [-65.255142, 18.30125], [-65.255142, 18.300974], [-65.25486, 18.300974], [-65.25486, 18.299305], [-65.256248, 18.299305], [-65.256248, 18.297359], [-65.256531, 18.297359], [-65.256531, 18.297083], [-65.256805, 18.297083], [-65.256805, 18.296806], [-65.257637, 18.296806], [-65.257637, 18.29653], [-65.257362, 18.29653], [-65.257362, 18.295973], [-65.25708, 18.295973], [-65.25708, 18.295694], [-65.256805, 18.295694], [-65.256805, 18.295416], [-65.256531, 18.295416], [-65.256531, 18.294861], [-65.256248, 18.294861], [-65.256248, 18.294306], [-65.254585, 18.294306], [-65.254585, 18.292639], [-65.256248, 18.292639], [-65.256248, 18.293194], [-65.25708, 18.293194], [-65.25708, 18.293472], [-65.257637, 18.293472], [-65.257637, 18.293194], [-65.258469, 18.293194], [-65.258469, 18.292915], [-65.258751, 18.292915], [-65.258751, 18.29236], [-65.259026, 18.29236], [-65.259026, 18.292084], [-65.259308, 18.292084], [-65.259308, 18.29125], [-65.259583, 18.29125], [-65.259583, 18.290972], [-65.259865, 18.290972], [-65.259865, 18.290417], [-65.260139, 18.290417], [-65.260139, 18.290138], [-65.260414, 18.290138], [-65.260414, 18.289862], [-65.261253, 18.289862], [-65.261253, 18.289583], [-65.262085, 18.289583], [-65.262085, 18.289305], [-65.262917, 18.289305], [-65.262917, 18.289862], [-65.26403, 18.289862], [-65.26403, 18.290695], [-65.263748, 18.290695], [-65.263748, 18.290972], [-65.263474, 18.290972], [-65.263474, 18.292915], [-65.263748, 18.292915], [-65.263748, 18.293194], [-65.26403, 18.293194], [-65.26403, 18.293751], [-65.263748, 18.293751], [-65.263748, 18.294861], [-65.26403, 18.294861], [-65.26403, 18.295694], [-65.26458, 18.295694], [-65.26458, 18.295973], [-65.264862, 18.295973], [-65.264862, 18.296247], [-65.265137, 18.296247], [-65.265137, 18.29653], [-65.265694, 18.29653], [-65.265694, 18.296806], [-65.266525, 18.296806], [-65.266525, 18.297083], [-65.268471, 18.297083], [-65.268471, 18.296806], [-65.269302, 18.296806], [-65.269302, 18.29653], [-65.270142, 18.29653], [-65.270142, 18.296247], [-65.270691, 18.296247], [-65.270691, 18.295973], [-65.271248, 18.295973], [-65.271248, 18.295694], [-65.27153, 18.295694], [-65.27153, 18.295416], [-65.272087, 18.295416], [-65.272087, 18.294861], [-65.275414, 18.294861], [-65.275414, 18.295137], [-65.27597, 18.295137], [-65.27597, 18.295416], [-65.276253, 18.295416], [-65.276253, 18.295694], [-65.276527, 18.295694], [-65.276527, 18.296247], [-65.276802, 18.296247], [-65.276802, 18.29653], [-65.277084, 18.29653], [-65.277084, 18.297083], [-65.277359, 18.297083], [-65.277359, 18.297359], [-65.277641, 18.297359], [-65.277641, 18.298752], [-65.277359, 18.298752], [-65.277359, 18.299305], [-65.277084, 18.299305], [-65.277084, 18.299583], [-65.277359, 18.299583], [-65.277359, 18.299864], [-65.277641, 18.299864], [-65.277641, 18.299305], [-65.278473, 18.299305], [-65.278473, 18.299864], [-65.27903, 18.299864], [-65.27903, 18.300138], [-65.279861, 18.300138], [-65.279861, 18.300417], [-65.280136, 18.300417], [-65.280136, 18.300694], [-65.280418, 18.300694], [-65.280418, 18.30125], [-65.280136, 18.30125], [-65.280136, 18.301805], [-65.279861, 18.301805], [-65.279861, 18.302082], [-65.279587, 18.302082], [-65.279587, 18.302639], [-65.279861, 18.302639], [-65.279861, 18.302361], [-65.280136, 18.302361], [-65.280136, 18.302082], [-65.28125, 18.302082], [-65.28125, 18.302639], [-65.281525, 18.302639], [-65.281525, 18.302917], [-65.281807, 18.302917], [-65.281807, 18.303473], [-65.280975, 18.303473], [-65.280975, 18.303749], [-65.280418, 18.303749], [-65.280418, 18.304028], [-65.279587, 18.304028], [-65.279587, 18.304304], [-65.279305, 18.304304], [-65.279305, 18.304583], [-65.27903, 18.304583], [-65.27903, 18.304861], [-65.279305, 18.304861], [-65.279305, 18.30514], [-65.279587, 18.30514], [-65.279587, 18.305695], [-65.284027, 18.305695], [-65.284027, 18.30625], [-65.284859, 18.30625], [-65.284859, 18.306805], [-65.285141, 18.306805], [-65.285141, 18.307083], [-65.285416, 18.307083], [-65.285416, 18.306805], [-65.28653, 18.306805], [-65.28653, 18.30625], [-65.287636, 18.30625], [-65.287636, 18.306526], [-65.287918, 18.306526], [-65.287918, 18.307083], [-65.288193, 18.307083], [-65.288193, 18.307362], [-65.288475, 18.307362], [-65.288475, 18.307636], [-65.289024, 18.307636], [-65.289024, 18.307917], [-65.289307, 18.307917], [-65.289307, 18.308195], [-65.289581, 18.308195], [-65.289581, 18.308472], [-65.289864, 18.308472], [-65.289864, 18.308748], [-65.290138, 18.308748], [-65.290138, 18.309031], [-65.290413, 18.309031], [-65.290413, 18.309305], [-65.290695, 18.309305], [-65.290695, 18.309858], [-65.29097, 18.309858], [-65.29097, 18.310141], [-65.291252, 18.310141], [-65.291252, 18.311253], [-65.291809, 18.311253], [-65.291809, 18.31097], [-65.292358, 18.31097], [-65.292358, 18.310141], [-65.292641, 18.310141], [-65.292641, 18.309858], [-65.292358, 18.309858], [-65.292358, 18.309305], [-65.292084, 18.309305], [-65.292084, 18.309031], [-65.291809, 18.309031], [-65.291809, 18.308748], [-65.291527, 18.308748], [-65.291527, 18.308472], [-65.291252, 18.308472], [-65.291252, 18.307636], [-65.291527, 18.307636], [-65.291527, 18.307362], [-65.292358, 18.307362], [-65.292358, 18.307636], [-65.294029, 18.307636], [-65.294029, 18.307917], [-65.294586, 18.307917], [-65.294586, 18.308195], [-65.295692, 18.308195], [-65.295692, 18.308472], [-65.296249, 18.308472], [-65.296249, 18.308748], [-65.296524, 18.308748], [-65.296524, 18.309031], [-65.297363, 18.309031], [-65.297363, 18.309305], [-65.298195, 18.309305], [-65.298195, 18.309858], [-65.30014, 18.309858], [-65.30014, 18.309305], [-65.300972, 18.309305], [-65.300972, 18.309858], [-65.301529, 18.309858], [-65.301529, 18.309584], [-65.301804, 18.309584], [-65.301804, 18.307917], [-65.301247, 18.307917], [-65.301247, 18.30625], [-65.300972, 18.30625], [-65.300972, 18.305695], [-65.300697, 18.305695], [-65.300697, 18.30514], [-65.299858, 18.30514], [-65.299858, 18.304583], [-65.299583, 18.304583], [-65.299583, 18.304304], [-65.299026, 18.304304], [-65.299026, 18.304028], [-65.29847, 18.304028], [-65.29847, 18.303196], [-65.298195, 18.303196], [-65.298195, 18.302361], [-65.296524, 18.302361], [-65.296524, 18.302917], [-65.295692, 18.302917], [-65.295692, 18.302639], [-65.295135, 18.302639], [-65.295135, 18.302082], [-65.294586, 18.302082], [-65.294586, 18.301805], [-65.294304, 18.301805], [-65.294304, 18.301527], [-65.293472, 18.301527], [-65.293472, 18.30125], [-65.293198, 18.30125], [-65.293198, 18.300974], [-65.291252, 18.300974], [-65.291252, 18.300694], [-65.289864, 18.300694], [-65.289864, 18.300417], [-65.289581, 18.300417], [-65.289581, 18.300138], [-65.28875, 18.300138], [-65.28875, 18.299864], [-65.288475, 18.299864], [-65.288475, 18.299305], [-65.287361, 18.299305], [-65.287361, 18.299028], [-65.286804, 18.299028], [-65.286804, 18.298752], [-65.286247, 18.298752], [-65.286247, 18.29764], [-65.285973, 18.29764], [-65.285973, 18.295973], [-65.286247, 18.295973], [-65.286247, 18.295694], [-65.287361, 18.295694], [-65.287361, 18.294306], [-65.287086, 18.294306], [-65.287086, 18.292915], [-65.287918, 18.292915], [-65.287918, 18.292639], [-65.288193, 18.292639], [-65.288193, 18.29236], [-65.288475, 18.29236], [-65.288475, 18.292084], [-65.28875, 18.292084], [-65.28875, 18.29125], [-65.287636, 18.29125], [-65.287636, 18.291529], [-65.287361, 18.291529], [-65.287361, 18.291805], [-65.286804, 18.291805], [-65.286804, 18.292084], [-65.285973, 18.292084], [-65.285973, 18.29236], [-65.284584, 18.29236], [-65.284584, 18.292639], [-65.284302, 18.292639], [-65.284302, 18.292915], [-65.284027, 18.292915], [-65.284027, 18.293194], [-65.283195, 18.293194], [-65.283195, 18.292915], [-65.282639, 18.292915], [-65.282639, 18.291529], [-65.282364, 18.291529], [-65.282364, 18.29125], [-65.281807, 18.29125], [-65.281807, 18.290695], [-65.281525, 18.290695], [-65.281525, 18.290138], [-65.280975, 18.290138], [-65.280975, 18.289862], [-65.280693, 18.289862], [-65.280693, 18.289305], [-65.280418, 18.289305], [-65.280418, 18.28764], [-65.280693, 18.28764], [-65.280693, 18.287361], [-65.280975, 18.287361], [-65.280975, 18.287083], [-65.282364, 18.287083], [-65.282364, 18.28764], [-65.28347, 18.28764], [-65.28347, 18.286806], [-65.283195, 18.286806], [-65.283195, 18.286528], [-65.282913, 18.286528], [-65.282913, 18.286249], [-65.282639, 18.286249], [-65.282639, 18.285973], [-65.282364, 18.285973], [-65.282364, 18.285418], [-65.282082, 18.285418], [-65.282082, 18.285139], [-65.281525, 18.285139], [-65.281525, 18.284306], [-65.28125, 18.284306], [-65.28125, 18.284027], [-65.281525, 18.284027], [-65.281525, 18.28347], [-65.284859, 18.28347], [-65.284859, 18.283194], [-65.285416, 18.283194], [-65.285416, 18.282084], [-65.285141, 18.282084], [-65.285141, 18.28153], [-65.284027, 18.28153], [-65.284027, 18.280972], [-65.283195, 18.280972], [-65.283195, 18.280695], [-65.282913, 18.280695], [-65.282913, 18.280416], [-65.282639, 18.280416], [-65.282639, 18.279306], [-65.283195, 18.279306], [-65.283195, 18.279028], [-65.284302, 18.279028], [-65.284302, 18.278473], [-65.285141, 18.278473], [-65.285141, 18.276527], [-65.286247, 18.276527], [-65.286247, 18.276806], [-65.28653, 18.276806], [-65.28653, 18.277082], [-65.287636, 18.277082], [-65.287636, 18.277361], [-65.287918, 18.277361], [-65.287918, 18.278194], [-65.287636, 18.278194], [-65.287636, 18.278749], [-65.287361, 18.278749], [-65.287361, 18.279028], [-65.287086, 18.279028], [-65.287086, 18.279306], [-65.286804, 18.279306], [-65.286804, 18.279583], [-65.28653, 18.279583], [-65.28653, 18.280972], [-65.286804, 18.280972], [-65.286804, 18.28153], [-65.287086, 18.28153], [-65.287086, 18.282084], [-65.287918, 18.282084], [-65.287918, 18.28236], [-65.28875, 18.28236], [-65.28875, 18.28264], [-65.289864, 18.28264], [-65.289864, 18.282919], [-65.290138, 18.282919], [-65.290138, 18.28347], [-65.290413, 18.28347], [-65.290413, 18.284027], [-65.290695, 18.284027], [-65.290695, 18.284584], [-65.29097, 18.284584], [-65.29097, 18.284863], [-65.291252, 18.284863], [-65.291252, 18.285139], [-65.291527, 18.285139], [-65.291527, 18.285418], [-65.291809, 18.285418], [-65.291809, 18.285694], [-65.292641, 18.285694], [-65.292641, 18.285973], [-65.293198, 18.285973], [-65.293198, 18.286806], [-65.293472, 18.286806], [-65.293472, 18.287361], [-65.293747, 18.287361], [-65.293747, 18.28764], [-65.294029, 18.28764], [-65.294029, 18.288473], [-65.294304, 18.288473], [-65.294304, 18.289583], [-65.294586, 18.289583], [-65.294586, 18.290695], [-65.294861, 18.290695], [-65.294861, 18.290972], [-65.295135, 18.290972], [-65.295135, 18.29125], [-65.295418, 18.29125], [-65.295418, 18.291529], [-65.295692, 18.291529], [-65.295692, 18.291805], [-65.296249, 18.291805], [-65.296249, 18.292084], [-65.296806, 18.292084], [-65.296806, 18.292915], [-65.297638, 18.292915], [-65.297638, 18.293194], [-65.29792, 18.293194], [-65.29792, 18.293472], [-65.298195, 18.293472], [-65.298195, 18.293751], [-65.298752, 18.293751], [-65.298752, 18.294027], [-65.300415, 18.294027], [-65.300415, 18.293751], [-65.300972, 18.293751], [-65.300972, 18.294027], [-65.301529, 18.294027], [-65.301529, 18.294584], [-65.301247, 18.294584], [-65.301247, 18.29653], [-65.300972, 18.29653], [-65.300972, 18.297916], [-65.301247, 18.297916], [-65.301247, 18.298195], [-65.301529, 18.298195], [-65.301529, 18.297916], [-65.302086, 18.297916], [-65.302086, 18.298195], [-65.302361, 18.298195], [-65.302361, 18.29847], [-65.302917, 18.29847], [-65.302917, 18.298752], [-65.302635, 18.298752], [-65.302635, 18.299028], [-65.302361, 18.299028], [-65.302361, 18.299583], [-65.302086, 18.299583], [-65.302086, 18.300138], [-65.302635, 18.300138], [-65.302635, 18.300417], [-65.302917, 18.300417], [-65.302917, 18.300974], [-65.303192, 18.300974], [-65.303192, 18.301805], [-65.304581, 18.301805], [-65.304581, 18.302082], [-65.30542, 18.302082], [-65.30542, 18.301805], [-65.305969, 18.301805], [-65.305969, 18.30125], [-65.308472, 18.30125], [-65.308472, 18.301805], [-65.309029, 18.301805], [-65.309029, 18.302082], [-65.309303, 18.302082], [-65.309303, 18.302639], [-65.310143, 18.302639], [-65.310143, 18.302917], [-65.310692, 18.302917], [-65.310692, 18.303196], [-65.310974, 18.303196], [-65.310974, 18.303749], [-65.311249, 18.303749], [-65.311249, 18.304304], [-65.311531, 18.304304], [-65.311531, 18.304583], [-65.311806, 18.304583], [-65.311806, 18.304861], [-65.31208, 18.304861], [-65.31208, 18.30514], [-65.312363, 18.30514], [-65.312363, 18.305416], [-65.312637, 18.305416], [-65.312637, 18.305695], [-65.31292, 18.305695], [-65.31292, 18.306805], [-65.313194, 18.306805], [-65.313194, 18.307083], [-65.313469, 18.307083], [-65.313469, 18.307917], [-65.313751, 18.307917], [-65.313751, 18.308195], [-65.314026, 18.308195], [-65.314026, 18.308472], [-65.314308, 18.308472], [-65.314308, 18.308748], [-65.315414, 18.308748], [-65.315414, 18.309031], [-65.316254, 18.309031], [-65.316254, 18.309305], [-65.316803, 18.309305], [-65.316803, 18.312916], [-65.317085, 18.312916], [-65.317085, 18.313749], [-65.31736, 18.313749], [-65.31736, 18.314028], [-65.317642, 18.314028], [-65.317642, 18.314306], [-65.317917, 18.314306], [-65.317917, 18.314861], [-65.317642, 18.314861], [-65.317642, 18.317917], [-65.317917, 18.317917], [-65.317917, 18.318195], [-65.318192, 18.318195], [-65.318192, 18.318472], [-65.318748, 18.318472], [-65.318748, 18.319027], [-65.320137, 18.319027], [-65.320137, 18.319305], [-65.320969, 18.319305], [-65.320969, 18.319584], [-65.321251, 18.319584], [-65.321251, 18.319305], [-65.321808, 18.319305], [-65.321808, 18.31875], [-65.322083, 18.31875], [-65.322083, 18.318472], [-65.322365, 18.318472], [-65.322365, 18.317638], [-65.322914, 18.317638], [-65.322914, 18.320139], [-65.323196, 18.320139], [-65.323196, 18.320972], [-65.323753, 18.320972], [-65.323753, 18.321527], [-65.324028, 18.321527], [-65.324028, 18.321806], [-65.324303, 18.321806], [-65.324303, 18.322083], [-65.32486, 18.322083], [-65.32486, 18.322359], [-65.325691, 18.322359], [-65.325691, 18.322638], [-65.326248, 18.322638], [-65.326248, 18.322916], [-65.32653, 18.322916], [-65.32653, 18.323195], [-65.327362, 18.323195], [-65.327362, 18.323473], [-65.328751, 18.323473], [-65.328751, 18.323195], [-65.329308, 18.323195], [-65.329308, 18.322916], [-65.329582, 18.322916], [-65.329582, 18.322638], [-65.329865, 18.322638], [-65.329865, 18.321806], [-65.330139, 18.321806], [-65.330139, 18.321527], [-65.330696, 18.321527], [-65.330696, 18.321251], [-65.331253, 18.321251], [-65.331253, 18.320972], [-65.331802, 18.320972], [-65.331802, 18.322359], [-65.331528, 18.322359], [-65.331528, 18.322638], [-65.331253, 18.322638], [-65.331253, 18.323473], [-65.330971, 18.323473], [-65.330971, 18.323751], [-65.330414, 18.323751], [-65.330414, 18.324306], [-65.330139, 18.324306], [-65.330139, 18.324862], [-65.329865, 18.324862], [-65.329865, 18.32625], [-65.330139, 18.32625], [-65.330139, 18.326805], [-65.330414, 18.326805], [-65.330414, 18.327639], [-65.330696, 18.327639], [-65.330696, 18.327917], [-65.330971, 18.327917], [-65.330971, 18.328472], [-65.331253, 18.328472], [-65.331253, 18.329027], [-65.331528, 18.329027], [-65.331528, 18.329861], [-65.331802, 18.329861], [-65.331802, 18.330139], [-65.332085, 18.330139], [-65.332085, 18.330694], [-65.332642, 18.330694], [-65.332642, 18.331249], [-65.332916, 18.331249], [-65.332916, 18.331804], [-65.333191, 18.331804], [-65.333191, 18.332361], [-65.333473, 18.332361], [-65.333473, 18.332916], [-65.33403, 18.332916], [-65.33403, 18.333195], [-65.334305, 18.333195], [-65.334305, 18.333471], [-65.334587, 18.333471], [-65.334587, 18.334305], [-65.334862, 18.334305], [-65.334862, 18.335138], [-65.335419, 18.335138], [-65.335419, 18.335695], [-65.335693, 18.335695], [-65.335693, 18.337084], [-65.335976, 18.337084], [-65.335976, 18.337917], [-65.33625, 18.337917], [-65.33625, 18.338472], [-65.336525, 18.338472], [-65.336525, 18.338753], [-65.337639, 18.338753], [-65.337639, 18.339027], [-65.338196, 18.339027], [-65.338196, 18.339306], [-65.33847, 18.339306], [-65.33847, 18.339581], [-65.338753, 18.339581], [-65.338753, 18.340139], [-65.339027, 18.340139], [-65.339027, 18.340416], [-65.339302, 18.340416], [-65.339302, 18.341806], [-65.339584, 18.341806], [-65.339584, 18.342916], [-65.339859, 18.342916], [-65.339859, 18.343472], [-65.340141, 18.343472], [-65.340141, 18.344307], [-65.340698, 18.344307], [-65.340698, 18.344584], [-65.340973, 18.344584], [-65.340973, 18.344862], [-65.341248, 18.344862], [-65.341248, 18.345415], [-65.341805, 18.345415], [-65.346802, 18.349583]]]]}}]}