{"type": "FeatureCollection", "name": "yucayeque-boundaries-simplified", "features": [{"type": "Feature", "properties": {"yucayeque": "Aymaco"}, "geometry": {"type": "MultiPolygon", "coordinates": [[[[-67.23903, 18.37624], [-67.23903, 18.37625], [-67.23901, 18.37625], [-67.23903, 18.37624]]], [[[-67.23901, 18.37625], [-67.23875, 18.37634], [-67.23875, 18.37625], [-67.23901, 18.37625]]], [[[-67.2382, 18.37653], [-67.23875, 18.37634], [-67.23875, 18.37653], [-67.2382, 18.37653]]], [[[-67.239, 18.37597], [-67.2382, 18.37653], [-67.2382, 18.37681], [-67.23569, 18.37681], [-67.23402, 18.37792], [-67.22625, 18.37875], [-67.22208, 18.38125], [-67.21625, 18.38264], [-67.21403, 18.38403], [-67.21236, 18.38403], [-67.21152, 18.38569], [-67.20541, 18.38792], [-67.20541, 18.38931], [-67.20375, 18.38931], [-67.20375, 18.38986], [-67.19569, 18.39208], [-67.19264, 18.39403], [-67.19236, 18.39542], [-67.1907, 18.3968], [-67.19097, 18.39847], [-67.18792, 18.40097], [-67.18459, 18.40181], [-67.18375, 18.40292], [-67.17875, 18.40542], [-67.1768, 18.40542], [-67.17653, 18.40681], [-67.17042, 18.40819], [-67.16681, 18.41097], [-67.16375, 18.4118], [-67.16264, 18.41375], [-67.16042, 18.4143], [-67.16042, 18.41514], [-67.15681, 18.41875], [-67.15625, 18.42292], [-67.15542, 18.42403], [-67.15542, 18.42569], [-67.15681, 18.42708], [-67.15542, 18.43069], [-67.15542, 18.43403], [-67.15652, 18.43542], [-67.15681, 18.43986], [-67.15791, 18.4432], [-67.15875, 18.44375], [-67.15903, 18.44514], [-67.16042, 18.44458], [-67.15958, 18.44597], [-67.16125, 18.44903], [-67.16125, 18.45208], [-67.16264, 18.45375], [-67.16264, 18.45653], [-67.16458, 18.45736], [-67.16597, 18.4607], [-67.16764, 18.46181], [-67.16875, 18.46458], [-67.16959, 18.47069], [-67.1693, 18.48014], [-67.16736, 18.48125], [-67.16708, 18.48458], [-67.1657, 18.48569], [-67.16514, 18.48792], [-67.16402, 18.48903], [-67.16264, 18.48875], [-67.1607, 18.49014], [-67.15708, 18.48986], [-67.15514, 18.49097], [-67.15347, 18.49347], [-67.1532, 18.49625], [-67.15208, 18.49625], [-67.1518, 18.49764], [-67.14902, 18.49903], [-67.14542, 18.50319], [-67.14375, 18.50347], [-67.14125, 18.50597], [-67.13931, 18.50625], [-67.13847, 18.50792], [-67.13653, 18.50847], [-67.13431, 18.50764], [-67.13153, 18.50792], [-67.1293, 18.51014], [-67.12708, 18.51042], [-67.12431, 18.51181], [-67.1143, 18.5132], [-67.11264, 18.5132], [-67.11042, 18.51181], [-67.10625, 18.51181], [-67.10625, 18.51236], [-67.10291, 18.51264], [-67.10014, 18.51542], [-67.0907, 18.51597], [-67.08736, 18.51458], [-67.08125, 18.51403], [-67.08041, 18.5132], [-67.07625, 18.5132], [-67.07486, 18.51458], [-67.07291, 18.51458], [-67.07236, 18.5132], [-67.06903, 18.51292], [-67.06541, 18.51292], [-67.06541, 18.51347], [-67.06319, 18.51403], [-67.06042, 18.51347], [-67.05875, 18.51431], [-67.05625, 18.51347], [-67.05597, 18.51403], [-67.05403, 18.51403], [-67.05375, 18.51542], [-67.05097, 18.51542], [-67.04958, 18.51486], [-67.04903, 18.51292], [-67.04569, 18.51292], [-67.04569, 18.51236], [-67.03931, 18.51292], [-67.03931, 18.51236], [-67.0332, 18.51125], [-67.03347, 18.51042], [-67.0293, 18.50986], [-67.0282, 18.50847], [-67.02402, 18.50875], [-67.02402, 18.50819], [-67.02209, 18.50819], [-67.02014, 18.50986], [-67.02014, 18.51042], [-67.02153, 18.51042], [-67.02153, 18.51153], [-67.01681, 18.51097], [-67.01542, 18.50986], [-67.01542, 18.50847], [-67.01458, 18.50792], [-67.01264, 18.50819], [-67.01264, 18.50736], [-67.01125, 18.50625], [-67.00986, 18.50708], [-67.00958, 18.50597], [-67.00681, 18.50597], [-67.00569, 18.50458], [-67.00403, 18.50458], [-67.00375, 18.50347], [-67.00236, 18.50347], [-67.00236, 18.50292], [-66.99847, 18.50264], [-66.99709, 18.50125], [-66.99514, 18.50181], [-66.99431, 18.50125], [-66.99403, 18.49986], [-66.99153, 18.50014], [-66.99097, 18.49875], [-66.98986, 18.49903], [-66.98959, 18.49792], [-66.98736, 18.49792], [-66.98569, 18.49514], [-66.98402, 18.49458], [-66.98236, 18.49292], [-66.98042, 18.49292], [-66.97875, 18.49125], [-66.97542, 18.49153], [-66.9753, 18.47936], [-66.96323, 18.47955], [-66.96365, 18.47194], [-66.95538, 18.47192], [-66.95619, 18.45989], [-66.95156, 18.46027], [-66.95276, 18.45607], [-66.94773, 18.45703], [-66.94894, 18.44176], [-66.94491, 18.44195], [-66.94532, 18.43889], [-66.93787, 18.44004], [-66.93847, 18.43316], [-66.93385, 18.43278], [-66.93344, 18.40548], [-66.93958, 18.40488], [-66.93847, 18.38676], [-66.94552, 18.37989], [-66.94512, 18.36117], [-66.94912, 18.36137], [-66.94874, 18.3478], [-66.9532, 18.34823], [-66.95314, 18.33729], [-66.95934, 18.33813], [-66.958, 18.32315], [-66.98496, 18.32392], [-66.98517, 18.32774], [-67.03719, 18.32629], [-67.04191, 18.32068], [-67.05118, 18.32048], [-67.0546, 18.31704], [-67.06567, 18.31742], [-67.09263, 18.33958], [-67.11377, 18.34149], [-67.14425, 18.35398], [-67.15782, 18.35545], [-67.15834, 18.3618], [-67.21037, 18.36079], [-67.21128, 18.36523], [-67.22956, 18.36386], [-67.23008, 18.36853], [-67.24567, 18.36828], [-67.24541, 18.37403], [-67.239, 18.37597]]]]}}, {"type": "Feature", "properties": {"yucayeque": "Abacoa"}, "geometry": {"type": "MultiPolygon", "coordinates": [[[[-66.4649, 18.46958], [-66.46486, 18.46986], [-66.46486, 18.46958], [-66.4649, 18.46958]]], [[[-66.4649, 18.46958], [-66.46927, 18.44034], [-66.48593, 18.42065], [-66.48279, 18.40155], [-66.48625, 18.38305], [-66.4853, 18.36601], [-66.51111, 18.3673], [-66.51253, 18.36461], [-66.52953, 18.3651], [-66.53082, 18.36095], [-66.55117, 18.36034], [-66.55193, 18.366], [-66.57628, 18.36523], [-66.57667, 18.36095], [-66.60243, 18.36095], [-66.60333, 18.36474], [-66.63051, 18.36584], [-66.63185, 18.36223], [-66.64493, 18.36168], [-66.64622, 18.36518], [-66.66696, 18.36486], [-66.66709, 18.36798], [-66.70831, 18.36816], [-66.70818, 18.38209], [-66.73188, 18.38148], [-66.73198, 18.38496], [-66.78456, 18.38576], [-66.78467, 18.39129], [-66.85951, 18.392], [-66.91265, 18.41766], [-66.93439, 18.41746], [-66.93366, 18.42034], [-66.93385, 18.43278], [-66.93847, 18.43316], [-66.93787, 18.44004], [-66.94532, 18.43889], [-66.94491, 18.44195], [-66.94894, 18.44176], [-66.94773, 18.45703], [-66.95276, 18.45607], [-66.95156, 18.46027], [-66.95619, 18.45989], [-66.95538, 18.47192], [-66.96365, 18.47194], [-66.96323, 18.47955], [-66.9753, 18.47936], [-66.97542, 18.4918], [-66.9732, 18.49236], [-66.97208, 18.49403], [-66.97097, 18.49403], [-66.97097, 18.49292], [-66.96792, 18.49208], [-66.96514, 18.49208], [-66.96291, 18.49097], [-66.96098, 18.4918], [-66.96069, 18.4907], [-66.95903, 18.4907], [-66.95847, 18.48875], [-66.95486, 18.48847], [-66.95292, 18.48903], [-66.95042, 18.49125], [-66.94903, 18.4907], [-66.94791, 18.4918], [-66.94681, 18.49125], [-66.94319, 18.4918], [-66.94264, 18.49097], [-66.93986, 18.49153], [-66.93875, 18.49125], [-66.93819, 18.49014], [-66.93625, 18.4907], [-66.93569, 18.48986], [-66.93125, 18.48903], [-66.92986, 18.48764], [-66.92736, 18.48847], [-66.9268, 18.48764], [-66.92486, 18.48764], [-66.92347, 18.48653], [-66.92181, 18.48653], [-66.92042, 18.48542], [-66.91597, 18.48431], [-66.91375, 18.48486], [-66.9118, 18.48375], [-66.90875, 18.48403], [-66.90791, 18.48347], [-66.90375, 18.48431], [-66.9032, 18.48347], [-66.90097, 18.48347], [-66.89764, 18.48514], [-66.8943, 18.48486], [-66.89069, 18.48569], [-66.88847, 18.48764], [-66.88458, 18.48736], [-66.88236, 18.48875], [-66.87542, 18.48959], [-66.87347, 18.48875], [-66.8707, 18.48903], [-66.87014, 18.49042], [-66.86736, 18.49042], [-66.86653, 18.49236], [-66.86542, 18.49097], [-66.8632, 18.49042], [-66.86097, 18.49097], [-66.85986, 18.49042], [-66.85653, 18.49097], [-66.85236, 18.49042], [-66.85125, 18.49097], [-66.85042, 18.48986], [-66.8468, 18.48986], [-66.8457, 18.48847], [-66.84292, 18.48931], [-66.84264, 18.48819], [-66.83708, 18.48792], [-66.83625, 18.48708], [-66.83486, 18.48764], [-66.82848, 18.48708], [-66.82681, 18.48764], [-66.8243, 18.4907], [-66.81653, 18.49042], [-66.81319, 18.49097], [-66.81292, 18.49014], [-66.81181, 18.49014], [-66.80791, 18.49125], [-66.80458, 18.49125], [-66.8018, 18.49236], [-66.79708, 18.49264], [-66.79542, 18.49347], [-66.7943, 18.49236], [-66.79097, 18.49264], [-66.78986, 18.49208], [-66.78819, 18.49292], [-66.78792, 18.49236], [-66.7857, 18.49236], [-66.78403, 18.49153], [-66.78181, 18.4918], [-66.7782, 18.48959], [-66.76903, 18.48625], [-66.76791, 18.48458], [-66.76542, 18.48375], [-66.76458, 18.48236], [-66.76264, 18.48236], [-66.76125, 18.48153], [-66.75958, 18.48181], [-66.75819, 18.48125], [-66.75792, 18.48042], [-66.75542, 18.48014], [-66.75347, 18.47847], [-66.75014, 18.47736], [-66.74903, 18.47625], [-66.74709, 18.4768], [-66.74625, 18.47569], [-66.74292, 18.47514], [-66.74097, 18.47403], [-66.73875, 18.47375], [-66.73847, 18.47458], [-66.73736, 18.47458], [-66.73708, 18.47375], [-66.73569, 18.47347], [-66.73153, 18.47347], [-66.73097, 18.47458], [-66.72958, 18.47514], [-66.72736, 18.47458], [-66.72403, 18.47486], [-66.72208, 18.47597], [-66.71958, 18.47542], [-66.71848, 18.47403], [-66.71264, 18.47375], [-66.70792, 18.47153], [-66.70764, 18.47208], [-66.70403, 18.47292], [-66.70125, 18.47486], [-66.70042, 18.47653], [-66.70042, 18.47958], [-66.70292, 18.47958], [-66.70348, 18.48097], [-66.70181, 18.48153], [-66.70069, 18.48292], [-66.69958, 18.48236], [-66.69653, 18.48292], [-66.69653, 18.48181], [-66.69375, 18.48097], [-66.68375, 18.48069], [-66.68264, 18.48292], [-66.68097, 18.48431], [-66.67542, 18.48653], [-66.67458, 18.48903], [-66.67514, 18.48959], [-66.67736, 18.48875], [-66.67764, 18.48986], [-66.67709, 18.49014], [-66.67152, 18.49014], [-66.67097, 18.48819], [-66.6693, 18.48819], [-66.66792, 18.48736], [-66.65986, 18.48764], [-66.65569, 18.48847], [-66.64514, 18.48847], [-66.64208, 18.49125], [-66.64208, 18.49208], [-66.64347, 18.49208], [-66.64347, 18.49292], [-66.63792, 18.49292], [-66.6357, 18.49375], [-66.63486, 18.49264], [-66.63319, 18.49292], [-66.63181, 18.49208], [-66.63014, 18.49208], [-66.62847, 18.49236], [-66.62847, 18.49375], [-66.62681, 18.4943], [-66.62708, 18.49292], [-66.62625, 18.49236], [-66.62431, 18.49264], [-66.62514, 18.49403], [-66.62264, 18.49403], [-66.6207, 18.49264], [-66.62041, 18.49153], [-66.61653, 18.4907], [-66.61153, 18.49125], [-66.61097, 18.4907], [-66.60709, 18.49042], [-66.60347, 18.48875], [-66.60098, 18.48903], [-66.59959, 18.48819], [-66.59764, 18.48819], [-66.5907, 18.48514], [-66.58153, 18.48375], [-66.57514, 18.48403], [-66.57375, 18.48514], [-66.57042, 18.48569], [-66.5657, 18.48514], [-66.56319, 18.48653], [-66.56208, 18.48819], [-66.56181, 18.48903], [-66.56292, 18.49042], [-66.5593, 18.49014], [-66.55764, 18.48847], [-66.55458, 18.48708], [-66.54931, 18.48736], [-66.54486, 18.48458], [-66.53902, 18.48292], [-66.53792, 18.48153], [-66.5357, 18.48153], [-66.53486, 18.48069], [-66.53514, 18.47931], [-66.53458, 18.47875], [-66.53291, 18.47958], [-66.53291, 18.48208], [-66.53042, 18.48236], [-66.52708, 18.48403], [-66.52708, 18.48458], [-66.52486, 18.48458], [-66.52348, 18.48403], [-66.52292, 18.48181], [-66.52125, 18.48097], [-66.5182, 18.48125], [-66.5182, 18.48042], [-66.51653, 18.47931], [-66.51375, 18.47903], [-66.51236, 18.47708], [-66.50792, 18.47792], [-66.50764, 18.47736], [-66.50597, 18.47736], [-66.50569, 18.47625], [-66.50403, 18.47597], [-66.50347, 18.47514], [-66.50097, 18.47486], [-66.49986, 18.47597], [-66.49986, 18.47736], [-66.49736, 18.47736], [-66.48847, 18.47431], [-66.48542, 18.47431], [-66.48514, 18.47347], [-66.48347, 18.47375], [-66.48347, 18.47208], [-66.48209, 18.47097], [-66.47125, 18.46986], [-66.46875, 18.46875], [-66.4649, 18.46958]]]]}}, {"type": "Feature", "properties": {"yucayeque": "Sibuco"}, "geometry": {"type": "Polygon", "coordinates": [[[-66.46486, 18.46986], [-66.45792, 18.46847], [-66.45431, 18.46958], [-66.45292, 18.46931], [-66.4493, 18.47069], [-66.44764, 18.47236], [-66.44736, 18.47403], [-66.44514, 18.47569], [-66.44486, 18.47708], [-66.44319, 18.47736], [-66.44125, 18.48486], [-66.43819, 18.48653], [-66.42514, 18.48875], [-66.41625, 18.48819], [-66.41348, 18.48959], [-66.41097, 18.48986], [-66.40347, 18.48875], [-66.40097, 18.48959], [-66.39764, 18.49236], [-66.39764, 18.49319], [-66.40153, 18.49347], [-66.40125, 18.4943], [-66.39291, 18.49347], [-66.39291, 18.49264], [-66.39625, 18.49264], [-66.39514, 18.48959], [-66.38653, 18.48708], [-66.38486, 18.48514], [-66.38153, 18.48319], [-66.38321, 18.4333], [-66.39686, 18.41179], [-66.39802, 18.32733], [-66.40459, 18.30055], [-66.44362, 18.29969], [-66.44851, 18.30691], [-66.46848, 18.30691], [-66.47659, 18.31461], [-66.47567, 18.32677], [-66.47234, 18.32696], [-66.47194, 18.33452], [-66.4762, 18.33417], [-66.48329, 18.34958], [-66.4853, 18.36601], [-66.48625, 18.38305], [-66.48279, 18.40155], [-66.48593, 18.42065], [-66.46927, 18.44034], [-66.46486, 18.46986]]]}}, {"type": "Feature", "properties": {"yucayeque": "Toa"}, "geometry": {"type": "Polygon", "coordinates": [[[-66.38153, 18.48292], [-66.38042, 18.48292], [-66.37847, 18.48431], [-66.3782, 18.48514], [-66.3793, 18.48597], [-66.3793, 18.48736], [-66.37764, 18.48847], [-66.37653, 18.48764], [-66.37236, 18.48736], [-66.3707, 18.48625], [-66.36514, 18.48458], [-66.36181, 18.48486], [-66.36042, 18.48625], [-66.35514, 18.48597], [-66.34959, 18.48347], [-66.34597, 18.48264], [-66.34375, 18.48097], [-66.3418, 18.48097], [-66.33875, 18.48208], [-66.33903, 18.48458], [-66.34014, 18.48569], [-66.33986, 18.48653], [-66.33875, 18.48653], [-66.3382, 18.48542], [-66.33708, 18.48542], [-66.33652, 18.48458], [-66.33459, 18.48458], [-66.33319, 18.48264], [-66.33041, 18.48236], [-66.32875, 18.48125], [-66.32764, 18.48153], [-66.32681, 18.48014], [-66.32542, 18.47986], [-66.32569, 18.47792], [-66.32514, 18.47764], [-66.32375, 18.47764], [-66.32291, 18.47931], [-66.32153, 18.47958], [-66.32097, 18.47847], [-66.32153, 18.47625], [-66.32097, 18.47569], [-66.31653, 18.47653], [-66.31597, 18.47458], [-66.31069, 18.47514], [-66.31097, 18.47319], [-66.31014, 18.47236], [-66.31014, 18.47014], [-66.30903, 18.47153], [-66.30542, 18.47125], [-66.30542, 18.47264], [-66.30903, 18.47486], [-66.3093, 18.47597], [-66.30486, 18.47486], [-66.30431, 18.47542], [-66.30209, 18.47542], [-66.29931, 18.47736], [-66.29875, 18.47708], [-66.29917, 18.4554], [-66.30809, 18.45543], [-66.30767, 18.42298], [-66.31431, 18.42173], [-66.31518, 18.4125], [-66.32202, 18.41156], [-66.32185, 18.39599], [-66.32597, 18.39545], [-66.32545, 18.36759], [-66.33995, 18.3157], [-66.34015, 18.2859], [-66.35061, 18.28322], [-66.35061, 18.27003], [-66.35766, 18.26583], [-66.36139, 18.25511], [-66.37597, 18.26851], [-66.38946, 18.26927], [-66.40374, 18.29297], [-66.40459, 18.30055], [-66.39802, 18.32733], [-66.39686, 18.41179], [-66.38321, 18.4333], [-66.38153, 18.48292]]]}}, {"type": "Feature", "properties": {"yucayeque": "Bayamón"}, "geometry": {"type": "MultiPolygon", "coordinates": [[[[-66.29889, 18.47708], [-66.29903, 18.47708], [-66.29903, 18.47736], [-66.29889, 18.47708]]], [[[-66.29889, 18.47708], [-66.29403, 18.47319], [-66.29014, 18.47181], [-66.28458, 18.47125], [-66.28125, 18.47458], [-66.27875, 18.47514], [-66.27541, 18.47903], [-66.27264, 18.47875], [-66.26986, 18.48069], [-66.26764, 18.47958], [-66.26486, 18.47931], [-66.26208, 18.47764], [-66.25875, 18.47736], [-66.25819, 18.47625], [-66.25486, 18.47764], [-66.25459, 18.47653], [-66.25597, 18.47597], [-66.25569, 18.47375], [-66.25681, 18.47125], [-66.2543, 18.47264], [-66.25236, 18.47264], [-66.25125, 18.47181], [-66.24847, 18.47181], [-66.2468, 18.47042], [-66.23959, 18.46819], [-66.2282, 18.46764], [-66.22542, 18.46653], [-66.21902, 18.46569], [-66.20764, 18.46681], [-66.2057, 18.46597], [-66.20181, 18.46625], [-66.20014, 18.46708], [-66.19986, 18.46875], [-66.19903, 18.46875], [-66.1982, 18.46625], [-66.19403, 18.46625], [-66.19335, 18.45273], [-66.18588, 18.45334], [-66.18537, 18.43538], [-66.1931, 18.43562], [-66.19327, 18.4172], [-66.20997, 18.40556], [-66.22478, 18.40593], [-66.22955, 18.41253], [-66.24333, 18.41167], [-66.24333, 18.39884], [-66.24861, 18.39615], [-66.26149, 18.39529], [-66.2611, 18.38234], [-66.26896, 18.38161], [-66.26945, 18.36905], [-66.2729, 18.36483], [-66.29406, 18.33252], [-66.29386, 18.29679], [-66.28239, 18.28991], [-66.28219, 18.26812], [-66.29004, 18.25398], [-66.29849, 18.2536], [-66.29708, 18.23754], [-66.31157, 18.23831], [-66.31133, 18.24288], [-66.34055, 18.24289], [-66.35633, 18.24541], [-66.36139, 18.25511], [-66.35766, 18.26583], [-66.35061, 18.27003], [-66.35061, 18.28322], [-66.34015, 18.2859], [-66.33995, 18.3157], [-66.32545, 18.36759], [-66.32597, 18.39545], [-66.32185, 18.39599], [-66.32202, 18.41156], [-66.31518, 18.4125], [-66.31431, 18.42173], [-66.30767, 18.42298], [-66.30809, 18.45543], [-66.29917, 18.4554], [-66.29889, 18.47708]]]]}}, {"type": "Feature", "properties": {"yucayeque": "Guaynabo"}, "geometry": {"type": "Polygon", "coordinates": [[[-66.19403, 18.46625], [-66.19041, 18.46708], [-66.18597, 18.46986], [-66.18569, 18.46514], [-66.18459, 18.46375], [-66.1843, 18.46014], [-66.18208, 18.45736], [-66.18069, 18.45625], [-66.17986, 18.45653], [-66.17931, 18.45486], [-66.17764, 18.45375], [-66.17597, 18.45347], [-66.17152, 18.45097], [-66.16875, 18.4507], [-66.16486, 18.4507], [-66.16402, 18.45153], [-66.16264, 18.45125], [-66.16209, 18.45208], [-66.16042, 18.45097], [-66.15875, 18.45264], [-66.15708, 18.45264], [-66.15486, 18.45403], [-66.15347, 18.45375], [-66.15236, 18.45542], [-66.1507, 18.45625], [-66.15014, 18.45764], [-66.14736, 18.45875], [-66.14653, 18.4607], [-66.14403, 18.46347], [-66.14264, 18.46403], [-66.14098, 18.46347], [-66.14098, 18.46458], [-66.13931, 18.46486], [-66.13931, 18.46181], [-66.13597, 18.45653], [-66.13486, 18.45542], [-66.13014, 18.45431], [-66.12875, 18.45181], [-66.12875, 18.45014], [-66.12986, 18.44903], [-66.13125, 18.44875], [-66.13153, 18.44958], [-66.12986, 18.45042], [-66.13097, 18.45347], [-66.13514, 18.45431], [-66.13764, 18.45736], [-66.13986, 18.45597], [-66.13986, 18.45514], [-66.13819, 18.45347], [-66.13764, 18.45097], [-66.13541, 18.44958], [-66.13541, 18.44875], [-66.13458, 18.44847], [-66.13403, 18.44681], [-66.13236, 18.44514], [-66.12959, 18.44347], [-66.12681, 18.4432], [-66.12597, 18.44236], [-66.12319, 18.4418], [-66.11847, 18.44264], [-66.11764, 18.44458], [-66.11542, 18.44431], [-66.11486, 18.44514], [-66.11181, 18.44514], [-66.11014, 18.44431], [-66.11208, 18.43986], [-66.11181, 18.43875], [-66.10958, 18.43736], [-66.10931, 18.43653], [-66.10958, 18.4318], [-66.11014, 18.4318], [-66.10958, 18.42875], [-66.10486, 18.42875], [-66.10403, 18.43014], [-66.09959, 18.4318], [-66.09653, 18.43514], [-66.09486, 18.43514], [-66.09236, 18.43625], [-66.08986, 18.43986], [-66.08375, 18.44069], [-66.08292, 18.44208], [-66.08292, 18.44458], [-66.08403, 18.44514], [-66.08514, 18.44736], [-66.0882, 18.44792], [-66.09097, 18.44681], [-66.0918, 18.44542], [-66.09264, 18.44708], [-66.09458, 18.44708], [-66.09541, 18.44903], [-66.0993, 18.45097], [-66.10125, 18.45125], [-66.10236, 18.44986], [-66.10347, 18.44958], [-66.10431, 18.45014], [-66.10347, 18.45264], [-66.1057, 18.45403], [-66.10625, 18.45597], [-66.10709, 18.45625], [-66.10653, 18.4593], [-66.10514, 18.46042], [-66.1032, 18.45986], [-66.10264, 18.4607], [-66.10152, 18.4607], [-66.09959, 18.45847], [-66.0982, 18.45958], [-66.09236, 18.45903], [-66.09236, 18.45708], [-66.08958, 18.45736], [-66.0907, 18.45986], [-66.09209, 18.45958], [-66.09402, 18.46042], [-66.09431, 18.46153], [-66.0968, 18.46153], [-66.09903, 18.46042], [-66.10625, 18.46208], [-66.10653, 18.46264], [-66.10847, 18.46264], [-66.10875, 18.4607], [-66.10986, 18.46014], [-66.11069, 18.46181], [-66.11042, 18.46292], [-66.11125, 18.46347], [-66.1132, 18.46153], [-66.11514, 18.46208], [-66.11459, 18.46014], [-66.11653, 18.45847], [-66.11903, 18.46208], [-66.11986, 18.46541], [-66.12403, 18.46736], [-66.12514, 18.46875], [-66.12542, 18.47069], [-66.12708, 18.47097], [-66.12653, 18.47292], [-66.12458, 18.47319], [-66.12375, 18.47208], [-66.12041, 18.47069], [-66.12041, 18.47014], [-66.11597, 18.47014], [-66.1132, 18.46875], [-66.10709, 18.46903], [-66.1057, 18.46764], [-66.10458, 18.46764], [-66.10152, 18.46903], [-66.10125, 18.46764], [-66.09903, 18.46625], [-66.0957, 18.46625], [-66.09348, 18.46708], [-66.09125, 18.46681], [-66.08903, 18.46792], [-66.08875, 18.46875], [-66.08875, 18.46819], [-66.08681, 18.46792], [-66.08598, 18.46708], [-66.08598, 18.46653], [-66.08708, 18.46653], [-66.08652, 18.46486], [-66.08598, 18.46431], [-66.0843, 18.46458], [-66.08375, 18.46347], [-66.08375, 18.46236], [-66.08625, 18.4607], [-66.08514, 18.45764], [-66.0818, 18.45764], [-66.08153, 18.45708], [-66.08014, 18.45708], [-66.07848, 18.45514], [-66.07653, 18.45542], [-66.07653, 18.45736], [-66.07792, 18.45875], [-66.07958, 18.45903], [-66.07958, 18.45958], [-66.08319, 18.45986], [-66.08292, 18.46125], [-66.08208, 18.46181], [-66.07903, 18.46153], [-66.07681, 18.46014], [-66.07542, 18.46014], [-66.07375, 18.45847], [-66.07426, 18.42905], [-66.08907, 18.4293], [-66.08909, 18.40968], [-66.11078, 18.40931], [-66.11074, 18.40278], [-66.10657, 18.39923], [-66.10078, 18.39917], [-66.10035, 18.39232], [-66.09015, 18.38435], [-66.08988, 18.37844], [-66.08614, 18.37834], [-66.08603, 18.37509], [-66.08311, 18.3738], [-66.08217, 18.36425], [-66.09324, 18.3646], [-66.09326, 18.36818], [-66.1112, 18.36848], [-66.11136, 18.36516], [-66.13405, 18.36544], [-66.12242, 18.34783], [-66.12336, 18.31978], [-66.13122, 18.31022], [-66.13279, 18.30037], [-66.1221, 18.28932], [-66.12053, 18.27678], [-66.14003, 18.27589], [-66.14475, 18.29322], [-66.1916, 18.2938], [-66.26719, 18.2394], [-66.29708, 18.23754], [-66.29849, 18.2536], [-66.29004, 18.25398], [-66.28219, 18.26812], [-66.28239, 18.28991], [-66.29386, 18.29679], [-66.29406, 18.33252], [-66.26754, 18.36902], [-66.26896, 18.38161], [-66.2611, 18.38234], [-66.26149, 18.39529], [-66.24861, 18.39615], [-66.24333, 18.39884], [-66.24333, 18.41167], [-66.22955, 18.41253], [-66.22478, 18.40593], [-66.20997, 18.40556], [-66.19327, 18.4172], [-66.1931, 18.43562], [-66.18537, 18.43538], [-66.18588, 18.45334], [-66.19335, 18.45273], [-66.19403, 18.46625]]]}}, {"type": "Feature", "properties": {"yucayeque": "Hamanio"}, "geometry": {"type": "Polygon", "coordinates": [[[-66.08217, 18.36425], [-66.08311, 18.3738], [-66.08603, 18.37509], [-66.08614, 18.37834], [-66.08988, 18.37844], [-66.09015, 18.38435], [-66.10035, 18.39232], [-66.10078, 18.39917], [-66.10657, 18.39923], [-66.11074, 18.40278], [-66.11078, 18.40931], [-66.08909, 18.40968], [-66.08907, 18.4293], [-66.07426, 18.42905], [-66.07375, 18.45819], [-66.07236, 18.45736], [-66.06597, 18.45792], [-66.06597, 18.45736], [-66.06458, 18.45736], [-66.06264, 18.45542], [-66.06069, 18.45514], [-66.06069, 18.45458], [-66.05347, 18.45486], [-66.04847, 18.45264], [-66.04403, 18.45292], [-66.04153, 18.45431], [-66.03902, 18.45458], [-66.03736, 18.45125], [-66.03236, 18.44653], [-66.03069, 18.44653], [-66.02597, 18.44431], [-66.01986, 18.44431], [-66.01736, 18.44542], [-66.01681, 18.44681], [-66.01569, 18.44681], [-66.01458, 18.44514], [-66.01208, 18.44403], [-66.00958, 18.44458], [-66.00681, 18.44403], [-66.00264, 18.44569], [-66.00153, 18.44542], [-66.00125, 18.44764], [-65.9968, 18.44986], [-65.99514, 18.45264], [-65.99403, 18.45792], [-65.99014, 18.45653], [-65.99019, 18.45537], [-65.98903, 18.45486], [-65.98625, 18.45458], [-65.98597, 18.45681], [-65.98875, 18.45625], [-65.98986, 18.45792], [-65.99292, 18.45875], [-65.99264, 18.46014], [-65.99042, 18.46042], [-65.98903, 18.45903], [-65.98708, 18.45903], [-65.98402, 18.45764], [-65.98319, 18.45653], [-65.98042, 18.45681], [-65.97958, 18.45792], [-65.98014, 18.45958], [-65.97791, 18.45986], [-65.97681, 18.45819], [-65.97375, 18.45597], [-65.96931, 18.45542], [-65.95764, 18.45097], [-65.94708, 18.44958], [-65.94653, 18.44875], [-65.94319, 18.44819], [-65.94014, 18.44681], [-65.92931, 18.44597], [-65.92542, 18.44458], [-65.92292, 18.44514], [-65.91681, 18.44458], [-65.93422, 18.43278], [-65.93402, 18.41884], [-65.94348, 18.41942], [-65.94308, 18.40911], [-65.95127, 18.40646], [-65.97139, 18.40577], [-65.97176, 18.39917], [-65.99281, 18.39902], [-65.99349, 18.39551], [-66.00959, 18.39481], [-66.02151, 18.3877], [-66.0231, 18.38152], [-66.03243, 18.3818], [-66.04003, 18.37203], [-66.04959, 18.37057], [-66.05844, 18.36257], [-66.06445, 18.36147], [-66.06482, 18.35731], [-66.07532, 18.35736], [-66.07537, 18.36427], [-66.08217, 18.36425]]]}}, {"type": "Feature", "properties": {"yucayeque": "Canaibón"}, "geometry": {"type": "Polygon", "coordinates": [[[-65.91847, 18.44458], [-65.91292, 18.44542], [-65.91125, 18.44681], [-65.90736, 18.44681], [-65.90625, 18.44736], [-65.90459, 18.45097], [-65.90652, 18.45097], [-65.90736, 18.45208], [-65.90708, 18.45264], [-65.90347, 18.45319], [-65.90097, 18.45264], [-65.90014, 18.45181], [-65.89792, 18.45181], [-65.89653, 18.44986], [-65.89542, 18.44958], [-65.89569, 18.44764], [-65.89514, 18.44708], [-65.89125, 18.44542], [-65.89014, 18.44431], [-65.8868, 18.44347], [-65.88458, 18.44125], [-65.8793, 18.43903], [-65.8793, 18.43792], [-65.88042, 18.43736], [-65.88069, 18.43625], [-65.88208, 18.43569], [-65.88458, 18.43264], [-65.88819, 18.42986], [-65.89153, 18.42486], [-65.89736, 18.41847], [-65.89902, 18.41514], [-65.89764, 18.4157], [-65.89597, 18.41847], [-65.88264, 18.43403], [-65.88181, 18.43403], [-65.8782, 18.43708], [-65.87319, 18.43736], [-65.87292, 18.43681], [-65.87125, 18.43681], [-65.8707, 18.43597], [-65.86542, 18.43597], [-65.86097, 18.43458], [-65.8532, 18.43514], [-65.85098, 18.43347], [-65.8482, 18.43375], [-65.8457, 18.4318], [-65.84375, 18.43125], [-65.83958, 18.43125], [-65.83875, 18.43208], [-65.83681, 18.43208], [-65.83292, 18.42986], [-65.83236, 18.42736], [-65.8307, 18.42569], [-65.82931, 18.42208], [-65.82792, 18.42236], [-65.82458, 18.41986], [-65.82181, 18.41931], [-65.82042, 18.41681], [-65.82014, 18.41458], [-65.81903, 18.41375], [-65.81847, 18.41208], [-65.81486, 18.40986], [-65.81486, 18.40931], [-65.80708, 18.40903], [-65.80597, 18.41042], [-65.80347, 18.40959], [-65.80125, 18.41264], [-65.79764, 18.41486], [-65.79486, 18.41931], [-65.79347, 18.41986], [-65.79292, 18.42097], [-65.79014, 18.42181], [-65.78902, 18.42069], [-65.78931, 18.41819], [-65.79181, 18.41514], [-65.79514, 18.41264], [-65.79708, 18.40875], [-65.79819, 18.40847], [-65.79819, 18.40736], [-65.79597, 18.40514], [-65.78819, 18.40625], [-65.78542, 18.40736], [-65.78437, 18.39409], [-65.78878, 18.38872], [-65.81079, 18.38961], [-65.8262, 18.37529], [-65.82777, 18.33739], [-65.85041, 18.33828], [-65.85701, 18.33052], [-65.87368, 18.33082], [-65.88123, 18.32575], [-65.89066, 18.32604], [-65.89003, 18.31112], [-65.88249, 18.31171], [-65.88154, 18.30186], [-65.87588, 18.30216], [-65.87683, 18.28962], [-65.8872, 18.27171], [-65.90041, 18.26872], [-65.89884, 18.26305], [-65.91267, 18.26335], [-65.92148, 18.25319], [-65.93752, 18.25183], [-65.94812, 18.24662], [-65.95695, 18.24622], [-65.95665, 18.24225], [-65.96753, 18.24217], [-65.96748, 18.2391], [-65.97445, 18.2391], [-65.97336, 18.22781], [-65.98563, 18.2292], [-65.98563, 18.22512], [-65.99285, 18.225], [-65.99272, 18.22933], [-66.01267, 18.2293], [-66.0416, 18.25946], [-66.06417, 18.25944], [-66.06483, 18.26633], [-66.07134, 18.26704], [-66.072, 18.27213], [-66.08494, 18.27307], [-66.08692, 18.26986], [-66.11783, 18.26931], [-66.11706, 18.27655], [-66.12053, 18.27678], [-66.1221, 18.28932], [-66.13279, 18.30037], [-66.13122, 18.31022], [-66.12336, 18.31978], [-66.12242, 18.34783], [-66.13405, 18.36544], [-66.11136, 18.36516], [-66.1112, 18.36848], [-66.09326, 18.36818], [-66.09324, 18.3646], [-66.07537, 18.36427], [-66.07532, 18.35736], [-66.06482, 18.35731], [-66.06445, 18.36147], [-66.05844, 18.36257], [-66.04959, 18.37057], [-66.04003, 18.37203], [-66.03243, 18.3818], [-66.0231, 18.38152], [-66.02151, 18.3877], [-66.00959, 18.39481], [-65.99349, 18.39551], [-65.99281, 18.39902], [-65.97176, 18.39917], [-65.97139, 18.40577], [-65.95127, 18.40646], [-65.94308, 18.40911], [-65.94348, 18.41942], [-65.93402, 18.41884], [-65.93422, 18.43278], [-65.91681, 18.44431], [-65.91847, 18.44458]]]}}, {"type": "Feature", "properties": {"yucayeque": "Dacuao"}, "geometry": {"type": "MultiPolygon", "coordinates": [[[[-65.78653, 18.40704], [-65.78653, 18.40681], [-65.78709, 18.40681], [-65.78653, 18.40704]]], [[[-65.78653, 18.40704], [-65.78653, 18.40708], [-65.78642, 18.40708], [-65.78653, 18.40704]]], [[[-65.78642, 18.40708], [-65.78597, 18.40727], [-65.78597, 18.40708], [-65.78642, 18.40708]]], [[[-65.78597, 18.40727], [-65.78597, 18.40736], [-65.78576, 18.40736], [-65.78597, 18.40727]]], [[[-65.78576, 18.40736], [-65.78347, 18.40903], [-65.78181, 18.40903], [-65.7782, 18.41125], [-65.77653, 18.41153], [-65.77458, 18.41403], [-65.77125, 18.41347], [-65.76986, 18.41153], [-65.76986, 18.40931], [-65.7718, 18.40625], [-65.77236, 18.40375], [-65.77236, 18.40153], [-65.77125, 18.40014], [-65.76986, 18.39986], [-65.76791, 18.39792], [-65.76208, 18.39736], [-65.75958, 18.39153], [-65.75847, 18.39153], [-65.75403, 18.38847], [-65.75236, 18.38847], [-65.75125, 18.38764], [-65.75097, 18.38541], [-65.74903, 18.38514], [-65.74792, 18.38347], [-65.74514, 18.38236], [-65.74292, 18.38042], [-65.74014, 18.37958], [-65.73681, 18.38125], [-65.73319, 18.38181], [-65.73042, 18.38347], [-65.72875, 18.38653], [-65.7282, 18.38653], [-65.7282, 18.38847], [-65.72542, 18.3882], [-65.72347, 18.38958], [-65.72097, 18.38958], [-65.72014, 18.38875], [-65.72014, 18.38625], [-65.72097, 18.38514], [-65.72014, 18.38264], [-65.71653, 18.38125], [-65.7157, 18.37903], [-65.71597, 18.37792], [-65.7143, 18.37708], [-65.71403, 18.37597], [-65.71264, 18.37569], [-65.71181, 18.37347], [-65.71014, 18.37236], [-65.70736, 18.37181], [-65.70486, 18.37014], [-65.70348, 18.37014], [-65.70208, 18.36847], [-65.69875, 18.36764], [-65.69653, 18.36792], [-65.69569, 18.36708], [-65.69458, 18.36736], [-65.68903, 18.36569], [-65.68736, 18.36569], [-65.68625, 18.36708], [-65.6843, 18.36792], [-65.68181, 18.36736], [-65.68125, 18.36819], [-65.67903, 18.36819], [-65.67847, 18.36597], [-65.6768, 18.36514], [-65.67625, 18.36375], [-65.67431, 18.36264], [-65.67125, 18.36208], [-65.66375, 18.36208], [-65.65736, 18.36403], [-65.65736, 18.36458], [-65.65514, 18.36458], [-65.65208, 18.36736], [-65.6518, 18.3707], [-65.64958, 18.37125], [-65.64819, 18.37486], [-65.64569, 18.37597], [-65.64375, 18.37847], [-65.6443, 18.38097], [-65.6432, 18.38097], [-65.64236, 18.38014], [-65.64208, 18.37708], [-65.63958, 18.37708], [-65.63903, 18.37653], [-65.63986, 18.37403], [-65.64042, 18.37403], [-65.64042, 18.37208], [-65.63903, 18.36986], [-65.6357, 18.36875], [-65.6357, 18.3693], [-65.63264, 18.37042], [-65.62736, 18.37542], [-65.62653, 18.37708], [-65.62681, 18.38125], [-65.62486, 18.3832], [-65.62347, 18.3832], [-65.62347, 18.38569], [-65.62375, 18.38514], [-65.62486, 18.38569], [-65.62458, 18.38736], [-65.62209, 18.38764], [-65.6207, 18.38625], [-65.61931, 18.38792], [-65.61764, 18.3882], [-65.61653, 18.38486], [-65.61542, 18.3843], [-65.61375, 18.38458], [-65.61347, 18.38347], [-65.6143, 18.38292], [-65.61375, 18.3807], [-65.61597, 18.37986], [-65.61708, 18.37819], [-65.61764, 18.37014], [-65.61903, 18.36625], [-65.62486, 18.36431], [-65.62319, 18.35958], [-65.62486, 18.35569], [-65.62847, 18.35264], [-65.62959, 18.35264], [-65.63292, 18.35014], [-65.63292, 18.34542], [-65.63625, 18.34597], [-65.63597, 18.34458], [-65.63458, 18.34375], [-65.63097, 18.34375], [-65.63042, 18.34319], [-65.63069, 18.34042], [-65.63347, 18.33931], [-65.63375, 18.33736], [-65.63264, 18.33681], [-65.63264, 18.33597], [-65.63014, 18.33625], [-65.62847, 18.33292], [-65.62653, 18.3318], [-65.62653, 18.32931], [-65.62736, 18.32792], [-65.62653, 18.32681], [-65.62681, 18.31986], [-65.62764, 18.3182], [-65.62791, 18.31347], [-65.62764, 18.30986], [-65.62542, 18.30958], [-65.62514, 18.30903], [-65.62597, 18.30542], [-65.62486, 18.3043], [-65.62569, 18.30125], [-65.62625, 18.30125], [-65.62625, 18.29847], [-65.62764, 18.29764], [-65.62764, 18.29653], [-65.63153, 18.29514], [-65.63208, 18.29319], [-65.63514, 18.29181], [-65.63541, 18.28958], [-65.63431, 18.28819], [-65.63347, 18.28819], [-65.63292, 18.28986], [-65.63208, 18.28986], [-65.63042, 18.28653], [-65.63042, 18.28514], [-65.63375, 18.28403], [-65.63319, 18.28097], [-65.63014, 18.28042], [-65.62959, 18.28125], [-65.62736, 18.28097], [-65.62681, 18.28208], [-65.62597, 18.28208], [-65.62486, 18.28153], [-65.62431, 18.27958], [-65.62431, 18.27847], [-65.62708, 18.27819], [-65.62847, 18.27653], [-65.62847, 18.27486], [-65.62681, 18.27375], [-65.62542, 18.27375], [-65.62542, 18.2732], [-65.62681, 18.2718], [-65.62847, 18.27153], [-65.62847, 18.27069], [-65.62959, 18.27069], [-65.63097, 18.26903], [-65.63042, 18.26375], [-65.62764, 18.26097], [-65.62764, 18.25931], [-65.62375, 18.2557], [-65.6218, 18.25486], [-65.61569, 18.25458], [-65.61153, 18.25708], [-65.61153, 18.25931], [-65.61069, 18.26042], [-65.60847, 18.26014], [-65.60736, 18.26125], [-65.60431, 18.26097], [-65.60431, 18.25931], [-65.60597, 18.25847], [-65.60597, 18.25708], [-65.60931, 18.25625], [-65.60931, 18.25264], [-65.60764, 18.24958], [-65.60625, 18.24903], [-65.60542, 18.24597], [-65.60291, 18.24264], [-65.60264, 18.23764], [-65.60125, 18.23625], [-65.59708, 18.23431], [-65.59458, 18.23097], [-65.59209, 18.23125], [-65.59153, 18.22986], [-65.59042, 18.22986], [-65.5893, 18.22875], [-65.5893, 18.22764], [-65.59125, 18.22764], [-65.59209, 18.22375], [-65.59402, 18.22375], [-65.59764, 18.22736], [-65.59959, 18.22764], [-65.60181, 18.23014], [-65.60291, 18.22986], [-65.60597, 18.22569], [-65.60542, 18.22208], [-65.60375, 18.22097], [-65.60403, 18.21736], [-65.60514, 18.21681], [-65.60653, 18.21736], [-65.60709, 18.21569], [-65.60625, 18.21431], [-65.60486, 18.21375], [-65.59847, 18.21319], [-65.5982, 18.21097], [-65.59847, 18.21042], [-65.60042, 18.21042], [-65.60069, 18.21125], [-65.60208, 18.21153], [-65.60208, 18.21042], [-65.60458, 18.21042], [-65.60542, 18.21125], [-65.60514, 18.21292], [-65.60792, 18.21486], [-65.60986, 18.21431], [-65.61014, 18.21097], [-65.61125, 18.21097], [-65.61264, 18.21514], [-65.61236, 18.21847], [-65.61375, 18.22069], [-65.61653, 18.22292], [-65.61819, 18.22319], [-65.61903, 18.22208], [-65.61986, 18.22236], [-65.61958, 18.22347], [-65.61819, 18.22375], [-65.61708, 18.22736], [-65.61819, 18.2282], [-65.61958, 18.22736], [-65.62041, 18.22903], [-65.62125, 18.22903], [-65.62486, 18.22375], [-65.62569, 18.22375], [-65.62542, 18.22514], [-65.62236, 18.22875], [-65.62236, 18.23181], [-65.62403, 18.23264], [-65.62681, 18.23208], [-65.62847, 18.23347], [-65.63153, 18.23319], [-65.63292, 18.23125], [-65.63403, 18.23125], [-65.63431, 18.23042], [-65.63514, 18.23042], [-65.63736, 18.22847], [-65.63736, 18.22514], [-65.6357, 18.2243], [-65.6357, 18.22347], [-65.63958, 18.22014], [-65.63847, 18.21875], [-65.63708, 18.21875], [-65.6368, 18.21819], [-65.63264, 18.21792], [-65.63264, 18.21403], [-65.63069, 18.21181], [-65.63181, 18.20986], [-65.63431, 18.20986], [-65.63431, 18.21042], [-65.63514, 18.20986], [-65.63541, 18.20569], [-65.63403, 18.20542], [-65.63347, 18.20653], [-65.63208, 18.20681], [-65.63181, 18.20819], [-65.63014, 18.20986], [-65.6293, 18.20958], [-65.62875, 18.20819], [-65.62764, 18.20819], [-65.6282, 18.20458], [-65.63042, 18.20208], [-65.63153, 18.20208], [-65.63097, 18.20014], [-65.6357, 18.19958], [-65.63597, 18.20319], [-65.63708, 18.20403], [-65.63792, 18.20653], [-65.63903, 18.20653], [-65.63986, 18.20375], [-65.64069, 18.20347], [-65.64125, 18.20208], [-65.63986, 18.20014], [-65.64153, 18.19958], [-65.64153, 18.20014], [-65.64264, 18.20042], [-65.64347, 18.19819], [-65.64486, 18.19791], [-65.64653, 18.19931], [-65.64848, 18.19958], [-65.64875, 18.20042], [-65.6518, 18.20014], [-65.65292, 18.20292], [-65.65598, 18.20569], [-65.65903, 18.20653], [-65.66153, 18.20625], [-65.66236, 18.20708], [-65.66431, 18.20681], [-65.66625, 18.20431], [-65.6682, 18.20347], [-65.66847, 18.20153], [-65.67014, 18.20097], [-65.67097, 18.19958], [-65.67486, 18.2007], [-65.67514, 18.19986], [-65.67709, 18.19931], [-65.67847, 18.19708], [-65.67931, 18.19708], [-65.67958, 18.19847], [-65.68236, 18.19875], [-65.68708, 18.19736], [-65.68708, 18.1968], [-65.68986, 18.1957], [-65.69153, 18.19208], [-65.69347, 18.19014], [-65.69292, 18.18875], [-65.69486, 18.18792], [-65.69458, 18.18681], [-65.69347, 18.18625], [-65.69375, 18.18431], [-65.69153, 18.18264], [-65.6907, 18.17958], [-65.69125, 18.17819], [-65.69458, 18.17819], [-65.69681, 18.18042], [-65.69681, 18.18319], [-65.69791, 18.18403], [-65.69875, 18.18375], [-65.69958, 18.18125], [-65.70153, 18.18125], [-65.70236, 18.18375], [-65.70486, 18.18319], [-65.70597, 18.18431], [-65.70764, 18.18375], [-65.70736, 18.18208], [-65.70875, 18.18236], [-65.7093, 18.18403], [-65.71098, 18.18514], [-65.71181, 18.18847], [-65.71264, 18.18931], [-65.71653, 18.18875], [-65.71709, 18.18958], [-65.72014, 18.18958], [-65.72542, 18.18819], [-65.72598, 18.18708], [-65.72847, 18.18625], [-65.73097, 18.18319], [-65.73402, 18.18153], [-65.73625, 18.17792], [-65.73792, 18.17708], [-65.74069, 18.17069], [-65.74097, 18.16597], [-65.74264, 18.16403], [-65.74541, 18.16236], [-65.75236, 18.15986], [-65.75236, 18.15931], [-65.75569, 18.15764], [-65.75736, 18.15736], [-65.75847, 18.15597], [-65.76125, 18.15458], [-65.76208, 18.15264], [-65.76292, 18.15264], [-65.76375, 18.15125], [-65.76486, 18.15125], [-65.76708, 18.14903], [-65.76764, 18.14597], [-65.76653, 18.14458], [-65.77292, 18.13764], [-65.77792, 18.12958], [-65.77986, 18.12347], [-65.77986, 18.12129], [-65.80361, 18.12129], [-65.80291, 18.13334], [-65.81032, 18.13376], [-65.8104, 18.14943], [-65.80647, 18.1507], [-65.80629, 18.15691], [-65.81042, 18.15693], [-65.81017, 18.164], [-65.8163, 18.16418], [-65.82099, 18.16771], [-65.82086, 18.17429], [-65.82474, 18.17409], [-65.8243, 18.18102], [-65.8266, 18.18128], [-65.83118, 18.18803], [-65.867, 18.18803], [-65.8674, 18.19549], [-65.87143, 18.19396], [-65.87083, 18.21441], [-65.86096, 18.22225], [-65.85915, 18.24137], [-65.86962, 18.24251], [-65.86881, 18.25283], [-65.89884, 18.26305], [-65.90041, 18.26872], [-65.8872, 18.27171], [-65.87683, 18.28962], [-65.87588, 18.30216], [-65.88154, 18.30186], [-65.88249, 18.31171], [-65.89003, 18.31112], [-65.89066, 18.32604], [-65.88123, 18.32575], [-65.87368, 18.33082], [-65.85701, 18.33052], [-65.85041, 18.33828], [-65.82777, 18.33739], [-65.8262, 18.37529], [-65.81079, 18.38961], [-65.78878, 18.38872], [-65.78437, 18.39409], [-65.78576, 18.40736]]]]}}, {"type": "Feature", "properties": {"yucayeque": "Macao"}, "geometry": {"type": "MultiPolygon", "coordinates": [[[[-65.83681, 18.05072], [-65.83375, 18.05069], [-65.83375, 18.05014], [-65.83598, 18.04958], [-65.83681, 18.05072]]], [[[-65.83681, 18.05072], [-65.85593, 18.05089], [-65.86459, 18.06084], [-65.88149, 18.06256], [-65.8821, 18.08073], [-65.89961, 18.08016], [-65.8994, 18.07461], [-65.91913, 18.07557], [-65.94227, 18.10312], [-65.95636, 18.10312], [-65.95656, 18.09757], [-65.96783, 18.10006], [-65.96783, 18.09355], [-65.98172, 18.0792], [-65.98896, 18.07901], [-65.98896, 18.08858], [-65.98596, 18.08908], [-65.98534, 18.09891], [-65.9956, 18.09891], [-66.00285, 18.1056], [-66.00285, 18.11746], [-65.99403, 18.1177], [-65.99319, 18.14481], [-66.00546, 18.15648], [-66.0111, 18.15686], [-66.0105, 18.18191], [-65.99258, 18.19338], [-65.99279, 18.20065], [-65.99963, 18.20027], [-66.00023, 18.21556], [-65.99178, 18.21632], [-65.98563, 18.22512], [-65.98563, 18.2292], [-65.97336, 18.22781], [-65.97445, 18.2391], [-65.96748, 18.2391], [-65.96753, 18.24217], [-65.95665, 18.24225], [-65.95695, 18.24622], [-65.94812, 18.24662], [-65.93752, 18.25183], [-65.92148, 18.25319], [-65.91267, 18.26335], [-65.89884, 18.26305], [-65.86881, 18.25283], [-65.86962, 18.24251], [-65.85915, 18.24137], [-65.86096, 18.22225], [-65.87083, 18.21441], [-65.87143, 18.19396], [-65.8674, 18.19549], [-65.867, 18.18803], [-65.83118, 18.18803], [-65.8266, 18.18128], [-65.8243, 18.18102], [-65.82474, 18.17409], [-65.82086, 18.17429], [-65.82099, 18.16771], [-65.8163, 18.16418], [-65.81017, 18.164], [-65.81042, 18.15693], [-65.80629, 18.15691], [-65.80647, 18.1507], [-65.8104, 18.14943], [-65.81032, 18.13376], [-65.80291, 18.13334], [-65.80361, 18.12129], [-65.77986, 18.12129], [-65.77986, 18.11875], [-65.77708, 18.1168], [-65.77736, 18.11292], [-65.78125, 18.11208], [-65.7843, 18.10625], [-65.7857, 18.10514], [-65.78764, 18.09958], [-65.78931, 18.09764], [-65.78958, 18.09347], [-65.78792, 18.09014], [-65.79181, 18.08958], [-65.79542, 18.08542], [-65.79597, 18.08069], [-65.79459, 18.07792], [-65.79625, 18.07514], [-65.79459, 18.07375], [-65.79459, 18.07292], [-65.79569, 18.07125], [-65.79681, 18.07097], [-65.79681, 18.06986], [-65.79459, 18.06931], [-65.7943, 18.06847], [-65.79625, 18.0682], [-65.79681, 18.0668], [-65.79652, 18.0643], [-65.79903, 18.06458], [-65.79958, 18.06403], [-65.79931, 18.06097], [-65.80097, 18.06097], [-65.80153, 18.0582], [-65.80959, 18.05653], [-65.81125, 18.05764], [-65.81236, 18.05986], [-65.81514, 18.06069], [-65.81486, 18.06181], [-65.81597, 18.06292], [-65.81792, 18.06292], [-65.82014, 18.06208], [-65.82097, 18.06042], [-65.8232, 18.05958], [-65.82514, 18.05625], [-65.82764, 18.05514], [-65.82708, 18.05208], [-65.82875, 18.05208], [-65.83236, 18.05542], [-65.83652, 18.05292], [-65.83681, 18.05072]]]]}}, {"type": "Feature", "properties": {"yucayeque": "Guayaney"}, "geometry": {"type": "Polygon", "coordinates": [[[-65.83375, 18.05014], [-65.83292, 18.05125], [-65.83153, 18.05097], [-65.83097, 18.05014], [-65.83319, 18.04125], [-65.83319, 18.03847], [-65.83236, 18.03819], [-65.83208, 18.03486], [-65.82903, 18.03181], [-65.82848, 18.03014], [-65.8318, 18.02819], [-65.83236, 18.02208], [-65.83041, 18.0218], [-65.82986, 18.01986], [-65.83236, 18.01736], [-65.83208, 18.01403], [-65.83292, 18.01403], [-65.83347, 18.01569], [-65.8343, 18.01597], [-65.83403, 18.01153], [-65.83652, 18.01264], [-65.83791, 18.01431], [-65.84458, 18.01569], [-65.84653, 18.01431], [-65.8482, 18.01153], [-65.85098, 18.01069], [-65.85291, 18.00736], [-65.8557, 18.00653], [-65.8568, 18.00458], [-65.85902, 18.00458], [-65.86208, 18.00625], [-65.86403, 18.00625], [-65.86486, 18.00708], [-65.86569, 18.00681], [-65.86597, 18.0057], [-65.86986, 18.00681], [-65.87209, 18.00403], [-65.87542, 18.00208], [-65.87625, 17.99958], [-65.87847, 17.99847], [-65.8782, 17.99736], [-65.88042, 17.99347], [-65.88403, 17.99014], [-65.88458, 17.9868], [-65.88875, 17.99014], [-65.88958, 17.99208], [-65.89236, 17.99208], [-65.89569, 17.99069], [-65.89569, 17.99014], [-65.89709, 17.99097], [-65.89736, 17.98958], [-65.90153, 17.98792], [-65.9043, 17.98514], [-65.90542, 17.98486], [-65.91348, 17.97625], [-65.91653, 17.97597], [-65.91764, 17.97486], [-65.92264, 17.97486], [-65.92458, 17.97625], [-65.93125, 17.9768], [-65.93375, 17.97569], [-65.93597, 17.97403], [-65.93681, 17.97236], [-65.93819, 17.97181], [-65.9418, 17.97181], [-65.94292, 17.97292], [-65.94542, 17.97292], [-65.94986, 17.97153], [-65.95236, 17.97153], [-65.95403, 17.97042], [-65.95764, 17.97042], [-65.96152, 17.97209], [-65.96264, 17.97347], [-65.96709, 17.97319], [-65.96819, 17.97458], [-65.96931, 17.97458], [-65.96931, 17.97403], [-65.97403, 17.97153], [-65.97708, 17.96764], [-65.9807, 17.96764], [-65.98375, 17.96903], [-65.98486, 17.97014], [-65.98542, 17.97209], [-65.99097, 17.97597], [-65.99236, 17.97792], [-65.99431, 17.97875], [-65.99931, 17.97903], [-66.0043, 17.97764], [-66.00653, 17.97903], [-66.00708, 17.98069], [-66.00875, 17.98069], [-66.01319, 17.97903], [-66.01791, 17.97903], [-66.02069, 17.9782], [-66.02264, 17.97653], [-66.02375, 17.97653], [-66.0257, 17.97403], [-66.03344, 17.97357], [-66.03324, 17.9772], [-66.0427, 17.97701], [-66.04209, 17.98333], [-66.0755, 17.98237], [-66.0749, 17.98888], [-66.07973, 17.99386], [-66.09301, 17.99462], [-66.09301, 18.03194], [-66.08722, 18.03235], [-66.08459, 18.03487], [-66.072, 18.03491], [-66.06791, 18.03927], [-66.06781, 18.05186], [-66.06482, 18.05183], [-66.06472, 18.06534], [-66.06102, 18.0651], [-66.06087, 18.07873], [-66.05005, 18.07893], [-66.05, 18.0855], [-66.04409, 18.08606], [-66.04324, 18.09127], [-66.03032, 18.10586], [-66.00285, 18.10596], [-65.9956, 18.09891], [-65.98534, 18.09891], [-65.98596, 18.08908], [-65.98896, 18.08858], [-65.98896, 18.07901], [-65.98172, 18.0792], [-65.96783, 18.09355], [-65.96783, 18.10006], [-65.95656, 18.09757], [-65.95636, 18.10312], [-65.94227, 18.10312], [-65.91913, 18.07557], [-65.8994, 18.07461], [-65.89961, 18.08016], [-65.8821, 18.08073], [-65.88149, 18.06256], [-65.86459, 18.06084], [-65.85593, 18.05089], [-65.83681, 18.05072], [-65.83598, 18.04958], [-65.83375, 18.05014]]]}}, {"type": "Feature", "properties": {"yucayeque": "Guayama"}, "geometry": {"type": "Polygon", "coordinates": [[[-66.02541, 17.97486], [-66.02597, 17.97347], [-66.03042, 17.96986], [-66.0332, 17.96625], [-66.03458, 17.96181], [-66.0357, 17.96153], [-66.0368, 17.96264], [-66.04014, 17.96181], [-66.04264, 17.95875], [-66.04292, 17.95597], [-66.04625, 17.95542], [-66.04652, 17.95347], [-66.04792, 17.95208], [-66.04903, 17.95319], [-66.04931, 17.95542], [-66.05014, 17.95542], [-66.0518, 17.95708], [-66.05375, 17.95736], [-66.05431, 17.95847], [-66.05847, 17.95847], [-66.0593, 17.9593], [-66.06431, 17.96042], [-66.06431, 17.96208], [-66.06597, 17.96236], [-66.06625, 17.96375], [-66.06903, 17.96653], [-66.07042, 17.96597], [-66.07208, 17.96653], [-66.07569, 17.96486], [-66.07736, 17.96681], [-66.07875, 17.96708], [-66.07958, 17.96625], [-66.08292, 17.96597], [-66.08625, 17.96458], [-66.08652, 17.96375], [-66.0893, 17.96319], [-66.09486, 17.95903], [-66.10236, 17.95569], [-66.10458, 17.95347], [-66.10931, 17.95125], [-66.11042, 17.94986], [-66.11153, 17.94986], [-66.11292, 17.94819], [-66.11375, 17.94819], [-66.11375, 17.94875], [-66.11681, 17.94875], [-66.11875, 17.94792], [-66.12375, 17.94736], [-66.12542, 17.94625], [-66.12875, 17.94681], [-66.12986, 17.94653], [-66.13125, 17.94431], [-66.13292, 17.94347], [-66.13347, 17.94208], [-66.13458, 17.94208], [-66.13708, 17.94042], [-66.14042, 17.94153], [-66.14208, 17.94042], [-66.14291, 17.93847], [-66.14736, 17.93375], [-66.14875, 17.93375], [-66.15486, 17.9293], [-66.15847, 17.92958], [-66.15958, 17.92764], [-66.16014, 17.92819], [-66.1582, 17.93014], [-66.15847, 17.93153], [-66.15681, 17.93292], [-66.15598, 17.93486], [-66.15598, 17.93625], [-66.15708, 17.93736], [-66.15875, 17.93736], [-66.15986, 17.93653], [-66.16042, 17.9318], [-66.16319, 17.9318], [-66.16458, 17.93264], [-66.16792, 17.93292], [-66.17375, 17.93681], [-66.17736, 17.93625], [-66.17792, 17.93542], [-66.18347, 17.93569], [-66.18375, 17.93514], [-66.18514, 17.93514], [-66.18847, 17.93708], [-66.19209, 17.93792], [-66.19653, 17.93569], [-66.19681, 17.93292], [-66.1993, 17.92958], [-66.20125, 17.9293], [-66.20181, 17.92792], [-66.20403, 17.92792], [-66.20458, 17.92653], [-66.20625, 17.92681], [-66.20736, 17.92514], [-66.21042, 17.92458], [-66.21042, 17.92319], [-66.21208, 17.92264], [-66.21347, 17.92097], [-66.21542, 17.92097], [-66.21764, 17.92208], [-66.21653, 17.92347], [-66.2157, 17.92319], [-66.21514, 17.92458], [-66.21375, 17.92375], [-66.21375, 17.92458], [-66.21236, 17.92542], [-66.21264, 17.92708], [-66.21125, 17.92653], [-66.21042, 17.92958], [-66.2093, 17.92986], [-66.20986, 17.93125], [-66.20736, 17.93236], [-66.20847, 17.93264], [-66.2093, 17.9318], [-66.21042, 17.93236], [-66.21042, 17.9332], [-66.20792, 17.93403], [-66.20764, 17.93514], [-66.20875, 17.93708], [-66.2132, 17.94097], [-66.21347, 17.94486], [-66.20847, 17.94403], [-66.20847, 17.94458], [-66.20292, 17.94514], [-66.20236, 17.94569], [-66.20181, 17.94375], [-66.20014, 17.94431], [-66.1982, 17.94292], [-66.18875, 17.94069], [-66.18819, 17.93931], [-66.18542, 17.93903], [-66.18347, 17.93764], [-66.18403, 17.93903], [-66.18153, 17.94014], [-66.18236, 17.9432], [-66.18069, 17.94514], [-66.17736, 17.94514], [-66.17486, 17.94597], [-66.17514, 17.94819], [-66.1768, 17.95014], [-66.18014, 17.95042], [-66.18125, 17.94986], [-66.18264, 17.95125], [-66.18486, 17.9507], [-66.18708, 17.95264], [-66.19041, 17.95347], [-66.19209, 17.95514], [-66.19653, 17.95764], [-66.19903, 17.96042], [-66.2068, 17.96264], [-66.20764, 17.96181], [-66.20986, 17.96181], [-66.21125, 17.9593], [-66.21347, 17.96014], [-66.21542, 17.95986], [-66.2157, 17.95875], [-66.21375, 17.95736], [-66.21347, 17.95542], [-66.21486, 17.95542], [-66.21597, 17.9568], [-66.21792, 17.95736], [-66.21792, 17.95514], [-66.22153, 17.95319], [-66.2218, 17.95042], [-66.22236, 17.95264], [-66.22459, 17.95264], [-66.22652, 17.95097], [-66.22542, 17.94819], [-66.22625, 17.94708], [-66.22847, 17.94819], [-66.23347, 17.94625], [-66.23375, 17.94486], [-66.23153, 17.94486], [-66.23097, 17.94403], [-66.23125, 17.93958], [-66.22958, 17.93847], [-66.22986, 17.93597], [-66.22847, 17.93486], [-66.22931, 17.93292], [-66.2318, 17.93097], [-66.23347, 17.93264], [-66.23458, 17.93264], [-66.23625, 17.93458], [-66.23792, 17.93458], [-66.23736, 17.93347], [-66.23431, 17.93125], [-66.23431, 17.9293], [-66.23708, 17.92653], [-66.2393, 17.92597], [-66.23903, 17.92847], [-66.24014, 17.92847], [-66.24069, 17.92958], [-66.2393, 17.92986], [-66.23847, 17.9293], [-66.23764, 17.93208], [-66.24014, 17.93375], [-66.24014, 17.93542], [-66.24069, 17.93569], [-66.24069, 17.93708], [-66.2393, 17.93792], [-66.24319, 17.93847], [-66.24375, 17.93958], [-66.24458, 17.93958], [-66.24541, 17.93847], [-66.24653, 17.93875], [-66.24552, 17.95009], [-66.26896, 17.95903], [-66.29008, 17.98696], [-66.28996, 17.99346], [-66.32602, 17.99346], [-66.32538, 18.00338], [-66.3322, 18.00852], [-66.33298, 18.0302], [-66.33967, 18.0318], [-66.34045, 18.0378], [-66.36788, 18.05298], [-66.3684, 18.06168], [-66.35449, 18.06229], [-66.34302, 18.07098], [-66.29034, 18.07123], [-66.29047, 18.06792], [-66.27514, 18.06817], [-66.27579, 18.07968], [-66.23586, 18.07956], [-66.23663, 18.07417], [-66.20108, 18.07564], [-66.17532, 18.08188], [-66.13642, 18.082], [-66.12888, 18.07472], [-66.12921, 18.06964], [-66.12161, 18.0689], [-66.12251, 18.06254], [-66.11401, 18.06254], [-66.11414, 18.05837], [-66.09778, 18.05874], [-66.08207, 18.06547], [-66.08233, 18.07172], [-66.06087, 18.07392], [-66.06102, 18.0651], [-66.06472, 18.06534], [-66.06482, 18.05183], [-66.06781, 18.05186], [-66.06791, 18.03927], [-66.072, 18.03491], [-66.08459, 18.03487], [-66.08722, 18.03235], [-66.09301, 18.03194], [-66.09301, 17.99462], [-66.07973, 17.99386], [-66.0749, 17.98888], [-66.0755, 17.98237], [-66.04209, 17.98333], [-66.0427, 17.97701], [-66.03324, 17.9772], [-66.03344, 17.97357], [-66.02609, 17.97402], [-66.02541, 17.97486]]]}}, {"type": "Feature", "properties": {"yucayeque": "Guanía"}, "geometry": {"type": "Polygon", "coordinates": [[[-66.24552, 17.95009], [-66.24629, 17.93681], [-66.24486, 17.93681], [-66.24403, 17.93597], [-66.24431, 17.93486], [-66.24597, 17.93431], [-66.24597, 17.93347], [-66.24347, 17.93292], [-66.24264, 17.93125], [-66.24292, 17.93041], [-66.24403, 17.93041], [-66.24403, 17.93153], [-66.24486, 17.9318], [-66.24541, 17.93069], [-66.24709, 17.93014], [-66.25042, 17.93264], [-66.25125, 17.93208], [-66.25375, 17.93264], [-66.25403, 17.93486], [-66.25625, 17.93458], [-66.25708, 17.93569], [-66.26097, 17.93569], [-66.2618, 17.93708], [-66.26403, 17.93847], [-66.26486, 17.94069], [-66.26375, 17.94069], [-66.26319, 17.93986], [-66.2618, 17.94014], [-66.26264, 17.94236], [-66.26653, 17.94514], [-66.27125, 17.94708], [-66.27431, 17.94653], [-66.27541, 17.94875], [-66.2768, 17.94847], [-66.27764, 17.94681], [-66.27986, 17.94708], [-66.28069, 17.94569], [-66.2843, 17.94542], [-66.28653, 17.94292], [-66.28902, 17.9418], [-66.29125, 17.94569], [-66.29125, 17.94681], [-66.28958, 17.94931], [-66.28986, 17.95208], [-66.29097, 17.95319], [-66.29097, 17.95431], [-66.29014, 17.95458], [-66.29014, 17.95764], [-66.29125, 17.96153], [-66.29292, 17.96236], [-66.29486, 17.96181], [-66.29347, 17.95958], [-66.29375, 17.95791], [-66.29459, 17.95791], [-66.29486, 17.95875], [-66.29792, 17.95875], [-66.29931, 17.9607], [-66.30458, 17.96403], [-66.30458, 17.96458], [-66.31347, 17.96847], [-66.31709, 17.97708], [-66.32458, 17.97875], [-66.32708, 17.97764], [-66.33097, 17.97792], [-66.33486, 17.97653], [-66.33903, 17.97653], [-66.34209, 17.97486], [-66.34541, 17.97125], [-66.34653, 17.97125], [-66.35181, 17.96847], [-66.35486, 17.96514], [-66.3568, 17.96542], [-66.35792, 17.96486], [-66.35792, 17.96792], [-66.35902, 17.96875], [-66.3632, 17.96819], [-66.36486, 17.96625], [-66.36486, 17.96458], [-66.36347, 17.96264], [-66.35958, 17.96181], [-66.36069, 17.95847], [-66.36153, 17.95847], [-66.36264, 17.9568], [-66.3643, 17.95653], [-66.36514, 17.95875], [-66.36736, 17.96153], [-66.36931, 17.96125], [-66.37014, 17.9593], [-66.36819, 17.95736], [-66.36736, 17.95319], [-66.36903, 17.95208], [-66.36958, 17.9507], [-66.37236, 17.95208], [-66.37125, 17.95375], [-66.37153, 17.95486], [-66.37292, 17.95569], [-66.37431, 17.95569], [-66.37431, 17.95514], [-66.37625, 17.95569], [-66.37681, 17.95458], [-66.37625, 17.95375], [-66.37542, 17.95403], [-66.37486, 17.95347], [-66.37486, 17.95181], [-66.37625, 17.94903], [-66.37708, 17.94903], [-66.37625, 17.94819], [-66.37625, 17.94681], [-66.37764, 17.94431], [-66.38014, 17.94431], [-66.38069, 17.94375], [-66.38014, 17.94153], [-66.38375, 17.93986], [-66.3857, 17.93736], [-66.3868, 17.93736], [-66.38819, 17.94014], [-66.38875, 17.94014], [-66.38875, 17.93931], [-66.39042, 17.93931], [-66.39181, 17.94208], [-66.39375, 17.94236], [-66.39736, 17.94597], [-66.39819, 17.94597], [-66.39819, 17.94681], [-66.39931, 17.94681], [-66.40041, 17.94819], [-66.40208, 17.94847], [-66.40236, 17.94986], [-66.4018, 17.94986], [-66.40097, 17.94875], [-66.40014, 17.94903], [-66.39958, 17.94792], [-66.39625, 17.94736], [-66.39597, 17.94625], [-66.3943, 17.94486], [-66.39264, 17.94597], [-66.39236, 17.9432], [-66.39069, 17.94292], [-66.39098, 17.9418], [-66.38958, 17.94097], [-66.39125, 17.94569], [-66.39208, 17.94653], [-66.39347, 17.94625], [-66.39403, 17.94736], [-66.39764, 17.94819], [-66.39902, 17.9507], [-66.40236, 17.95153], [-66.4032, 17.95264], [-66.40459, 17.95208], [-66.40652, 17.95375], [-66.41014, 17.95375], [-66.4107, 17.95653], [-66.41153, 17.95736], [-66.4182, 17.95986], [-66.42403, 17.95958], [-66.42597, 17.95819], [-66.42958, 17.96042], [-66.43264, 17.96486], [-66.43375, 17.96542], [-66.43569, 17.96958], [-66.43903, 17.97264], [-66.44153, 17.97653], [-66.44569, 17.97986], [-66.4493, 17.98125], [-66.45319, 17.98181], [-66.45431, 17.9868], [-66.4593, 17.98958], [-66.46486, 17.99069], [-66.4707, 17.99042], [-66.4718, 17.98931], [-66.47569, 17.98903], [-66.47625, 17.98792], [-66.47847, 17.98764], [-66.47847, 17.98708], [-66.47986, 17.98736], [-66.4807, 17.98903], [-66.48375, 17.99042], [-66.49541, 17.98986], [-66.50125, 17.98792], [-66.50486, 17.98764], [-66.50597, 17.98653], [-66.5118, 17.98542], [-66.51681, 17.98292], [-66.52236, 17.98153], [-66.52402, 17.98014], [-66.53375, 17.97653], [-66.53375, 17.97597], [-66.5357, 17.97569], [-66.53597, 17.97486], [-66.53819, 17.97375], [-66.54181, 17.97319], [-66.54347, 17.97347], [-66.54347, 17.97431], [-66.5443, 17.97458], [-66.54931, 17.97431], [-66.55514, 17.97153], [-66.55903, 17.96764], [-66.56069, 17.96792], [-66.56458, 17.96681], [-66.56736, 17.96708], [-66.56931, 17.96653], [-66.57347, 17.96486], [-66.57542, 17.96292], [-66.57848, 17.96153], [-66.58125, 17.96181], [-66.58292, 17.96125], [-66.58292, 17.9607], [-66.5843, 17.96125], [-66.58542, 17.96625], [-66.58736, 17.96819], [-66.59402, 17.97125], [-66.59625, 17.97069], [-66.59736, 17.96903], [-66.59903, 17.96847], [-66.59903, 17.96736], [-66.60098, 17.9693], [-66.60597, 17.96875], [-66.60958, 17.96625], [-66.60931, 17.96514], [-66.61014, 17.96458], [-66.61014, 17.96347], [-66.61264, 17.96375], [-66.6132, 17.96236], [-66.61931, 17.96208], [-66.61986, 17.96264], [-66.61736, 17.96569], [-66.61736, 17.96653], [-66.61903, 17.96792], [-66.62097, 17.96653], [-66.62097, 17.96847], [-66.61875, 17.97097], [-66.61625, 17.97153], [-66.61708, 17.97319], [-66.61875, 17.97403], [-66.61875, 17.97569], [-66.61736, 17.97764], [-66.6218, 17.97931], [-66.62264, 17.98097], [-66.62708, 17.98264], [-66.64236, 17.98125], [-66.64236, 17.97958], [-66.6432, 17.98097], [-66.64958, 17.97986], [-66.65041, 17.97875], [-66.65403, 17.97736], [-66.66125, 17.97236], [-66.66236, 17.97014], [-66.66431, 17.97097], [-66.66236, 17.96847], [-66.66458, 17.96792], [-66.66514, 17.96875], [-66.66681, 17.96875], [-66.66708, 17.96736], [-66.66792, 17.96681], [-66.67097, 17.96681], [-66.67125, 17.96597], [-66.67236, 17.96597], [-66.67458, 17.96708], [-66.67403, 17.96847], [-66.67542, 17.97014], [-66.67709, 17.97069], [-66.67764, 17.97209], [-66.67958, 17.97319], [-66.68208, 17.97347], [-66.68486, 17.97264], [-66.68542, 17.97375], [-66.68875, 17.97347], [-66.68958, 17.97458], [-66.6918, 17.97514], [-66.69431, 17.97514], [-66.69486, 17.97458], [-66.69791, 17.97708], [-66.70181, 17.97764], [-66.70181, 17.97847], [-66.70319, 17.97875], [-66.70458, 17.98097], [-66.70597, 17.98097], [-66.70597, 17.98014], [-66.70736, 17.98042], [-66.70847, 17.97958], [-66.71014, 17.98014], [-66.71208, 17.98181], [-66.71208, 17.98486], [-66.71347, 17.98486], [-66.71403, 17.98625], [-66.71486, 17.98653], [-66.7143, 17.98819], [-66.7157, 17.98819], [-66.71653, 17.98986], [-66.71848, 17.98986], [-66.71931, 17.98903], [-66.72014, 17.98986], [-66.72153, 17.98986], [-66.7232, 17.99153], [-66.72514, 17.99181], [-66.72598, 17.99097], [-66.72736, 17.99097], [-66.72791, 17.99181], [-66.73042, 17.99181], [-66.73097, 17.99125], [-66.73097, 17.9868], [-66.73153, 17.9868], [-66.7318, 17.99097], [-66.73264, 17.99125], [-66.73375, 17.99097], [-66.73569, 17.98875], [-66.7382, 17.98931], [-66.73903, 17.99042], [-66.74125, 17.98986], [-66.7457, 17.99014], [-66.74875, 17.98903], [-66.74903, 17.98819], [-66.75181, 17.98708], [-66.75181, 17.98625], [-66.7532, 17.98653], [-66.75291, 17.9843], [-66.75347, 17.98375], [-66.75347, 17.98097], [-66.75459, 17.97958], [-66.75459, 17.9768], [-66.75597, 17.97625], [-66.75681, 17.97708], [-66.75708, 17.97569], [-66.75819, 17.97625], [-66.76125, 17.97319], [-66.76125, 17.97181], [-66.7618, 17.97181], [-66.7618, 17.97458], [-66.76125, 17.97486], [-66.76125, 17.97403], [-66.7607, 17.97403], [-66.75875, 17.97653], [-66.75986, 17.97931], [-66.76375, 17.98042], [-66.76375, 17.98347], [-66.7618, 17.98486], [-66.76125, 17.98458], [-66.76125, 17.98292], [-66.75875, 17.98181], [-66.75708, 17.98403], [-66.75569, 17.98764], [-66.75792, 17.99403], [-66.7607, 17.99403], [-66.7607, 17.99347], [-66.76375, 17.99403], [-66.76486, 17.99653], [-66.76125, 17.99486], [-66.75903, 17.99486], [-66.75903, 17.99542], [-66.75542, 17.99708], [-66.75459, 18.00097], [-66.75736, 18.00125], [-66.7607, 17.99931], [-66.76375, 17.99931], [-66.76319, 17.99986], [-66.76375, 18.0043], [-66.76569, 18.00514], [-66.76708, 18.00375], [-66.76681, 18.00597], [-66.77014, 18.00597], [-66.77236, 18.00458], [-66.77458, 18.00125], [-66.7768, 18.00014], [-66.77986, 18.00042], [-66.77986, 17.99986], [-66.78098, 17.99986], [-66.78458, 17.99514], [-66.78792, 17.99514], [-66.79041, 17.99236], [-66.79403, 17.99236], [-66.79681, 17.9943], [-66.79792, 17.99403], [-66.79903, 17.99264], [-66.79903, 17.99125], [-66.79792, 17.98903], [-66.79792, 17.98708], [-66.79597, 17.98514], [-66.79597, 17.98375], [-66.79681, 17.98347], [-66.79764, 17.98153], [-66.8007, 17.98097], [-66.8018, 17.98319], [-66.80403, 17.9843], [-66.80653, 17.98347], [-66.80736, 17.98125], [-66.80736, 17.97792], [-66.80653, 17.97597], [-66.80514, 17.97542], [-66.80264, 17.9768], [-66.79681, 17.97653], [-66.79681, 17.97708], [-66.79264, 17.97792], [-66.79041, 17.97986], [-66.78653, 17.98597], [-66.78403, 17.98597], [-66.7832, 17.98486], [-66.7832, 17.98292], [-66.78375, 17.98264], [-66.7832, 17.97958], [-66.78653, 17.97514], [-66.7868, 17.97264], [-66.79125, 17.97069], [-66.79264, 17.96903], [-66.79625, 17.9693], [-66.80597, 17.96542], [-66.8082, 17.96542], [-66.80986, 17.96403], [-66.80986, 17.96236], [-66.81319, 17.96097], [-66.81347, 17.96014], [-66.81431, 17.96014], [-66.81431, 17.95903], [-66.8168, 17.95875], [-66.81792, 17.95486], [-66.82097, 17.95542], [-66.82291, 17.95347], [-66.82542, 17.95403], [-66.82542, 17.95486], [-66.82625, 17.95486], [-66.82681, 17.95319], [-66.82848, 17.95292], [-66.82848, 17.95347], [-66.82958, 17.95347], [-66.83125, 17.95153], [-66.83264, 17.95153], [-66.83459, 17.95042], [-66.83542, 17.9507], [-66.83598, 17.94958], [-66.83652, 17.95042], [-66.83847, 17.94931], [-66.8418, 17.95042], [-66.84541, 17.94986], [-66.84486, 17.95153], [-66.8457, 17.95264], [-66.84903, 17.95236], [-66.85014, 17.95319], [-66.85291, 17.95319], [-66.85291, 17.95458], [-66.85486, 17.95597], [-66.85736, 17.95569], [-66.85764, 17.95486], [-66.86181, 17.95264], [-66.8632, 17.95014], [-66.8632, 17.94569], [-66.86542, 17.94514], [-66.86625, 17.9432], [-66.86903, 17.94375], [-66.86986, 17.94458], [-66.86986, 17.94514], [-66.86847, 17.94542], [-66.86736, 17.94653], [-66.86736, 17.94736], [-66.86847, 17.94764], [-66.86903, 17.94958], [-66.87097, 17.9507], [-66.8718, 17.95208], [-66.87264, 17.95181], [-66.87375, 17.94931], [-66.87597, 17.94847], [-66.87736, 17.94708], [-66.87847, 17.94708], [-66.87959, 17.94819], [-66.87847, 17.95125], [-66.88236, 17.95292], [-66.88403, 17.95264], [-66.88625, 17.95097], [-66.89153, 17.9507], [-66.89236, 17.95125], [-66.89291, 17.94986], [-66.89569, 17.94903], [-66.89736, 17.94931], [-66.89848, 17.94819], [-66.90264, 17.94847], [-66.90459, 17.94986], [-66.9043, 17.95292], [-66.90569, 17.95319], [-66.90625, 17.95403], [-66.90736, 17.95819], [-66.90708, 17.96181], [-66.90598, 17.96292], [-66.90598, 17.96486], [-66.90958, 17.96431], [-66.91097, 17.96319], [-66.91236, 17.96347], [-66.91319, 17.96458], [-66.91736, 17.96569], [-66.91792, 17.96681], [-66.92014, 17.96653], [-66.92097, 17.97014], [-66.92181, 17.97014], [-66.92403, 17.97209], [-66.92625, 17.97236], [-66.92792, 17.97069], [-66.92819, 17.96875], [-66.92709, 17.96681], [-66.92486, 17.96597], [-66.92514, 17.96403], [-66.92792, 17.96486], [-66.92819, 17.96375], [-66.93042, 17.96319], [-66.93069, 17.96208], [-66.92709, 17.96208], [-66.92709, 17.96264], [-66.92264, 17.96236], [-66.92208, 17.96153], [-66.91541, 17.9593], [-66.90958, 17.95431], [-66.90875, 17.95042], [-66.90986, 17.94847], [-66.9118, 17.94792], [-66.9118, 17.94681], [-66.91625, 17.94625], [-66.91708, 17.94486], [-66.91792, 17.94486], [-66.9193, 17.94347], [-66.92292, 17.94458], [-66.92319, 17.94403], [-66.9257, 17.94403], [-66.92709, 17.94292], [-66.92958, 17.94347], [-66.93153, 17.94208], [-66.93208, 17.94069], [-66.93153, 17.93764], [-66.92764, 17.93736], [-66.92653, 17.93542], [-66.92486, 17.93514], [-66.92431, 17.93431], [-66.91959, 17.93375], [-66.91875, 17.93292], [-66.9193, 17.93097], [-66.92236, 17.92903], [-66.92264, 17.92736], [-66.92375, 17.92625], [-66.92709, 17.92625], [-66.92847, 17.92792], [-66.93097, 17.92764], [-66.93291, 17.92819], [-66.93291, 17.93014], [-66.9343, 17.93041], [-66.93653, 17.93236], [-66.94236, 17.9332], [-66.94653, 17.93264], [-66.94736, 17.93403], [-66.94875, 17.93375], [-66.94903, 17.93264], [-66.95042, 17.93236], [-66.95042, 17.9318], [-66.95264, 17.93264], [-66.9557, 17.93041], [-66.95736, 17.93041], [-66.95736, 17.93236], [-66.95653, 17.93375], [-66.9568, 17.93542], [-66.95486, 17.93653], [-66.95486, 17.93819], [-66.95653, 17.93931], [-66.95903, 17.93875], [-66.96042, 17.94097], [-66.96347, 17.94125], [-66.96375, 17.94069], [-66.96375, 17.94347], [-66.96597, 17.94375], [-66.96542, 17.94458], [-66.96597, 17.94597], [-66.9707, 17.94736], [-66.97125, 17.94986], [-66.97236, 17.94903], [-66.97459, 17.94903], [-66.97542, 17.94986], [-66.97764, 17.94986], [-66.97903, 17.95125], [-66.9818, 17.95125], [-66.9818, 17.95319], [-66.98264, 17.95347], [-66.98292, 17.95819], [-66.98153, 17.95958], [-66.98292, 17.96125], [-66.98542, 17.96097], [-66.98431, 17.96208], [-66.98458, 17.96431], [-66.98708, 17.96236], [-66.98736, 17.96403], [-66.98514, 17.96569], [-66.98514, 17.96708], [-66.98847, 17.97069], [-66.99153, 17.97097], [-66.99264, 17.96958], [-66.99319, 17.97153], [-66.99403, 17.97181], [-66.99458, 17.97014], [-66.99597, 17.97014], [-66.99597, 17.97236], [-66.99709, 17.97181], [-66.99709, 17.97042], [-66.99847, 17.97042], [-66.99931, 17.96958], [-66.99986, 17.97181], [-67.00236, 17.97042], [-67.00375, 17.97097], [-67.0032, 17.96903], [-67.00069, 17.96903], [-67.00069, 17.96764], [-67.00181, 17.96653], [-67.0032, 17.96764], [-67.00375, 17.96708], [-67.00069, 17.96403], [-67.00069, 17.96125], [-67.00208, 17.96014], [-67.0032, 17.96014], [-67.00625, 17.96181], [-67.00625, 17.96319], [-67.00875, 17.96458], [-67.00875, 17.96097], [-67.00931, 17.96042], [-67.01014, 17.96097], [-67.00986, 17.96264], [-67.01125, 17.96597], [-67.01542, 17.96847], [-67.01458, 17.97069], [-67.01125, 17.97153], [-67.01125, 17.97264], [-67.01236, 17.97319], [-67.01598, 17.97319], [-67.01625, 17.9693], [-67.01847, 17.96875], [-67.01903, 17.96736], [-67.02292, 17.96764], [-67.02375, 17.97014], [-67.02653, 17.97181], [-67.02875, 17.97153], [-67.02875, 17.97097], [-67.03125, 17.97153], [-67.03375, 17.97069], [-67.03375, 17.97125], [-67.03486, 17.97153], [-67.03542, 17.97319], [-67.03902, 17.97181], [-67.03958, 17.97069], [-67.04097, 17.97042], [-67.04208, 17.96847], [-67.0443, 17.96764], [-67.04597, 17.96847], [-67.04652, 17.96986], [-67.04875, 17.97097], [-67.05125, 17.97042], [-67.05292, 17.97236], [-67.05708, 17.97125], [-67.0582, 17.97264], [-67.06014, 17.97347], [-67.06097, 17.97486], [-67.06847, 17.97097], [-67.06986, 17.97097], [-67.07042, 17.97264], [-67.07208, 17.97264], [-67.07375, 17.96903], [-67.07848, 17.96569], [-67.07848, 17.96431], [-67.07653, 17.96347], [-67.07625, 17.96264], [-67.07681, 17.9593], [-67.07819, 17.95791], [-67.07958, 17.95819], [-67.07931, 17.95958], [-67.08153, 17.95903], [-67.08375, 17.9607], [-67.08708, 17.9607], [-67.08681, 17.96153], [-67.08403, 17.96097], [-67.08403, 17.96375], [-67.08236, 17.96431], [-67.08292, 17.96625], [-67.08542, 17.96569], [-67.08625, 17.96486], [-67.08736, 17.96514], [-67.08736, 17.96403], [-67.08542, 17.96319], [-67.08598, 17.96236], [-67.0882, 17.96236], [-67.08708, 17.95847], [-67.0882, 17.9568], [-67.08903, 17.95208], [-67.0907, 17.95097], [-67.09264, 17.95264], [-67.09402, 17.95014], [-67.0957, 17.9507], [-67.09597, 17.94958], [-67.0993, 17.94681], [-67.10403, 17.94542], [-67.11208, 17.94569], [-67.11292, 17.94764], [-67.11375, 17.94764], [-67.11375, 17.94681], [-67.11486, 17.94681], [-67.11569, 17.95014], [-67.11792, 17.94958], [-67.11764, 17.94819], [-67.11625, 17.94764], [-67.11708, 17.94653], [-67.12041, 17.94736], [-67.1218, 17.94597], [-67.12542, 17.94597], [-67.12625, 17.94681], [-67.12791, 17.94653], [-67.12875, 17.94708], [-67.12847, 17.94847], [-67.12681, 17.94958], [-67.12708, 17.9507], [-67.12791, 17.9507], [-67.1293, 17.94875], [-67.13097, 17.94847], [-67.13347, 17.95014], [-67.13514, 17.95042], [-67.13625, 17.95264], [-67.13875, 17.95264], [-67.14347, 17.95403], [-67.14792, 17.95347], [-67.14875, 17.95458], [-67.15097, 17.95514], [-67.15125, 17.95458], [-67.15903, 17.95347], [-67.15903, 17.9568], [-67.16236, 17.95986], [-67.16292, 17.96125], [-67.16736, 17.96264], [-67.1693, 17.96403], [-67.17152, 17.96375], [-67.17236, 17.96458], [-67.17431, 17.96486], [-67.17653, 17.96375], [-67.17653, 17.96431], [-67.17958, 17.96458], [-67.18014, 17.96375], [-67.18403, 17.96264], [-67.19014, 17.95653], [-67.19014, 17.95542], [-67.1918, 17.95375], [-67.1918, 17.9507], [-67.18986, 17.94847], [-67.18986, 17.94375], [-67.18819, 17.94125], [-67.18375, 17.93931], [-67.18375, 17.93736], [-67.18291, 17.93736], [-67.18291, 17.9318], [-67.18403, 17.93069], [-67.18653, 17.93069], [-67.18792, 17.93125], [-67.18819, 17.93403], [-67.18764, 17.93486], [-67.18819, 17.93569], [-67.18986, 17.93569], [-67.18986, 17.93347], [-67.19209, 17.93208], [-67.19458, 17.93208], [-67.19625, 17.9332], [-67.19708, 17.93764], [-67.19319, 17.94014], [-67.19347, 17.9432], [-67.19486, 17.94375], [-67.19403, 17.94792], [-67.19542, 17.9507], [-67.20014, 17.95319], [-67.20264, 17.95319], [-67.20514, 17.95431], [-67.21152, 17.95347], [-67.21208, 17.95181], [-67.21291, 17.95181], [-67.2132, 17.95264], [-67.21403, 17.95125], [-67.21514, 17.95153], [-67.21458, 17.95319], [-67.21236, 17.95403], [-67.21208, 17.95653], [-67.21458, 17.96319], [-67.21236, 17.97125], [-67.2132, 17.97347], [-67.21291, 17.97708], [-67.21542, 17.98292], [-67.21542, 17.98597], [-67.2143, 17.98903], [-67.21291, 17.99014], [-67.21347, 17.99292], [-67.21181, 17.99347], [-67.21152, 17.99458], [-67.20764, 17.99847], [-67.20514, 17.99986], [-67.20236, 17.99986], [-67.20236, 18.00042], [-67.19903, 18.00236], [-67.19431, 18.00292], [-67.18875, 18.00625], [-67.18208, 18.00875], [-67.1768, 18.00875], [-67.17347, 18.01236], [-67.17208, 18.01875], [-67.17236, 18.02264], [-67.17458, 18.02486], [-67.1768, 18.02569], [-67.1768, 18.02708], [-67.17764, 18.02708], [-67.17819, 18.02597], [-67.18014, 18.02597], [-67.18014, 18.02931], [-67.18153, 18.02958], [-67.18236, 18.02708], [-67.1843, 18.02708], [-67.1843, 18.02764], [-67.18569, 18.02764], [-67.18569, 18.03014], [-67.18625, 18.03042], [-67.18847, 18.02958], [-67.19375, 18.03181], [-67.20125, 18.03292], [-67.20375, 18.03486], [-67.20375, 18.03597], [-67.20986, 18.03514], [-67.20986, 18.0368], [-67.20736, 18.03986], [-67.2057, 18.0407], [-67.19958, 18.04681], [-67.19903, 18.04986], [-67.20153, 18.05403], [-67.20181, 18.05736], [-67.20069, 18.05958], [-67.19791, 18.06236], [-67.19681, 18.06653], [-67.19236, 18.06486], [-67.19041, 18.06486], [-67.18486, 18.0682], [-67.18459, 18.07097], [-67.18597, 18.07319], [-67.18931, 18.07347], [-67.19014, 18.07569], [-67.1918, 18.07653], [-67.19264, 18.07597], [-67.19292, 18.07403], [-67.19514, 18.07264], [-67.19597, 18.07042], [-67.19736, 18.07069], [-67.19736, 18.07208], [-67.19625, 18.07347], [-67.1982, 18.07347], [-67.19958, 18.07431], [-67.19986, 18.07597], [-67.19791, 18.07653], [-67.19986, 18.07931], [-67.20097, 18.07931], [-67.20208, 18.08125], [-67.20153, 18.08292], [-67.19903, 18.08375], [-67.19903, 18.08458], [-67.19986, 18.08486], [-67.19986, 18.08708], [-67.19681, 18.08736], [-67.19681, 18.08903], [-67.1993, 18.08986], [-67.1993, 18.09125], [-67.19681, 18.09375], [-67.19597, 18.09375], [-67.19514, 18.09708], [-67.19431, 18.09792], [-67.19125, 18.09875], [-67.19097, 18.10014], [-67.18931, 18.10069], [-67.18903, 18.10153], [-67.18708, 18.10153], [-67.18486, 18.10264], [-67.18236, 18.10847], [-67.18181, 18.11264], [-67.18291, 18.11375], [-67.18486, 18.1193], [-67.18486, 18.1207], [-67.1843, 18.1207], [-67.18291, 18.12458], [-67.18291, 18.12653], [-67.1843, 18.1293], [-67.18514, 18.1293], [-67.18597, 18.13153], [-67.17875, 18.13164], [-67.17834, 18.12318], [-67.1616, 18.12326], [-67.15023, 18.12898], [-67.12517, 18.1296], [-67.12533, 18.12584], [-67.11742, 18.12623], [-67.11387, 18.13344], [-67.09269, 18.1336], [-67.09293, 18.13673], [-67.07455, 18.13697], [-67.0743, 18.14308], [-67.04957, 18.14347], [-67.04974, 18.14942], [-67.04537, 18.15005], [-67.04562, 18.16109], [-67.03581, 18.16094], [-67.02078, 18.17381], [-67.01086, 18.17406], [-67.00597, 18.18397], [-66.99708, 18.18434], [-66.97931, 18.19388], [-66.9739, 18.194], [-66.97377, 18.17075], [-66.97055, 18.17124], [-66.9708, 18.1639], [-66.95625, 18.16414], [-66.95664, 18.15729], [-66.94968, 18.15753], [-66.94968, 18.15362], [-66.93075, 18.15399], [-66.93113, 18.14995], [-66.91362, 18.15031], [-66.91362, 18.14652], [-66.90408, 18.14676], [-66.89829, 18.15325], [-66.87781, 18.15386], [-66.87755, 18.1601], [-66.87124, 18.16059], [-66.86725, 18.16573], [-66.86686, 18.17369], [-66.86055, 18.17381], [-66.86003, 18.17834], [-66.82358, 18.17822], [-66.8241, 18.1672], [-66.81792, 18.16476], [-66.81302, 18.16488], [-66.81341, 18.15741], [-66.73368, 18.15729], [-66.73432, 18.15386], [-66.7056, 18.15423], [-66.70534, 18.15007], [-66.68718, 18.15019], [-66.68718, 18.14713], [-66.64159, 18.14725], [-66.64171, 18.1508], [-66.61621, 18.15019], [-66.61608, 18.14689], [-66.57654, 18.14689], [-66.57654, 18.15411], [-66.56598, 18.15447], [-66.56611, 18.1497], [-66.54125, 18.14995], [-66.54138, 18.14297], [-66.52657, 18.14346], [-66.52631, 18.14995], [-66.51806, 18.15337], [-66.49406, 18.1542], [-66.49475, 18.14346], [-66.48702, 18.14346], [-66.47367, 18.1321], [-66.47298, 18.11298], [-66.46899, 18.11298], [-66.46899, 18.10306], [-66.43731, 18.10294], [-66.43756, 18.09951], [-66.42662, 18.09939], [-66.41142, 18.07956], [-66.40201, 18.07919], [-66.40189, 18.07233], [-66.39712, 18.07233], [-66.39725, 18.06596], [-66.39119, 18.06572], [-66.38566, 18.05862], [-66.37638, 18.05862], [-66.37638, 18.0547], [-66.368, 18.05494], [-66.36788, 18.05298], [-66.34045, 18.0378], [-66.33967, 18.0318], [-66.33298, 18.0302], [-66.3322, 18.00852], [-66.32538, 18.00338], [-66.32602, 17.99346], [-66.28996, 17.99346], [-66.29008, 17.98696], [-66.26896, 17.95903], [-66.24552, 17.95009]]]}}, {"type": "Feature", "properties": {"yucayeque": "Yagüecax"}, "geometry": {"type": "MultiPolygon", "coordinates": [[[[-67.18542, 18.13042], [-67.18597, 18.1307], [-67.18597, 18.13116], [-67.18542, 18.13042]]], [[[-67.18597, 18.13116], [-67.18681, 18.13208], [-67.18625, 18.13681], [-67.1832, 18.13764], [-67.18014, 18.14014], [-67.1768, 18.15042], [-67.17819, 18.15486], [-67.17847, 18.15875], [-67.18264, 18.16042], [-67.18347, 18.16125], [-67.18347, 18.16264], [-67.18514, 18.16375], [-67.18569, 18.1657], [-67.18236, 18.16875], [-67.18042, 18.16847], [-67.17903, 18.17097], [-67.17764, 18.17125], [-67.17736, 18.17236], [-67.17653, 18.17236], [-67.17625, 18.17403], [-67.17542, 18.1743], [-67.1757, 18.17486], [-67.17431, 18.17681], [-67.17292, 18.17764], [-67.17097, 18.18125], [-67.16708, 18.18486], [-67.16625, 18.18653], [-67.15903, 18.19042], [-67.15681, 18.19292], [-67.1543, 18.19708], [-67.15375, 18.19931], [-67.1532, 18.20236], [-67.15375, 18.20681], [-67.15514, 18.20875], [-67.15542, 18.2107], [-67.15875, 18.21125], [-67.15958, 18.21208], [-67.1582, 18.21458], [-67.15847, 18.21708], [-67.16042, 18.21681], [-67.16125, 18.21792], [-67.16486, 18.21819], [-67.16625, 18.21931], [-67.16736, 18.21931], [-67.16875, 18.22097], [-67.17014, 18.22125], [-67.17014, 18.22292], [-67.17236, 18.2243], [-67.17264, 18.22542], [-67.17403, 18.22653], [-67.17403, 18.22792], [-67.17347, 18.22792], [-67.17347, 18.23958], [-67.17458, 18.24486], [-67.17542, 18.2457], [-67.17597, 18.24875], [-67.17875, 18.2518], [-67.17986, 18.25514], [-67.18375, 18.25931], [-67.18403, 18.26069], [-67.18514, 18.26125], [-67.18653, 18.26375], [-67.18903, 18.26569], [-67.18931, 18.27875], [-67.19125, 18.28458], [-67.19486, 18.28819], [-67.19542, 18.29014], [-67.20014, 18.29153], [-67.20097, 18.29236], [-67.20847, 18.29319], [-67.2093, 18.29458], [-67.21152, 18.29514], [-67.21736, 18.29514], [-67.21931, 18.29653], [-67.22542, 18.29597], [-67.22875, 18.29764], [-67.23375, 18.29847], [-67.23625, 18.30042], [-67.2393, 18.30625], [-67.23986, 18.30625], [-67.24014, 18.30875], [-67.24153, 18.31153], [-67.24208, 18.31153], [-67.24292, 18.31431], [-67.24375, 18.31458], [-67.24431, 18.31625], [-67.24514, 18.31653], [-67.24819, 18.32069], [-67.24903, 18.32431], [-67.25014, 18.32542], [-67.25042, 18.32792], [-67.25181, 18.32875], [-67.25347, 18.33264], [-67.25347, 18.33514], [-67.25597, 18.34097], [-67.25764, 18.34208], [-67.25819, 18.34347], [-67.25958, 18.34375], [-67.26014, 18.34319], [-67.2618, 18.34431], [-67.26236, 18.34597], [-67.26375, 18.34708], [-67.26403, 18.34903], [-67.26625, 18.35042], [-67.26791, 18.35347], [-67.2693, 18.35458], [-67.26986, 18.35764], [-67.2718, 18.36097], [-67.2718, 18.36347], [-67.27069, 18.36403], [-67.27014, 18.36681], [-67.26875, 18.36708], [-67.26736, 18.36847], [-67.26347, 18.36903], [-67.26264, 18.37042], [-67.26097, 18.37097], [-67.25819, 18.3707], [-67.25653, 18.37181], [-67.2532, 18.37208], [-67.25014, 18.37319], [-67.24847, 18.37319], [-67.24847, 18.37181], [-67.24764, 18.37125], [-67.24709, 18.37319], [-67.24541, 18.37403], [-67.24567, 18.36828], [-67.23008, 18.36853], [-67.22956, 18.36386], [-67.21128, 18.36523], [-67.21037, 18.36079], [-67.15834, 18.3618], [-67.15782, 18.35545], [-67.14425, 18.35398], [-67.11377, 18.34149], [-67.09263, 18.33958], [-67.06567, 18.31742], [-67.0546, 18.31704], [-67.05118, 18.32048], [-67.04191, 18.32068], [-67.03719, 18.32629], [-66.98517, 18.32774], [-66.98496, 18.32392], [-66.958, 18.32315], [-66.9494, 18.3168], [-66.94898, 18.29967], [-66.93806, 18.29962], [-66.93838, 18.28945], [-66.93458, 18.2895], [-66.93484, 18.27317], [-66.93094, 18.27302], [-66.93105, 18.24922], [-66.93474, 18.24927], [-66.9349, 18.24241], [-66.93864, 18.24236], [-66.93843, 18.22542], [-66.94307, 18.22236], [-66.94914, 18.22206], [-66.94919, 18.21214], [-66.95278, 18.21199], [-66.95257, 18.1944], [-66.97931, 18.19388], [-66.99708, 18.18434], [-67.00597, 18.18397], [-67.01086, 18.17406], [-67.02078, 18.17381], [-67.03581, 18.16094], [-67.04562, 18.16109], [-67.04537, 18.15005], [-67.04974, 18.14942], [-67.04957, 18.14347], [-67.0743, 18.14308], [-67.07455, 18.13697], [-67.09293, 18.13673], [-67.09269, 18.1336], [-67.11387, 18.13344], [-67.11742, 18.12623], [-67.12533, 18.12584], [-67.12517, 18.1296], [-67.15023, 18.12898], [-67.1616, 18.12326], [-67.17834, 18.12318], [-67.17875, 18.13164], [-67.18597, 18.13116]]]]}}, {"type": "Feature", "properties": {"yucayeque": "Otao"}, "geometry": {"type": "Polygon", "coordinates": [[[-66.49406, 18.1542], [-66.51806, 18.15337], [-66.52631, 18.14995], [-66.52657, 18.14346], [-66.54138, 18.14297], [-66.54125, 18.14995], [-66.56611, 18.1497], [-66.56598, 18.15447], [-66.57654, 18.15411], [-66.57654, 18.14689], [-66.61608, 18.14689], [-66.61621, 18.15019], [-66.64171, 18.1508], [-66.64159, 18.14725], [-66.68718, 18.14713], [-66.68718, 18.15019], [-66.70534, 18.15007], [-66.7056, 18.15423], [-66.73432, 18.15386], [-66.73368, 18.15729], [-66.81341, 18.15741], [-66.81302, 18.16488], [-66.81792, 18.16476], [-66.8241, 18.1672], [-66.82358, 18.17822], [-66.86003, 18.17834], [-66.86055, 18.17381], [-66.86686, 18.17369], [-66.86725, 18.16573], [-66.87124, 18.16059], [-66.87755, 18.1601], [-66.87781, 18.15386], [-66.89829, 18.15325], [-66.90408, 18.14676], [-66.91362, 18.14652], [-66.91362, 18.15031], [-66.93113, 18.14995], [-66.93075, 18.15399], [-66.94968, 18.15362], [-66.94968, 18.15753], [-66.95664, 18.15729], [-66.95625, 18.16414], [-66.9708, 18.1639], [-66.97055, 18.17124], [-66.97377, 18.17075], [-66.9739, 18.194], [-66.95257, 18.1944], [-66.95278, 18.21199], [-66.94919, 18.21214], [-66.94914, 18.22206], [-66.94307, 18.22236], [-66.93843, 18.22542], [-66.93864, 18.24236], [-66.9349, 18.24241], [-66.93474, 18.24927], [-66.93105, 18.24922], [-66.93094, 18.27302], [-66.93484, 18.27317], [-66.93458, 18.2895], [-66.93838, 18.28945], [-66.93806, 18.29962], [-66.94898, 18.29967], [-66.9494, 18.3168], [-66.958, 18.32315], [-66.95934, 18.33813], [-66.95314, 18.33729], [-66.9532, 18.34823], [-66.94874, 18.3478], [-66.94912, 18.36137], [-66.94512, 18.36117], [-66.94552, 18.37989], [-66.93847, 18.38676], [-66.93958, 18.40488], [-66.93344, 18.40548], [-66.93362, 18.41746], [-66.91265, 18.41766], [-66.85951, 18.392], [-66.78467, 18.39129], [-66.78456, 18.38576], [-66.73198, 18.38496], [-66.73188, 18.38148], [-66.70818, 18.38209], [-66.70896, 18.35876], [-66.71663, 18.35821], [-66.71638, 18.34827], [-66.72372, 18.34342], [-66.72363, 18.33082], [-66.71951, 18.33082], [-66.71976, 18.31056], [-66.70929, 18.3104], [-66.70937, 18.30758], [-66.68456, 18.30727], [-66.68406, 18.29404], [-66.67953, 18.29067], [-66.67013, 18.29052], [-66.67046, 18.30046], [-66.65901, 18.30038], [-66.65917, 18.30696], [-66.65183, 18.3068], [-66.65225, 18.30336], [-66.61663, 18.3032], [-66.5985, 18.29248], [-66.59858, 18.28105], [-66.57377, 18.26602], [-66.5553, 18.26594], [-66.55481, 18.26211], [-66.54055, 18.26273], [-66.54063, 18.21584], [-66.54788, 18.21098], [-66.54731, 18.19829], [-66.54162, 18.19822], [-66.53626, 18.19156], [-66.51969, 18.19062], [-66.50535, 18.17806], [-66.50155, 18.17766], [-66.50139, 18.17135], [-66.49389, 18.1712], [-66.49406, 18.1542]]]}}, {"type": "Feature", "properties": {"yucayeque": "Guajataca"}, "geometry": {"type": "Polygon", "coordinates": [[[-66.54055, 18.26273], [-66.55481, 18.26211], [-66.5553, 18.26594], [-66.57377, 18.26602], [-66.59858, 18.28105], [-66.5985, 18.29248], [-66.61663, 18.3032], [-66.65225, 18.30336], [-66.65183, 18.3068], [-66.65917, 18.30696], [-66.65901, 18.30038], [-66.67046, 18.30046], [-66.67013, 18.29052], [-66.67953, 18.29067], [-66.68406, 18.29404], [-66.68456, 18.30727], [-66.70937, 18.30758], [-66.70929, 18.3104], [-66.71976, 18.31056], [-66.71951, 18.33082], [-66.72363, 18.33082], [-66.72372, 18.34342], [-66.71638, 18.34827], [-66.71663, 18.35821], [-66.70896, 18.35876], [-66.70831, 18.36816], [-66.66709, 18.36798], [-66.66696, 18.36486], [-66.64622, 18.36518], [-66.64493, 18.36168], [-66.63185, 18.36223], [-66.63051, 18.36584], [-66.60333, 18.36474], [-66.60243, 18.36095], [-66.57667, 18.36095], [-66.57628, 18.36523], [-66.55193, 18.366], [-66.55117, 18.36034], [-66.53082, 18.36095], [-66.52953, 18.3651], [-66.51253, 18.36461], [-66.51111, 18.3673], [-66.4853, 18.36601], [-66.48329, 18.34958], [-66.4762, 18.33417], [-66.47194, 18.33452], [-66.47234, 18.32696], [-66.47567, 18.32677], [-66.47659, 18.31461], [-66.48655, 18.31376], [-66.49411, 18.30662], [-66.4943, 18.30077], [-66.52538, 18.28606], [-66.52604, 18.27988], [-66.53659, 18.27941], [-66.5403, 18.27565], [-66.54055, 18.26273]]]}}, {"type": "Feature", "properties": {"yucayeque": "Jatobonico"}, "geometry": {"type": "Polygon", "coordinates": [[[-66.368, 18.05494], [-66.37638, 18.0547], [-66.37638, 18.05862], [-66.38566, 18.05862], [-66.39119, 18.06572], [-66.39725, 18.06596], [-66.39712, 18.07233], [-66.40189, 18.07233], [-66.40201, 18.07919], [-66.41142, 18.07956], [-66.42662, 18.09939], [-66.43756, 18.09951], [-66.43731, 18.10294], [-66.46899, 18.10306], [-66.46899, 18.11298], [-66.47298, 18.11298], [-66.47367, 18.1321], [-66.48702, 18.14346], [-66.49475, 18.14346], [-66.49389, 18.1712], [-66.50139, 18.17135], [-66.50155, 18.17766], [-66.50535, 18.17806], [-66.51969, 18.19062], [-66.53626, 18.19156], [-66.54162, 18.19822], [-66.54731, 18.19829], [-66.54788, 18.21098], [-66.54063, 18.21584], [-66.5403, 18.27565], [-66.53659, 18.27941], [-66.52604, 18.27988], [-66.52538, 18.28606], [-66.4943, 18.30077], [-66.49411, 18.30662], [-66.48655, 18.31376], [-66.47659, 18.31461], [-66.46848, 18.30691], [-66.44851, 18.30691], [-66.44362, 18.29969], [-66.40459, 18.30055], [-66.40374, 18.29297], [-66.38946, 18.26927], [-66.37597, 18.26851], [-66.36139, 18.25511], [-66.35633, 18.24541], [-66.34055, 18.24289], [-66.33365, 18.24293], [-66.33356, 18.2358], [-66.34024, 18.23541], [-66.34048, 18.1979], [-66.34732, 18.19767], [-66.35103, 18.1932], [-66.35136, 18.18177], [-66.34716, 18.18028], [-66.34757, 18.17081], [-66.35178, 18.1701], [-66.35128, 18.13258], [-66.34122, 18.13321], [-66.33224, 18.11989], [-66.32705, 18.11973], [-66.31221, 18.105], [-66.31196, 18.07113], [-66.34302, 18.07098], [-66.35449, 18.06229], [-66.3684, 18.06168], [-66.368, 18.05494]]]}}, {"type": "Feature", "properties": {"yucayeque": "Turabo"}, "geometry": {"type": "Polygon", "coordinates": [[[-66.20108, 18.07564], [-66.23663, 18.07417], [-66.23586, 18.07956], [-66.27579, 18.07968], [-66.27514, 18.06817], [-66.29047, 18.06792], [-66.29034, 18.07123], [-66.31196, 18.07113], [-66.31221, 18.105], [-66.32705, 18.11973], [-66.33224, 18.11989], [-66.34122, 18.13321], [-66.35128, 18.13258], [-66.35178, 18.1701], [-66.34757, 18.17081], [-66.34716, 18.18028], [-66.35136, 18.18177], [-66.35103, 18.1932], [-66.34732, 18.19767], [-66.34048, 18.1979], [-66.34024, 18.23541], [-66.33356, 18.2358], [-66.33365, 18.24293], [-66.31133, 18.24288], [-66.31157, 18.23831], [-66.29708, 18.23754], [-66.26719, 18.2394], [-66.1916, 18.2938], [-66.14475, 18.29322], [-66.14003, 18.27589], [-66.11706, 18.27655], [-66.11783, 18.26931], [-66.08692, 18.26986], [-66.08494, 18.27307], [-66.072, 18.27213], [-66.07134, 18.26704], [-66.06483, 18.26633], [-66.06417, 18.25944], [-66.0416, 18.25946], [-66.01267, 18.2293], [-65.99272, 18.22933], [-65.99285, 18.225], [-65.98563, 18.22512], [-65.99178, 18.21632], [-66.00023, 18.21556], [-65.99963, 18.20027], [-65.99279, 18.20065], [-65.99258, 18.19338], [-66.0105, 18.18191], [-66.0111, 18.15686], [-66.00546, 18.15648], [-65.99319, 18.14481], [-65.99403, 18.1177], [-66.00285, 18.11746], [-66.00285, 18.10596], [-66.03032, 18.10586], [-66.04324, 18.09127], [-66.04409, 18.08606], [-66.05, 18.0855], [-66.05005, 18.07893], [-66.06087, 18.07873], [-66.06087, 18.07392], [-66.08233, 18.07172], [-66.08207, 18.06547], [-66.09778, 18.05874], [-66.11414, 18.05837], [-66.11401, 18.06254], [-66.12251, 18.06254], [-66.12161, 18.0689], [-66.12921, 18.06964], [-66.12888, 18.07472], [-66.13642, 18.082], [-66.17532, 18.08188], [-66.20108, 18.07564]]]}}, {"type": "Feature", "properties": {"yucayeque": "Bieque"}, "geometry": {"type": "Polygon", "coordinates": [[[-65.57458, 18.11903], [-65.56958, 18.11974], [-65.56847, 18.1207], [-65.5668, 18.1207], [-65.56653, 18.12018], [-65.56097, 18.12097], [-65.55847, 18.1207], [-65.55736, 18.11986], [-65.55375, 18.12042], [-65.55125, 18.1193], [-65.54819, 18.1193], [-65.5357, 18.12292], [-65.53375, 18.12431], [-65.53181, 18.12458], [-65.5293, 18.12625], [-65.52597, 18.12681], [-65.52458, 18.12792], [-65.51598, 18.1293], [-65.51375, 18.13208], [-65.51236, 18.13236], [-65.51403, 18.14792], [-65.51569, 18.14847], [-65.51569, 18.14903], [-65.51403, 18.14847], [-65.51403, 18.15125], [-65.51319, 18.15125], [-65.51292, 18.14958], [-65.51153, 18.13403], [-65.50597, 18.13347], [-65.50403, 18.13403], [-65.50291, 18.13653], [-65.49986, 18.13653], [-65.49986, 18.13597], [-65.49653, 18.13514], [-65.4957, 18.13597], [-65.49153, 18.13625], [-65.48903, 18.13736], [-65.48764, 18.13681], [-65.48402, 18.13986], [-65.48264, 18.13986], [-65.48014, 18.14097], [-65.48014, 18.14153], [-65.47625, 18.14153], [-65.47625, 18.14236], [-65.47375, 18.14236], [-65.4732, 18.14347], [-65.47125, 18.14403], [-65.4643, 18.14458], [-65.46375, 18.14542], [-65.4593, 18.14625], [-65.45069, 18.14625], [-65.44542, 18.14736], [-65.44486, 18.14986], [-65.44347, 18.15125], [-65.44431, 18.15236], [-65.44403, 18.15542], [-65.43958, 18.15819], [-65.43208, 18.15819], [-65.42875, 18.15903], [-65.41292, 18.15986], [-65.4107, 18.16097], [-65.39848, 18.16292], [-65.39653, 18.16236], [-65.39569, 18.16292], [-65.39208, 18.16264], [-65.38931, 18.16042], [-65.38403, 18.16097], [-65.38264, 18.15986], [-65.38125, 18.16014], [-65.37875, 18.15819], [-65.37514, 18.15792], [-65.37486, 18.15736], [-65.36542, 18.15819], [-65.36069, 18.15319], [-65.35736, 18.15458], [-65.35625, 18.15597], [-65.35208, 18.15458], [-65.34986, 18.15236], [-65.34236, 18.15042], [-65.34097, 18.14931], [-65.33459, 18.15042], [-65.33542, 18.14847], [-65.33208, 18.14875], [-65.33125, 18.1468], [-65.32986, 18.1468], [-65.32958, 18.14847], [-65.32819, 18.14847], [-65.32708, 18.14986], [-65.32486, 18.14986], [-65.32291, 18.14875], [-65.32264, 18.14708], [-65.32153, 18.14625], [-65.32042, 18.14653], [-65.31903, 18.14542], [-65.31792, 18.14569], [-65.31597, 18.14458], [-65.31403, 18.14486], [-65.31375, 18.1443], [-65.30847, 18.14542], [-65.30791, 18.1443], [-65.30319, 18.14153], [-65.3018, 18.14208], [-65.30209, 18.14403], [-65.30153, 18.1443], [-65.29542, 18.14292], [-65.29403, 18.14597], [-65.29236, 18.14597], [-65.2907, 18.1482], [-65.28819, 18.14847], [-65.2868, 18.1468], [-65.28653, 18.14403], [-65.28486, 18.14403], [-65.2843, 18.14569], [-65.28236, 18.14514], [-65.28181, 18.14292], [-65.28069, 18.14181], [-65.28069, 18.14014], [-65.27959, 18.13903], [-65.27736, 18.13903], [-65.27847, 18.13792], [-65.2782, 18.13653], [-65.27541, 18.13375], [-65.27375, 18.13458], [-65.27209, 18.13431], [-65.2718, 18.13514], [-65.26986, 18.13542], [-65.26903, 18.13625], [-65.26791, 18.13625], [-65.26708, 18.13542], [-65.26736, 18.13375], [-65.2693, 18.13347], [-65.26986, 18.13403], [-65.27069, 18.13347], [-65.27236, 18.12875], [-65.27375, 18.13042], [-65.27514, 18.13042], [-65.27597, 18.13181], [-65.28347, 18.13292], [-65.2868, 18.1307], [-65.29375, 18.12903], [-65.29514, 18.12681], [-65.29652, 18.12736], [-65.29681, 18.13014], [-65.29819, 18.13208], [-65.29875, 18.13514], [-65.30097, 18.13542], [-65.30097, 18.13403], [-65.30292, 18.13403], [-65.30347, 18.13514], [-65.30458, 18.13542], [-65.30431, 18.13375], [-65.30542, 18.13375], [-65.30569, 18.13514], [-65.30681, 18.13542], [-65.3093, 18.13347], [-65.31014, 18.13181], [-65.31014, 18.12958], [-65.3093, 18.12875], [-65.30736, 18.12875], [-65.30791, 18.12569], [-65.31014, 18.12681], [-65.31069, 18.12597], [-65.31292, 18.12569], [-65.31319, 18.12486], [-65.3157, 18.12514], [-65.31597, 18.12347], [-65.3168, 18.12319], [-65.31931, 18.12681], [-65.32236, 18.12653], [-65.32736, 18.12431], [-65.32736, 18.11986], [-65.32848, 18.12014], [-65.32875, 18.12153], [-65.33041, 18.12236], [-65.33041, 18.12458], [-65.33125, 18.12569], [-65.33347, 18.12569], [-65.33459, 18.12431], [-65.33375, 18.12319], [-65.33375, 18.12153], [-65.3343, 18.1207], [-65.33542, 18.12125], [-65.33486, 18.11958], [-65.33347, 18.11875], [-65.33347, 18.1168], [-65.33681, 18.11875], [-65.33681, 18.12014], [-65.33791, 18.1207], [-65.33847, 18.1193], [-65.33708, 18.11708], [-65.33625, 18.11708], [-65.33598, 18.11431], [-65.33736, 18.11403], [-65.33847, 18.11208], [-65.33958, 18.11208], [-65.34014, 18.11264], [-65.33958, 18.11597], [-65.34097, 18.11625], [-65.3418, 18.11486], [-65.3418, 18.1118], [-65.34319, 18.11097], [-65.34375, 18.1118], [-65.34597, 18.11208], [-65.34625, 18.11042], [-65.34736, 18.11042], [-65.34875, 18.11236], [-65.35181, 18.11153], [-65.35208, 18.11208], [-65.35542, 18.11236], [-65.35597, 18.11347], [-65.35264, 18.11319], [-65.35069, 18.11458], [-65.3482, 18.11486], [-65.3482, 18.11542], [-65.34348, 18.1157], [-65.34375, 18.11708], [-65.34042, 18.11903], [-65.34042, 18.12042], [-65.34097, 18.12097], [-65.34375, 18.12042], [-65.34541, 18.12125], [-65.34541, 18.12236], [-65.34597, 18.12153], [-65.34764, 18.12153], [-65.34764, 18.12264], [-65.34959, 18.12208], [-65.35069, 18.12319], [-65.35014, 18.12653], [-65.35236, 18.12569], [-65.35236, 18.12514], [-65.35375, 18.12569], [-65.35486, 18.12514], [-65.35486, 18.12597], [-65.3568, 18.12653], [-65.35792, 18.12597], [-65.35819, 18.12347], [-65.35902, 18.12347], [-65.35902, 18.12681], [-65.36069, 18.12792], [-65.36181, 18.13014], [-65.36375, 18.13014], [-65.36375, 18.12597], [-65.36542, 18.12514], [-65.3643, 18.12181], [-65.36459, 18.12014], [-65.36625, 18.12042], [-65.36625, 18.12236], [-65.36764, 18.12264], [-65.36847, 18.12514], [-65.37264, 18.12458], [-65.37264, 18.12403], [-65.37431, 18.12347], [-65.37458, 18.12042], [-65.3718, 18.11736], [-65.37209, 18.1157], [-65.37375, 18.11625], [-65.37431, 18.11764], [-65.37514, 18.11791], [-65.37653, 18.11708], [-65.37569, 18.11514], [-65.37681, 18.11125], [-65.37514, 18.11069], [-65.37514, 18.10931], [-65.37403, 18.10875], [-65.37431, 18.10681], [-65.37708, 18.10736], [-65.37736, 18.10819], [-65.3782, 18.10681], [-65.37903, 18.10681], [-65.37791, 18.11042], [-65.3793, 18.11153], [-65.38069, 18.11097], [-65.38153, 18.11264], [-65.38403, 18.11153], [-65.38625, 18.11264], [-65.39069, 18.11264], [-65.39125, 18.10986], [-65.39208, 18.10986], [-65.39236, 18.10708], [-65.3943, 18.10736], [-65.3943, 18.10986], [-65.39542, 18.11014], [-65.39653, 18.11153], [-65.39792, 18.11125], [-65.39902, 18.10875], [-65.40014, 18.10903], [-65.40014, 18.11125], [-65.40153, 18.11153], [-65.40236, 18.11069], [-65.40264, 18.10875], [-65.40459, 18.10875], [-65.40625, 18.10792], [-65.40652, 18.10931], [-65.40542, 18.11097], [-65.40542, 18.11292], [-65.40847, 18.11375], [-65.40986, 18.11347], [-65.4107, 18.11125], [-65.40958, 18.11069], [-65.4093, 18.10903], [-65.40764, 18.10903], [-65.40736, 18.10681], [-65.4118, 18.10597], [-65.4118, 18.10792], [-65.41264, 18.10875], [-65.41653, 18.10819], [-65.4182, 18.10625], [-65.41847, 18.10486], [-65.41847, 18.10403], [-65.41736, 18.10375], [-65.41681, 18.10236], [-65.41986, 18.10125], [-65.42181, 18.1018], [-65.42181, 18.10347], [-65.42264, 18.10375], [-65.42347, 18.10597], [-65.42486, 18.10708], [-65.42403, 18.10875], [-65.42542, 18.11069], [-65.42597, 18.11125], [-65.42847, 18.11125], [-65.42986, 18.10986], [-65.43347, 18.10847], [-65.43403, 18.10708], [-65.43597, 18.10708], [-65.43597, 18.10653], [-65.4343, 18.10597], [-65.4343, 18.10542], [-65.43069, 18.10542], [-65.42986, 18.10375], [-65.42625, 18.10375], [-65.42542, 18.10153], [-65.42208, 18.09986], [-65.42208, 18.09903], [-65.42403, 18.09736], [-65.42319, 18.09597], [-65.42597, 18.09403], [-65.42958, 18.0932], [-65.43097, 18.09375], [-65.43153, 18.09264], [-65.43264, 18.09264], [-65.43347, 18.09153], [-65.43819, 18.09153], [-65.43875, 18.0932], [-65.43986, 18.09347], [-65.43903, 18.09792], [-65.43986, 18.09986], [-65.44097, 18.10042], [-65.43958, 18.10097], [-65.43931, 18.10347], [-65.43986, 18.10403], [-65.44209, 18.10375], [-65.44597, 18.10542], [-65.4493, 18.10486], [-65.45097, 18.10375], [-65.45097, 18.10069], [-65.45042, 18.10014], [-65.44236, 18.09931], [-65.44014, 18.09819], [-65.44014, 18.09681], [-65.44041, 18.09569], [-65.44236, 18.09431], [-65.44236, 18.09236], [-65.44514, 18.09153], [-65.44486, 18.08931], [-65.44625, 18.08931], [-65.44708, 18.08764], [-65.44903, 18.08708], [-65.4493, 18.09069], [-65.45097, 18.09069], [-65.45097, 18.08597], [-65.45708, 18.08792], [-65.45514, 18.08986], [-65.45431, 18.09236], [-65.45431, 18.09431], [-65.45597, 18.09486], [-65.45653, 18.09597], [-65.46042, 18.09681], [-65.46542, 18.09625], [-65.46764, 18.09403], [-65.46764, 18.09292], [-65.4657, 18.09097], [-65.46514, 18.08819], [-65.46597, 18.08708], [-65.46736, 18.08708], [-65.46764, 18.08819], [-65.46931, 18.08931], [-65.46931, 18.09069], [-65.46848, 18.09097], [-65.46875, 18.09292], [-65.47125, 18.0932], [-65.47125, 18.09375], [-65.47375, 18.09486], [-65.47736, 18.09514], [-65.4782, 18.09597], [-65.48042, 18.09625], [-65.48847, 18.0932], [-65.48959, 18.09347], [-65.49042, 18.09514], [-65.49264, 18.09514], [-65.49541, 18.09347], [-65.50236, 18.0932], [-65.50486, 18.09264], [-65.50486, 18.09208], [-65.50681, 18.09181], [-65.50764, 18.09097], [-65.51097, 18.09069], [-65.5118, 18.08931], [-65.51458, 18.08875], [-65.51514, 18.08764], [-65.51681, 18.08736], [-65.51875, 18.08597], [-65.52097, 18.08319], [-65.52486, 18.08181], [-65.52486, 18.08125], [-65.53069, 18.08153], [-65.53125, 18.07986], [-65.53347, 18.07986], [-65.53486, 18.08181], [-65.54264, 18.08097], [-65.54708, 18.08292], [-65.55014, 18.08319], [-65.55125, 18.0843], [-65.55403, 18.08486], [-65.55847, 18.0843], [-65.55875, 18.08542], [-65.56125, 18.08792], [-65.56375, 18.08903], [-65.5657, 18.08847], [-65.56625, 18.09014], [-65.56958, 18.09125], [-65.57014, 18.09514], [-65.57125, 18.09569], [-65.57181, 18.09903], [-65.57764, 18.10208], [-65.57764, 18.10347], [-65.57625, 18.10431], [-65.57625, 18.10792], [-65.57542, 18.10931], [-65.57625, 18.1118], [-65.57597, 18.11625], [-65.57736, 18.11819], [-65.57736, 18.1193], [-65.57514, 18.11958], [-65.57458, 18.11903]]]}}, {"type": "Feature", "properties": {"yucayeque": "Bieque"}, "geometry": {"type": "Polygon", "coordinates": [[[-65.33208, 18.33069], [-65.33264, 18.33069], [-65.33347, 18.33292], [-65.33459, 18.33347], [-65.33625, 18.33847], [-65.3382, 18.33903], [-65.3393, 18.34042], [-65.34014, 18.34431], [-65.3418, 18.34597], [-65.34402, 18.34681], [-65.34431, 18.34819], [-65.34653, 18.34847], [-65.3468, 18.34958], [-65.34348, 18.34986], [-65.34319, 18.34903], [-65.34209, 18.34903], [-65.3418, 18.34792], [-65.34097, 18.34792], [-65.3407, 18.34958], [-65.33958, 18.34986], [-65.3393, 18.35097], [-65.33791, 18.35069], [-65.33652, 18.34875], [-65.33652, 18.34681], [-65.33514, 18.34569], [-65.33514, 18.34319], [-65.33375, 18.34236], [-65.3318, 18.33903], [-65.32875, 18.33736], [-65.32514, 18.33708], [-65.32236, 18.33403], [-65.32042, 18.32986], [-65.31847, 18.32819], [-65.31486, 18.32847], [-65.31319, 18.32986], [-65.31292, 18.33458], [-65.31181, 18.33542], [-65.31069, 18.33819], [-65.3093, 18.33819], [-65.3082, 18.33597], [-65.30569, 18.3343], [-65.30458, 18.33208], [-65.29986, 18.33125], [-65.29958, 18.33069], [-65.29681, 18.33069], [-65.29681, 18.33125], [-65.29597, 18.33069], [-65.29597, 18.33125], [-65.29514, 18.33125], [-65.29347, 18.33514], [-65.29097, 18.33597], [-65.29041, 18.33792], [-65.28875, 18.33764], [-65.28902, 18.3357], [-65.29041, 18.33347], [-65.28875, 18.33153], [-65.28514, 18.32986], [-65.28181, 18.32958], [-65.28098, 18.33097], [-65.2793, 18.33125], [-65.27875, 18.33264], [-65.27264, 18.33125], [-65.26986, 18.32903], [-65.26319, 18.3257], [-65.26319, 18.32514], [-65.25403, 18.31903], [-65.25125, 18.31875], [-65.24958, 18.31458], [-65.24819, 18.31403], [-65.24709, 18.31236], [-65.24541, 18.31181], [-65.24514, 18.3082], [-65.24431, 18.30736], [-65.24431, 18.30347], [-65.24709, 18.30292], [-65.24736, 18.30375], [-65.25014, 18.3043], [-65.25125, 18.30597], [-65.2532, 18.30653], [-65.25625, 18.30625], [-65.25708, 18.30875], [-65.25819, 18.30875], [-65.25875, 18.30625], [-65.25764, 18.30458], [-65.25764, 18.30264], [-65.25486, 18.30097], [-65.25486, 18.2993], [-65.25625, 18.2993], [-65.25625, 18.29736], [-65.25764, 18.29653], [-65.25625, 18.29431], [-65.25459, 18.29431], [-65.25459, 18.29264], [-65.25625, 18.29264], [-65.25708, 18.29347], [-65.25847, 18.29319], [-65.26041, 18.28986], [-65.26292, 18.2893], [-65.26292, 18.28986], [-65.26403, 18.28986], [-65.26347, 18.29097], [-65.26403, 18.29569], [-65.26569, 18.29681], [-65.26847, 18.29708], [-65.27125, 18.29597], [-65.27209, 18.29486], [-65.27597, 18.29514], [-65.27764, 18.29736], [-65.27708, 18.29958], [-65.27847, 18.2993], [-65.27847, 18.29986], [-65.27986, 18.30014], [-65.28042, 18.30125], [-65.27959, 18.30264], [-65.28125, 18.30208], [-65.28181, 18.30292], [-65.28181, 18.30347], [-65.27903, 18.30458], [-65.27959, 18.30569], [-65.28403, 18.30569], [-65.28514, 18.30708], [-65.28764, 18.30625], [-65.2907, 18.30931], [-65.29125, 18.31125], [-65.29236, 18.31097], [-65.29264, 18.31014], [-65.29125, 18.30847], [-65.29153, 18.30736], [-65.29569, 18.3082], [-65.29819, 18.30931], [-65.29819, 18.30986], [-65.30014, 18.30986], [-65.30014, 18.30931], [-65.30153, 18.30986], [-65.30125, 18.30625], [-65.3007, 18.30514], [-65.29847, 18.30403], [-65.29819, 18.30236], [-65.29569, 18.30292], [-65.2932, 18.30097], [-65.28986, 18.30069], [-65.28848, 18.2993], [-65.28625, 18.29875], [-65.28597, 18.29597], [-65.28736, 18.29569], [-65.28709, 18.29292], [-65.28848, 18.29236], [-65.28875, 18.29125], [-65.2832, 18.29319], [-65.28264, 18.29153], [-65.28042, 18.2893], [-65.28098, 18.28708], [-65.28347, 18.28764], [-65.28347, 18.28681], [-65.28152, 18.28514], [-65.28152, 18.28347], [-65.28542, 18.28319], [-65.28514, 18.28153], [-65.2832, 18.28097], [-65.28264, 18.27931], [-65.28514, 18.27847], [-65.28514, 18.27653], [-65.28625, 18.27653], [-65.28792, 18.27736], [-65.28764, 18.27875], [-65.28653, 18.27958], [-65.28709, 18.28208], [-65.28986, 18.28264], [-65.29097, 18.28486], [-65.2932, 18.28597], [-65.29459, 18.2907], [-65.29875, 18.29403], [-65.30153, 18.29403], [-65.30097, 18.29792], [-65.30292, 18.29847], [-65.30209, 18.30014], [-65.30292, 18.30042], [-65.30319, 18.30181], [-65.30542, 18.30208], [-65.30597, 18.30125], [-65.30847, 18.30125], [-65.31292, 18.30569], [-65.31292, 18.3068], [-65.31431, 18.30875], [-65.3168, 18.30931], [-65.3168, 18.31292], [-65.31792, 18.31431], [-65.31764, 18.31792], [-65.31875, 18.31903], [-65.32125, 18.31958], [-65.32291, 18.31764], [-65.3232, 18.32097], [-65.32736, 18.32347], [-65.32931, 18.32319], [-65.33014, 18.32153], [-65.3318, 18.32097], [-65.33125, 18.32347], [-65.32986, 18.32486], [-65.32986, 18.32625], [-65.33208, 18.33069]]]}}, {"type": "Feature", "properties": {"yucayeque": "Bieque"}, "geometry": {"type": "Polygon", "coordinates": [[[-65.26598, 18.33875], [-65.26681, 18.34125], [-65.26542, 18.34208], [-65.26153, 18.34153], [-65.26097, 18.34264], [-65.25597, 18.34264], [-65.25153, 18.34069], [-65.25097, 18.33875], [-65.24931, 18.33736], [-65.24764, 18.33708], [-65.24736, 18.33625], [-65.24625, 18.33625], [-65.24597, 18.33792], [-65.24486, 18.33792], [-65.24458, 18.33708], [-65.24625, 18.3357], [-65.2457, 18.33403], [-65.2468, 18.33375], [-65.2468, 18.33319], [-65.25208, 18.3343], [-65.25375, 18.33292], [-65.25792, 18.33292], [-65.25792, 18.33347], [-65.25958, 18.33347], [-65.26375, 18.33819], [-65.26598, 18.33875]]]}}, {"type": "Feature", "properties": {"yucayeque": "Bieque"}, "geometry": {"type": "Polygon", "coordinates": [[[-65.23347, 18.34014], [-65.23236, 18.34042], [-65.23097, 18.33931], [-65.23097, 18.33847], [-65.22903, 18.33792], [-65.22875, 18.33681], [-65.23153, 18.33653], [-65.2318, 18.33764], [-65.23347, 18.33847], [-65.23347, 18.34014]]]}}, {"type": "Feature", "properties": {"yucayeque": "Bieque"}, "geometry": {"type": "Polygon", "coordinates": [[[-65.23792, 18.32097], [-65.23097, 18.32069], [-65.22931, 18.31792], [-65.2282, 18.31792], [-65.22625, 18.31986], [-65.22681, 18.32153], [-65.22903, 18.32236], [-65.22903, 18.32347], [-65.22514, 18.32347], [-65.22459, 18.32264], [-65.22208, 18.32208], [-65.22153, 18.32014], [-65.22236, 18.31792], [-65.22514, 18.31764], [-65.22542, 18.31597], [-65.22486, 18.31403], [-65.22403, 18.31403], [-65.22403, 18.31458], [-65.22292, 18.31431], [-65.22375, 18.31208], [-65.22097, 18.31264], [-65.2207, 18.31069], [-65.2218, 18.31069], [-65.22208, 18.30986], [-65.22986, 18.31069], [-65.2307, 18.31153], [-65.23153, 18.31542], [-65.2382, 18.31847], [-65.23792, 18.32097]]]}}, {"type": "Feature", "properties": {"yucayeque": "Bieque"}, "geometry": {"type": "Polygon", "coordinates": [[[-65.33319, 18.31125], [-65.33153, 18.31542], [-65.32958, 18.31625], [-65.32903, 18.31319], [-65.32986, 18.31236], [-65.32986, 18.31097], [-65.32792, 18.30958], [-65.32708, 18.30764], [-65.32708, 18.3068], [-65.32819, 18.30597], [-65.32764, 18.30125], [-65.32903, 18.30042], [-65.32958, 18.29903], [-65.32792, 18.29819], [-65.32736, 18.29681], [-65.32792, 18.29431], [-65.32986, 18.29431], [-65.33153, 18.29569], [-65.33208, 18.29708], [-65.3318, 18.30014], [-65.33375, 18.30181], [-65.33625, 18.30181], [-65.33764, 18.30069], [-65.33875, 18.30097], [-65.33875, 18.30208], [-65.33764, 18.30264], [-65.33708, 18.3043], [-65.33708, 18.30625], [-65.33791, 18.3082], [-65.3407, 18.30986], [-65.33875, 18.31042], [-65.33681, 18.30931], [-65.33652, 18.31069], [-65.33319, 18.31125]]]}}, {"type": "Feature", "properties": {"yucayeque": "Bieque"}, "geometry": {"type": "Polygon", "coordinates": [[[-65.39125, 18.33514], [-65.38986, 18.33458], [-65.38986, 18.33319], [-65.39125, 18.33264], [-65.39098, 18.33097], [-65.39208, 18.33069], [-65.39264, 18.33319], [-65.39347, 18.33347], [-65.39264, 18.3343], [-65.3932, 18.33653], [-65.39125, 18.33625], [-65.39125, 18.33514]]]}}, {"type": "Feature", "properties": {"yucayeque": "Bieque"}, "geometry": {"type": "Polygon", "coordinates": [[[-65.37986, 18.32653], [-65.37903, 18.32542], [-65.37736, 18.32542], [-65.37625, 18.32625], [-65.37514, 18.32597], [-65.37542, 18.32403], [-65.37431, 18.32153], [-65.37569, 18.32097], [-65.37875, 18.32264], [-65.37875, 18.32375], [-65.38069, 18.32514], [-65.38097, 18.32653], [-65.37986, 18.32653]]]}}, {"type": "Feature", "properties": {"yucayeque": "Bieque"}, "geometry": {"type": "Polygon", "coordinates": [[[-65.25125, 18.29847], [-65.24847, 18.29792], [-65.24875, 18.29625], [-65.25042, 18.29625], [-65.25181, 18.29736], [-65.25125, 18.29847]]]}}]}